﻿spo_list,count,compliance 
主营业务成本-日期-金额,69,0
主营业务收入-日期-金额,242,1
任职公司-人物-公司,3227,0
任职公司-人物-日期,1,0
任职日期-人物-日期,3128,0
会议召开日期-公司-日期,377,1
信用减值损失-日期-金额,21,0
公允价值变动损益-日期-金额,73,0
公司应收票据和应收款项融资合计-日期-金额,10,0
公司投资活动产生的现金流量净额-日期-金额,274,1
公司筹资活动产生的现金流量净额-日期-金额,249,1
公司经营活动产生的现金流量净额-日期-金额,224,1
关联方-公司-公司,1752,0
其他应付款-日期-金额,244,1
其他应付款余额-日期-金额,38,0
其他应收款余额-日期-金额,32,0
其他应收款净额-日期-金额,102,0
其他应收账款账面价值-日期-金额,103,0
其他成本-日期-金额,334,1
其他收入-日期-金额,331,1
其他收益-日期-金额,305,1
其他流动负债-日期-金额,9,0
其他流动负债余额-日期-金额,1,0
其他流动资产-日期-金额,69,0
其他流动资产余额-日期-金额,7,0
其他非流动负债-日期-金额,1,0
其他非流动负债的余额-日期-金额,1,0
其他非流动资产-日期-金额,46,0
净利润-日期-金额,610,0
净资产价值-日期-金额,3,0
净资产评估值-日期-金额,202,1
净资产账面价值-日期-金额,540,0
出具日期-报告-日期,1,0
出具日期-文件-日期,2278,0
出生日期-人物-日期,758,0
出资额评估值-日期-金额,41,0
利息保障倍数-比率-日期,47,0
发起人-公司-公司,34,0
变更日期-公司-日期,450,1
合同负债-日期-金额,3,0
固定资产-日期-金额,210,1
固定资产净额-日期-金额,14,0
固定资产账面价值-日期-金额,6,0
国籍-人物-国家,789,0
在产品余额-日期-金额,12,0
在建工程余额-日期-金额,34,0
在建工程净额-日期-金额,32,0
在建工程账面价值-日期-金额,145,0
坏账准备-日期-金额,235,1
大专-人物-学历,187,0
存货-日期-金额,210,1
存货余额-日期-金额,34,0
存货净值-日期-金额,9,0
存货周转率-比率-日期,146,0
存货账面价值-日期-金额,27,0
存货账面余额-日期-金额,11,0
存货跌价准备-日期-金额,76,0
存货跌价准备余额-日期-金额,1,0
存货跌价损失-日期-金额,2,0
应交税费-日期-金额,293,1
应交税费余额-日期-金额,22,0
应付利息-日期-金额,105,0
应付票据-日期-金额,142,0
应付职工薪酬-日期-金额,167,0
应付职工薪酬余额-日期-金额,43,0
应付账款-日期-金额,340,1
应付账款余额-日期-金额,58,0
应收合计-日期-金额,18,0
应收帐款净额-日期-金额,4,0
应收帐款坏账准备-日期-金额,12,0
应收帐款账面价值-日期-金额,20,0
应收票据-日期-金额,183,0
应收票据余额-日期-金额,11,0
应收票据账面价值-日期-金额,20,0
应收账款余额-日期-金额,278,1
应收账款净额-日期-金额,318,1
应收账款周转率-比率-日期,187,0
应收账款账面余额-日期-金额,7,0
总营业成本-日期-金额,52,0
总负债-日期-金额,191,0
总资产-日期-金额,571,0
息税折旧摊销前利润-日期-金额,92,0
成立日期-公司-日期,717,0
截止日期-报告-日期,198,0
投资收益-日期-金额,180,0
报告期期末-公司-日期,19,0
持有5%以上股份的主要股东-公司-公司,312,1
无形资产-日期-金额,252,1
无形资产余额-日期-金额,6,0
无形资产账面价值-日期-金额,10,0
期间费用-日期-金额,52,0
未分配利润-日期-金额,185,0
本科-人物-学历,277,1
每股净现金流量-日期-金额,16,0
每股净资产-日期-金额,42,0
每股经营活动产生的现金流量净额-日期-金额,38,0
毕业院校-人物-学校,223,1
毛利额-日期-金额,140,0
注册资本-日期-金额,1388,0
流动比率-比率-日期,216,1
流动负债-日期-金额,154,0
流动负债余额-日期-金额,8,0
流动资产-日期-金额,198,0
盈余公积-日期-金额,95,0
短期借款-日期-金额,241,1
短期借款余额-日期-金额,37,0
研发费用-日期-金额,156,0
研究生-人物-学历,187,0
税金及附加-日期-金额,31,0
管理费用-日期-金额,271,1
罚款-日期-金额,46,0
股东权益评估值-日期-金额,81,0
股本-日期-金额,261,1
营业利润-日期-金额,233,1
营业外支出-日期-金额,189,0
营业外收入-日期-金额,254,1
营业收入-日期-金额,772,0
设备销售收入-日期-金额,14,0
财务费用-日期-金额,197,0
货币资金-日期-金额,165,0
货币资金余额-日期-金额,166,0
资产减值损失-日期-金额,133,0
资产处置收益-日期-金额,7,0
资产负债率-比率-日期,170,0
资本公积-日期-金额,214,1
转让日期-公司-日期,319,1
递延所得税负债-日期-金额,37,0
递延所得税资产-日期-金额,170,0
递延所得税资产余额-日期-金额,4,0
速动比率-比率-日期,153,0
销售费用-日期-金额,198,0
销售返利-日期-金额,1,0
长期借款-日期-金额,175,0
长期借款余额-日期-金额,16,0
长期应付款-日期-金额,49,0
长期应收款-日期-金额,101,0
长期待摊费用-日期-金额,87,0
长期待摊费用的余额-日期-金额,3,0
长期股权投资账面价值-日期-金额,35,0
长期股权投资账面余额-日期-金额,19,0
非流动负债-日期-金额,83,0
非流动资产-日期-金额,129,0
非经常性损益-日期-金额,136,0
项目运营成本-日期-金额,15,0
项目运营收入-日期-金额,2,0
预付款项-日期-金额,259,1
预付款项余额-日期-金额,17,0
预付账款余额-日期-金额,21,0
预收款项-日期-金额,263,1
预收款项余额-日期-金额,14,0
预收账款余额-日期-金额,37,0
预计负债-日期-金额,17,0
