{"text": "根据武汉众环会计师事务所有限责任公司武众会（2004）010号《审计报告》，截止2003年12月31日，关联交易对公司财务状况和经营成果的影响为：", "spo_list": [{"predicate": "截止日期", "object_type": "日期", "subject_type": "报告", "object": "2003年12月31日", "subject": "《审计报告》", "subject_index": {"begin": 31, "end": 37}, "object_index": {"begin": 40, "end": 51}}]}
{"text": "目前，汉荆段高速公路在经营期限内的预测总车流量系根据北京交科公路勘察设计院出具的《湖北金路高速公路建设开发有限公司宜黄高速公路汉荆段交通研究报告》中关于汉荆段的车流量预测结果计算。根据该报告预测，汉荆段车流量2001-2010年间增长率为7.92%—6.33%，2010-2020年间增长率为6.09%—4.39%，2020-2030年间增长率为4.17%—2.75%。据此测算的高方案车流量模型，2000年12月-2030年11月30年期间全路段预测日标准车流量为656,694辆，总标准车流量为239,693,310辆；据此测算的低方案车流量模型，2000年12月-2030年11月30年期间全路段预测日标准车流量为477,286辆，总标准车流量为174,209,390辆。", "spo_list": []}
{"text": "截止2003年12月31日，本公司拥有总资产1,419,171,939.36元，其中流动资产227,874,563.22元、固定资产1,191,183,833.36元，分别占公司总资产的16.06%和83.94%。流动资产中98.61%为货币资金，公司现金优势突出；应收账款仅占流动资产的1.18%，系因湖北省境内高速公路实行联网收费，与联网收费管理委员会存在通行费结算时间差异形成；其他应收款295,991.30元，系公司部门备用金及根据财务制度对下属各收费管理所核定的结算备用金；应收账款和其他应收款账龄基本上在1年以内，发生坏账的可能性很小。本公司所拥有的固定资产主要为公司设立时发起人投入的汉荆段高速公路经营性资产，已取得相关权属证明和收费权许可；截止2003年12月31日，公路及构筑物净值为1,082,334,332.44元，占固定资产总值的90.86%。公司整体资产质量高，结构合理，盈利能力强，不存在重大不良资产。", "spo_list": [{"predicate": "流动资产", "object_type": "金额", "subject_type": "日期", "object": "227,874,563.22元", "subject": "2003年12月31日", "subject_index": {"begin": 2, "end": 13}, "object_index": {"begin": 46, "end": 61}}]}
{"text": "公司2002年度、2003年度经营活动产生的现金流量净额分别为207,175,726.41元、211,987,785.63元，每股经营活动产生的现金流量分别为0.32元、0.33元。经营活动产生的现金净流量充沛，能满足公司经营活动和支付债务的需要。", "spo_list": [{"predicate": "公司经营活动产生的现金流量净额", "object_type": "金额", "subject_type": "日期", "object": "207,175,726.41元", "subject": "2002年度", "subject_index": {"begin": 2, "end": 8}, "object_index": {"begin": 31, "end": 46}}, {"predicate": "公司经营活动产生的现金流量净额", "object_type": "金额", "subject_type": "日期", "object": "211,987,785.63元", "subject": "2003年度", "subject_index": {"begin": 9, "end": 15}, "object_index": {"begin": 47, "end": 62}}]}
{"text": "截至2003年12月31日，公司的净资产为1,184,096,929.25元，每股净资产为1.82元。本次发行完成及募股资金投资项目顺利实施后，资本公积金的增加以及募股资金投资项目的持续盈利都将促进本公司净资产和每股净资产的持续增加，从而进一步提高公司的经营规模，公司的市场竞争力将得到进一步增强", "spo_list": [{"predicate": "每股净资产", "object_type": "金额", "subject_type": "日期", "object": "1.82元", "subject": "2003年12月31日", "subject_index": {"begin": 2, "end": 13}, "object_index": {"begin": 45, "end": 50}}]}
{"text": "(2)2003年5月27日，本公司与中国工商银行武汉市江南支行签订32020025-2003年江南字第0042号借款合同，借款人民币3,000万元，年利率4.779%，借款期限为2003年5月27日-2004年5月26日，为信用借款。", "spo_list": [{"predicate": "长期借款", "object_type": "金额", "subject_type": "日期", "object": "3,000万元", "subject": "2003年5月27日-2004年5月26日", "subject_index": {"begin": 89, "end": 110}, "object_index": {"begin": 66, "end": 73}}]}
{"text": "2002年10月17日，本公司与集团公司签订了《关于修订〈管理用房租赁协议〉中部分条款的协议》，决定对《管理用房租赁协议》中的部分条款修改为：(1)租赁期限自2000年12月1日至2030年11月21日；(2)2000年12月1日至2002年12月31日，集团公司免收租金，2003年1月1日至2030年11月21日，上述管理用房的租赁费用为38万元/年；(3)在租赁期间，租赁物的修缮费用由本公司承担，租赁期满后，附着在租赁物上的新增设的不动产部分，归集团公司所有；(4)房产税、土地使用税和其他合理税费，在免费租赁期由本公司承担，在有偿租赁期由集团公司承担。", "spo_list": [{"predicate": "其他成本", "object_type": "金额", "subject_type": "日期", "object": "38万元/年", "subject": "2003年1月1日至2030年11月21日", "subject_index": {"begin": 137, "end": 158}, "object_index": {"begin": 171, "end": 177}}]}
{"text": "(1)本公司于2001年12月18日与中国建设银行武汉市省直支行签订鄂武省汉贷[2001]010号借款合同，借款人民币5931万元，借款期限为3年。集团公司与中国建设银行武汉市省直支行签订鄂建汉保[2001]001号保证合同，为此项借款提供了保证。公司现已提前归还此借款，集团公司的上述担保已解除。", "spo_list": [{"predicate": "长期借款", "object_type": "金额", "subject_type": "日期", "object": "5931万元", "subject": "2001年12月18日", "subject_index": {"begin": 7, "end": 18}, "object_index": {"begin": 59, "end": 65}}]}
{"text": "2001年度本公司通行费收入为223,593,664.89元，其中由集团公司代收41,802,217.00元；同时，本公司代集团公司收取的车辆行驶江宜段高速公路的通行费为31,081,852.11元；本公司与集团公司2001年度相互代收金额差额为10,720,364.89元（平均每月为893,363.74元），占本公司全年车辆通行费收入的4.79%", "spo_list": []}
{"text": "自2001年5月30日至2002年12月31日，本公司按0.1元/年平方米支付上述土地租金，其中2001年支付432,911.00元，2002年支付865,822.00元；根据财政部财会[2001]64号文件关于印发《关联方之间出售资产等有关会计处理问题暂行规定》的通知，本公司对上述实际支付数少于土地出让金按平均年限法测算的年均应摊销数差额部分计入资本公积。", "spo_list": []}
{"text": "本公司租赁的汉荆段沿线管理用房的原值为11,982,408.98元，按直线法（使用年限30年，残值率5%）确定的年折旧费用为379,442.95元。", "spo_list": []}
{"text": "自2003年1月1日起，上述管理用房的租赁费用为38万元/年。", "spo_list": []}
{"text": "由于本次收购为关联交易，2002年3月9日召开的第一届董事会第五次会议、2002年4月15日召开的2002年第一次临时股东大会在审议本次募股资金运用方案时，关联董事、关联股东按照《公司章程》的规定回避了表决。", "spo_list": []}
{"text": "截止2003年12月31日，公司流动资产为227,874,563.22元，占公司总资产的16.06%。其中：", "spo_list": [{"predicate": "流动资产", "object_type": "金额", "subject_type": "日期", "object": "227,874,563.22元", "subject": "2003年12月31日", "subject_index": {"begin": 2, "end": 13}, "object_index": {"begin": 21, "end": 36}}]}
{"text": "截止2003年12月31日，公司在建工程为6,357,168.60元，为预付购房款。截止2003年12月31日，公司在建工程不存在应提减值准备之情形。", "spo_list": [{"predicate": "在建工程账面价值", "object_type": "金额", "subject_type": "日期", "object": "6,357,168.60元", "subject": "2003年12月31日", "subject_index": {"begin": 2, "end": 13}, "object_index": {"begin": 21, "end": 34}}]}
{"text": "截止2003年12月31日，公司负债总额为235,075,010.11元，其中流动负债为139,075,010.11元，长期负债为96,000,000.00元。", "spo_list": [{"predicate": "流动负债", "object_type": "金额", "subject_type": "日期", "object": "139,075,010.11元", "subject": "2003年12月31日", "subject_index": {"begin": 2, "end": 13}, "object_index": {"begin": 44, "end": 59}}]}
{"text": "受湖北楚天高速公路股份有限公司(筹)委托，武汉众环会计师事务所有限责任公司对湖北楚天高速公路股份有限公司(筹)截至2000年11月15日止的实收资本及相关的资产和负债的真实性和合法性进行了审验，并出具了《验资报告》(武众会[2000]363号)。其主要内容为", "spo_list": [{"predicate": "截止日期", "object_type": "日期", "subject_type": "报告", "object": "2000年11月15日止", "subject": "《验资报告》(武众会[2000]363号)", "subject_index": {"begin": 101, "end": 122}, "object_index": {"begin": 57, "end": 69}}]}
{"text": "截止2003年12月31日，本公司负债总额为235,075,010.11元，资产负债率为16.56%。其中流动负债139,075,010.11元、长期负债96,000,000.00元，分别占负债总额的59.16%和40.84%。公司自有资金充足，资产负债结构与公司所处的行业特点相适应，适合公司的发展需要。公司没有已到期未偿还的债务", "spo_list": [{"predicate": "流动负债", "object_type": "金额", "subject_type": "日期", "object": "139,075,010.11元", "subject": "2003年12月31日", "subject_index": {"begin": 2, "end": 13}, "object_index": {"begin": 57, "end": 72}}]}
{"text": "截止2003年12月31日，本公司货币资金余额为224,703,659.84元，流动比率为1.64，速动比率为1.64，资产负债率为16.56%。公司资产负债率较低，融资能力强，同时公司经营活动产生的现金净流量充沛，为债务的清偿提供了保证，公司偿债风险较低。", "spo_list": [{"predicate": "速动比率", "object_type": "日期", "subject_type": "比率", "object": "2003年12月31日", "subject": "1.64", "subject_index": {"begin": 55, "end": 59}, "object_index": {"begin": 2, "end": 13}}]}
{"text": "(1)2003年7月17日，本公司与中国建设银行武汉市省直支行签订建武省汉贷[2003]007号借款合同，借款人民币5,931万元，年利率4.779%，借款期限为2003年7月17日-2004年7月17日，为信用借款。", "spo_list": [{"predicate": "短期借款", "object_type": "金额", "subject_type": "日期", "object": "5,931万元", "subject": "2003年7月17日", "subject_index": {"begin": 3, "end": 13}, "object_index": {"begin": 58, "end": 65}}]}
{"text": "2001年1月1日，本公司与湖北省高等级公路管理局签订《房屋租赁合同》。本公司租赁该局位于武汉市汉阳区龙阳大道9号共计1,453平方米的房屋作为办公用房；租赁期限为2001年1月1日至2002年12月31日；月租金为41,656.66元，租金每半年结算一次。2002年12月31日，经双方协商，该房屋租赁期已延长至2004年12月31日。", "spo_list": [{"predicate": "其他成本", "object_type": "金额", "subject_type": "日期", "object": "41,656.66元", "subject": "2001年1月1日", "subject_index": {"begin": 0, "end": 9}, "object_index": {"begin": 108, "end": 118}}]}
