{"text": "2002年11月12日，重庆市财政局签发《重庆市财政局关于中国四联仪器仪表集团有限公司转让重庆川仪总厂有限公司部份股权的批复》（渝财企一[2002]175号），确定公司截至2001年12月31日每元出资额对应的净资产为0.63元，批准四联集团依此价格将其所持川仪有限3,926万元出资额转让给经营管理者及骨干职工。", "spo_list": [{"predicate": "截止日期", "object_type": "日期", "subject_type": "报告", "object": "2001年12月31日", "subject": "《重庆市财政局关于中国四联仪器仪表集团有限公司转让重庆川仪总厂有限公司部份股权的批复》", "subject_index": {"begin": 20, "end": 63}, "object_index": {"begin": 86, "end": 97}}]}
{"text": "2004年8月18日，重庆市国资委签发《关于同意中国四联仪器仪表集团有限公司转让所持重庆川仪总厂有限公司部分股权的批复》（渝国资产[2004]113号），确认川仪有限截至2003年12月31日，公司净资产总额为32,027.80万元，总股本为26,176.88万元，每股净资产值为1.22元；同意四联集团将所持公司20%的股权以每股1.22元的标的价，通过重庆联合产权交易所以挂牌竞价的方式转让。四联集团据此依法通过重庆联合产权交易所发布挂牌转让公告，但截至公告期满一直未能征集到投资者。", "spo_list": [{"predicate": "截止日期", "object_type": "日期", "subject_type": "报告", "object": "2003年12月31日", "subject": "《关于同意中国四联仪器仪表集团有限公司转让所持重庆川仪总厂有限公司部分股权的批复》", "subject_index": {"begin": 19, "end": 60}, "object_index": {"begin": 85, "end": 96}}, {"predicate": "每股净资产", "object_type": "金额", "subject_type": "日期", "object": "1.22元", "subject": "2003年12月31日", "subject_index": {"begin": 85, "end": 96}, "object_index": {"begin": 140, "end": 145}}]}
{"text": "2008年12月1日，重庆市外经委出具了《重庆市外经贸委关于重庆川仪总厂有限公司整体变更设立为外商投资股份公司的批复》（渝外经贸发[2008]380号），同意川仪有限以截至2008年9月30日经审计的净资产494,870,572.97元按1：0.59611546152的比例折合股份29,500万股，每股面值为人民币1元，其余溢价部分199,870,572.97元作为资本公积，由全体股东按出资比例共享，将川仪有限整体变更为股份有限公司。股份公司成立后，川仪有限现有的资产、业务、债权、债务及人员由变更后的股份公司承继。", "spo_list": [{"predicate": "截止日期", "object_type": "日期", "subject_type": "报告", "object": "2008年9月30日", "subject": "《重庆市外经贸委关于重庆川仪总厂有限公司整体变更设立为外商投资股份公司的批复》", "subject_index": {"begin": 20, "end": 59}, "object_index": {"begin": 86, "end": 96}}]}
{"text": "根据公司与重庆渝富投资有限公司签订的《股权转让协议》，公司按照重庆勤业五联资产评估房地产土地估价有限公司渝勤业五联评报字[2011]第086号评估报告的评估结果，以1,500万元的价格将公司持有的川仪节能100%的股权转让给重庆渝富投资有限公司。该事项已经公司2011年10月12日第一届董事会临时会议决议通过，并获得重庆市国资委《关于同意川仪股份协议转让所持节能减排公司股权的批复》（渝国资[2011]794号）批准。截至2011年12月31日，公司已收到上述股权转让款，相关股权的过户手续已办理完毕。", "spo_list": [{"predicate": "截止日期", "object_type": "日期", "subject_type": "报告", "object": "2011年12月31日", "subject": "《关于同意川仪股份协议转让所持节能减排公司股权的批复》", "subject_index": {"begin": 165, "end": 192}, "object_index": {"begin": 212, "end": 223}}]}
{"text": "截至2013年12月31日，公司无形资产不存在可回收金额低于账面价值的情形，因此无需计提减值准备。无形资产中有账面净值9,607,971.76元用于为公司借款提供抵押。公司土地使用权情况详见“第六节业务与技术”之“四、主要固定资产与无形资产”之“（四）无形资产”之“4、本公司主要土地使用权”。截至2013年12月31日，公司土地使用权抵押情况如下：", "spo_list": [{"predicate": "无形资产", "object_type": "金额", "subject_type": "日期", "object": "9,607,971.76元", "subject": "2013年12月31日", "subject_index": {"begin": 2, "end": 13}, "object_index": {"begin": 59, "end": 72}}]}
{"text": "2011年12月31日盈余公积较2010年12月31日增加9,211,766.30元，主要原因是：根据公司章程计提10%法定盈余公积增加所致。", "spo_list": [{"predicate": "盈余公积", "object_type": "金额", "subject_type": "日期", "object": "9,211,766.30元", "subject": "2011年12月31日", "subject_index": {"begin": 0, "end": 11}, "object_index": {"begin": 29, "end": 42}}]}
{"text": "2012年12月31日盈余公积较2011年12月31日增加9,836,733.42元，主要原因是：根据公司章程计提10%法定盈余公积增加所致。", "spo_list": [{"predicate": "盈余公积", "object_type": "金额", "subject_type": "日期", "object": "9,836,733.42元", "subject": "2012年12月31日", "subject_index": {"begin": 0, "end": 11}, "object_index": {"begin": 29, "end": 42}}]}
{"text": "2013年12月31日盈余公积较2012年12月31日增加9,835,575.74元，主要原因是：根据公司章程计提10%法定盈余公积增加所致。", "spo_list": [{"predicate": "盈余公积", "object_type": "金额", "subject_type": "日期", "object": "9,835,575.74元", "subject": "2013年12月31日", "subject_index": {"begin": 0, "end": 11}, "object_index": {"begin": 29, "end": 42}}]}
{"text": "2011年12月31日未分配利润增加175,814,816.20元系2011年度利润转入所致。", "spo_list": [{"predicate": "未分配利润", "object_type": "金额", "subject_type": "日期", "object": "175,814,816.20元", "subject": "2011年12月31日", "subject_index": {"begin": 0, "end": 11}, "object_index": {"begin": 18, "end": 33}}]}
{"text": "2011年12月31日未分配利润减少53,461,766.30元系：（1）根据公司2011年4月29日召开的2010年度股东大会决议，公司以总股本295,000,000.00股为基数按0.15元/股（含税）分配已实现的累积可供分配的利润44,250,000.00元；", "spo_list": [{"predicate": "未分配利润", "object_type": "金额", "subject_type": "日期", "object": "53,461,766.30元", "subject": "2011年12月31日", "subject_index": {"begin": 0, "end": 11}, "object_index": {"begin": 18, "end": 32}}]}
{"text": "2012年度未分配利润增加127,703,665.60元系2012年度利润转入所致。", "spo_list": [{"predicate": "未分配利润", "object_type": "金额", "subject_type": "日期", "object": "127,703,665.60元", "subject": "2012年度", "subject_index": {"begin": 0, "end": 6}, "object_index": {"begin": 13, "end": 28}}]}
{"text": "2012年度未分配利润减少54,086,733.42元系：（1）根据公司2012年4月29日召开的2011年度股东大会决议，公司以总股本295,000,000.00股为基数按0.15元/股（含税）分配已实现的累积可供分配的利润44,250,000.00元；（2）根据公司章程按10%提取法定盈余公积9,836,733.42元。", "spo_list": [{"predicate": "未分配利润", "object_type": "金额", "subject_type": "日期", "object": "54,086,733.42元", "subject": "2012年度", "subject_index": {"begin": 0, "end": 6}, "object_index": {"begin": 13, "end": 27}}, {"predicate": "盈余公积", "object_type": "金额", "subject_type": "日期", "object": "9,836,733.42元", "subject": "2012年4月29日", "subject_index": {"begin": 36, "end": 46}, "object_index": {"begin": 149, "end": 162}}]}
{"text": "2013年未分配利润增加141,420,410.23元系2013年利润转入所致。", "spo_list": [{"predicate": "未分配利润", "object_type": "金额", "subject_type": "日期", "object": "141,420,410.23元", "subject": "2013年", "subject_index": {"begin": 0, "end": 5}, "object_index": {"begin": 12, "end": 27}}]}
{"text": "2013年未分配利润减少68,835,575.74元系：（1）根据公司2013年4月28日召开的2012年度股东大会决议，公司以总股本295,000,000.00股为基数按0.20元/股（含税）分配已实现的累积可供分配的利润59,000,000.00元；（2）根据公司章程按10%提取法定盈余公积9,835,575.74元。", "spo_list": [{"predicate": "未分配利润", "object_type": "金额", "subject_type": "日期", "object": "68,835,575.74元", "subject": "2013年", "subject_index": {"begin": 0, "end": 5}, "object_index": {"begin": 12, "end": 26}}, {"predicate": "盈余公积", "object_type": "金额", "subject_type": "日期", "object": "9,835,575.74元", "subject": "2013年4月28日", "subject_index": {"begin": 35, "end": 45}, "object_index": {"begin": 148, "end": 161}}]}
{"text": "2013年12月31日，公司存货较2012年12月31日增加7,953.97万元，主要系公司全资子公司四联进出口的库存商品增加所致。2012年12月31日，公司存货较2011年12月31日增加3,554.45万元，主要系2012年公司业务规模增长较快，为了保证正常供货，相应增加原材料储备所致。", "spo_list": [{"predicate": "存货", "object_type": "金额", "subject_type": "日期", "object": "7,953.97万元", "subject": "2013年12月31日", "subject_index": {"begin": 0, "end": 11}, "object_index": {"begin": 30, "end": 40}}, {"predicate": "存货", "object_type": "金额", "subject_type": "日期", "object": "3,554.45万元", "subject": "2012年12月31日", "subject_index": {"begin": 66, "end": 77}, "object_index": {"begin": 96, "end": 106}}]}
{"text": "2011年，非经常性损益对公司利润总额和净利润影响较大。2011-2013年，非经常性损益净额分别为5,945.94万元、1,108.61万元和1,320.03万元，占当期净利润的比例分别为32.42%、8.21%和8.95%。2011年，公司非经常性损益主要为处置土地使用权净损益5,404.19万元以及获得政府补助1,672.89万元；2012年、2013年公司非经常性损益主要为获得政府补助936.16万元、1,647.39万元。", "spo_list": [{"predicate": "非经常性损益", "object_type": "金额", "subject_type": "日期", "object": "5,945.94万元", "subject": "2011-2013年", "subject_index": {"begin": 28, "end": 38}, "object_index": {"begin": 50, "end": 60}}, {"predicate": "非经常性损益", "object_type": "金额", "subject_type": "日期", "object": "1,108.61万元", "subject": "2011-2013年", "subject_index": {"begin": 28, "end": 38}, "object_index": {"begin": 61, "end": 71}}, {"predicate": "非经常性损益", "object_type": "金额", "subject_type": "日期", "object": "1,320.03万元", "subject": "2011-2013年", "subject_index": {"begin": 28, "end": 38}, "object_index": {"begin": 72, "end": 82}}]}
{"text": "此外，2012、2013年投资收益对公司利润总额和净利润影响较大。2011-2013年，公司投资收益分别为1,591.21万元、3,364.00万元和5,865.41万元，占当期净利润的比例分别为8.68%、24.92%和39.75%。2012年，公司投资收益主要是按权益法核算的长期股权投资横河川仪收益2,700.47万元；2013年，公司投资收益主要是按权益法核算的长期股权投资横河川仪收益5,400.49万元。", "spo_list": [{"predicate": "投资收益", "object_type": "金额", "subject_type": "日期", "object": "1,591.21万元", "subject": "2011-2013年", "subject_index": {"begin": 33, "end": 43}, "object_index": {"begin": 53, "end": 63}}, {"predicate": "投资收益", "object_type": "金额", "subject_type": "日期", "object": "3,364.00万元", "subject": "2011-2013年", "subject_index": {"begin": 33, "end": 43}, "object_index": {"begin": 64, "end": 74}}, {"predicate": "投资收益", "object_type": "金额", "subject_type": "日期", "object": "5,865.41万元", "subject": "2011-2013年", "subject_index": {"begin": 33, "end": 43}, "object_index": {"begin": 75, "end": 85}}]}
{"text": "（4）公司来自参股子公司横河川仪的经常性投资收益增长较快。2011-2013年，公司来自横河川仪的投资收益分别为2,202.99万元、2,700.47万元和5,400.49万元。2013年，横河川仪的利润增幅较大，主要是受日元贬值、其采购成本降低的影响。", "spo_list": [{"predicate": "投资收益", "object_type": "金额", "subject_type": "日期", "object": "2,202.99万元", "subject": "2011-2013年", "subject_index": {"begin": 29, "end": 39}, "object_index": {"begin": 56, "end": 66}}, {"predicate": "投资收益", "object_type": "金额", "subject_type": "日期", "object": "2,700.47万元", "subject": "2011-2013年", "subject_index": {"begin": 29, "end": 39}, "object_index": {"begin": 67, "end": 77}}, {"predicate": "投资收益", "object_type": "金额", "subject_type": "日期", "object": "5,400.49万元", "subject": "2011-2013年", "subject_index": {"begin": 29, "end": 39}, "object_index": {"begin": 78, "end": 88}}]}
{"text": "2011-2013年，公司销售费用分别为28,305.99万元、30,672.41万元和32,751.47万元，公司销售费用较高，主要原因是：公司建立了完善的销售网络和专业高效的售后服务队伍，截至2013年12月31日，公司有62个营销及服务网点，营销人员1,423人，因此销售人员应付职工薪酬、业务招待费、办公费用和招投标费用等支出较大。同时，公司销售模式主要为面对客户的直接销售，在执行系统集成及总包项目过程中，需要现场验货、调试、投运以及项目完工后提供售后服务，以便于加强管理和保证客户服务质量，因此销售人员的差旅费也较大。", "spo_list": [{"predicate": "销售费用", "object_type": "金额", "subject_type": "日期", "object": "28,305.99万元", "subject": "2011-2013年", "subject_index": {"begin": 0, "end": 10}, "object_index": {"begin": 20, "end": 31}}, {"predicate": "销售费用", "object_type": "金额", "subject_type": "日期", "object": "30,672.41万元", "subject": "2011-2013年", "subject_index": {"begin": 0, "end": 10}, "object_index": {"begin": 32, "end": 43}}, {"predicate": "销售费用", "object_type": "金额", "subject_type": "日期", "object": "32,751.47万元", "subject": "2011-2013年", "subject_index": {"begin": 0, "end": 10}, "object_index": {"begin": 44, "end": 55}}]}
{"text": "2013年，公司公允价值变动损益为-1,052,262.02元，具体情况如下", "spo_list": [{"predicate": "公允价值变动损益", "object_type": "金额", "subject_type": "日期", "object": "-1,052,262.02元", "subject": "2013年", "subject_index": {"begin": 0, "end": 5}, "object_index": {"begin": 17, "end": 31}}]}
{"text": "2011年、2012年和2013年，发行人母公司报表中投资收益分别为2,420.10万元、11,785.94万元和12,903.29万元。具体情况如下", "spo_list": [{"predicate": "投资收益", "object_type": "金额", "subject_type": "日期", "object": "2,420.10万元", "subject": "2011年", "subject_index": {"begin": 0, "end": 5}, "object_index": {"begin": 34, "end": 44}}, {"predicate": "投资收益", "object_type": "金额", "subject_type": "日期", "object": "11,785.94万元", "subject": "2012年", "subject_index": {"begin": 6, "end": 11}, "object_index": {"begin": 45, "end": 56}}, {"predicate": "投资收益", "object_type": "金额", "subject_type": "日期", "object": "12,903.29万元", "subject": "2013年", "subject_index": {"begin": 12, "end": 17}, "object_index": {"begin": 57, "end": 68}}]}
{"text": "2011年，公司经营活动产生的现金流量净额为-8,899.36万元，主要原因是：", "spo_list": [{"predicate": "公司经营活动产生的现金流量净额", "object_type": "金额", "subject_type": "日期", "object": "-8,899.36万元", "subject": "2011年", "subject_index": {"begin": 0, "end": 5}, "object_index": {"begin": 22, "end": 33}}]}
{"text": "2、公司为了加大货款回笼，鼓励各分子公司加大了票据结算，公司2011年应收票据较2010年增加9,850.38万元，其中94.89%应收票据为银行承兑汇票，由于银行承兑汇票不属于经营性现金回笼，使得公司经营性现金流入进一步降低；", "spo_list": [{"predicate": "应收票据", "object_type": "金额", "subject_type": "日期", "object": "9,850.38万元", "subject": "2011年", "subject_index": {"begin": 30, "end": 35}, "object_index": {"begin": 47, "end": 57}}]}
{"text": "3、由于销售规模的扩大，公司进一步增加了存货储备，导致经营性现金流出增加，公司2011年存货较2010年增加2,826.62万元。2011年，公司现金及现金等价物净额较2010年有较大增长，说明公司现金存量及抗风险能力有较大幅度提升。", "spo_list": [{"predicate": "存货", "object_type": "金额", "subject_type": "日期", "object": "2,826.62万元", "subject": "2011年", "subject_index": {"begin": 39, "end": 44}, "object_index": {"begin": 54, "end": 64}}]}
{"text": "2012年，公司经营活动产生的现金流量净额为23,378.83万元，大幅超过当期净利润，主要原因是：（1）公司加强了合同的评审及客户信用等级评价工作，2012年销售回款情况良好，2012年实现营业收入324,775.02万元，销售回款（含收回以前年度欠款）、预收账款合计金额占营业收入比例为94.61%，现金及票据回收合计金额占含税销售收入的比例96.86%；（2）已销售产品耗用的部分材料采购未到约定的付款期，2012年未发生对应的现金流出。", "spo_list": [{"predicate": "公司经营活动产生的现金流量净额", "object_type": "金额", "subject_type": "日期", "object": "23,378.83万元", "subject": "2012年", "subject_index": {"begin": 0, "end": 5}, "object_index": {"begin": 22, "end": 33}}]}
{"text": "2012年，公司经营活动产生的现金流量净额比2011年高32,278.19万元，变化巨大，主要原因是：应收项目合计比2011年少增加31,998.26万元，其中，应收票据2012年比上年下降7,867.95万元，而2011年比上年增加9,850.38万元，合计影响现金流量差异17,718.33万元；应收账款2012年少增加11,295.4万元。两项合计影响两年现金流量差异29,013.73万元。", "spo_list": [{"predicate": "公司经营活动产生的现金流量净额", "object_type": "金额", "subject_type": "日期", "object": "32,278.19万元", "subject": "2012年", "subject_index": {"begin": 0, "end": 5}, "object_index": {"begin": 28, "end": 39}}, {"predicate": "应收票据", "object_type": "金额", "subject_type": "日期", "object": "7,867.95万元", "subject": "2012年", "subject_index": {"begin": 85, "end": 90}, "object_index": {"begin": 95, "end": 105}}]}
{"text": "2013年，公司经营活动产生的现金流量净额为-11,320.30万元，主要原因是：受到国家经济增速放缓的影响，公司部分客户项目建设周期拉长，支付进度变缓，公司应收账款较2012年12月31日增加25.21%。", "spo_list": [{"predicate": "公司经营活动产生的现金流量净额", "object_type": "金额", "subject_type": "日期", "object": "-11,320.30万元", "subject": "2013年", "subject_index": {"begin": 0, "end": 5}, "object_index": {"begin": 22, "end": 34}}]}
{"text": "2011年，公司投资活动产生的现金流量净额为-2,356.33万元，主要原因是：2011年，公司投资“蔡家仪器仪表基地项目”购买土地、以及购买固定资产等支出8,805.18万元，购买四联测控、四联进出口等公司少数股东股权和设立川仪特阀等投资支出3,018万元，尽管出售土地、固定资产等收到7,762.94万元，但两项比较使得公司2011年投资活动产生的现金流量净额为负。", "spo_list": [{"predicate": "公司投资活动产生的现金流量净额", "object_type": "金额", "subject_type": "日期", "object": "-2,356.33万元", "subject": "2011年", "subject_index": {"begin": 0, "end": 5}, "object_index": {"begin": 22, "end": 33}}]}
{"text": "2012年，公司投资活动产生的现金流量净额为-6,762.56万元，主要原因是公司进行生产布局调整及技改投资所致，其中：公司投资“蔡家仪器仪表基地项目”，支付4,533.87万元；投资“轨道交通电牵引系统本地化建设项目”等技改项目支付1,783.48万元。", "spo_list": [{"predicate": "公司投资活动产生的现金流量净额", "object_type": "金额", "subject_type": "日期", "object": "-6,762.56万元", "subject": "2012年", "subject_index": {"begin": 0, "end": 5}, "object_index": {"begin": 22, "end": 33}}]}
{"text": "2013年，公司投资活动产生的现金流量净额为-9,053.61万元，主要原因是：2013年，公司投资“蔡家仪器仪表基地项目”，支付7,856.97万元。", "spo_list": [{"predicate": "公司投资活动产生的现金流量净额", "object_type": "金额", "subject_type": "日期", "object": "-9,053.61万元", "subject": "2013年", "subject_index": {"begin": 0, "end": 5}, "object_index": {"begin": 22, "end": 33}}]}
{"text": "2014年1-3月，公司经营活动现金流量净额较上年同期增加7,984.95万元，主要系公司2014年1-3月提高票据支付比例，加大商业赊购比例，减少现金支付购买所致。", "spo_list": [{"predicate": "公司经营活动产生的现金流量净额", "object_type": "金额", "subject_type": "日期", "object": "7,984.95万元", "subject": "2014年1-3月", "subject_index": {"begin": 0, "end": 9}, "object_index": {"begin": 29, "end": 39}}]}
{"text": "2006年4月28日，合资各方签署《重庆川仪总厂有限公司合资合同》、《重庆川仪总厂有限公司增资扩股合同》以及《公司章程》。根据上述文件约定，由日本横河认购川仪有限人民币2,101.576万元出资额，双方协商本次增资认购价款为3,341.506万元人民币，按照2006年4月21日中国人民银行公布的日元兑换人民币的中间价即100日元兑人民币6.8194元折合49,000万日元，于获得政府批准并取得变更后营业执照后3个月内一次性缴足。", "spo_list": []}
{"text": "2010年6月4日，《重庆市外经贸委关于重庆川仪自动化股份有限公司股份转让的批复》（渝外经贸发[2010]166号）同意上述股权转让。", "spo_list": []}
{"text": "2011年12月29日，香港重庆国际有限公司向四联进出口增资3,850万元，增资价格为8.4元/每元出资额，参考“天兴评报字[2011]第497号”《资产评估报告书》。本次增资完成后，四联进出口的注册资本增至13,850万元。", "spo_list": []}
{"text": "1999年10月21日，重庆协心会计师事务所出具《验资报告》（协心会验[1999]151号）验证：截至1999年6月30日，重庆川仪总厂有限公司收到四联集团投入的净资产为261,768,781元，占注册资本的100%。", "spo_list": [{"predicate": "截止日期", "object_type": "日期", "subject_type": "报告", "object": "1999年6月30日", "subject": "《验资报告》（协心会验[1999]151号", "subject_index": {"begin": 24, "end": 45}, "object_index": {"begin": 51, "end": 61}}]}
{"text": "本公司由川仪有限整体变更为川仪股份，重庆天健于2008年12月2日出具了《验资报告》（重天健验[2008]45号）：截至2008年12月2日，股份公司（筹）已根据川仪有限母公司以2008年9月30日经审计账面净资产494,870,572.97元为基础，按1：0.59611546152的比例折合为股份公司股份29,500万元，整体变更前后各股东的持股比例不变。", "spo_list": [{"predicate": "截止日期", "object_type": "日期", "subject_type": "报告", "object": "2008年12月2日", "subject": "《验资报告》（重天健验[2008]45号", "subject_index": {"begin": 36, "end": 56}, "object_index": {"begin": 60, "end": 70}}]}
