{"text": "2009年8月14日，诸城正本有限责任会计师事务所出具诸正会师验字[2009]第169号《验资报告》对上述增资事项进行了审验。", "spo_list": []}
{"text": "2011年3月18日，山东大业股份有限公司召开创立大会，决定由诸城市大业金属制品有限责任公司整体变更发起设立山东大业股份有限公司，以大业有限截至2010年12月31日经审计的净资产110,382,535.20元按照1：0.88782161的比例折成98,000,000股。", "spo_list": []}
{"text": "根据国家税务总局于2010年5月30日颁布并施行的《国家税务总局关于进一步加强高收入者个人所得税征收管理的通知》（国税发[2010]54号），“加强企业转增注册资本和股本管理，对以未分配利润、盈余公积和除股票溢价发行外的其他资本公积转增注册资本和股本的，要按照‘利息、股息、红利所得’项目，依据现行政策规定计征个人所得税”。", "spo_list": []}
{"text": "2017年7月10日，潍坊海关出具《证明》确认，“山东大业股份有限公司在2015年11月17日因申报违规被罚款5,000元，近三年在我关无其他违法违规行为。”", "spo_list": [{"predicate": "罚款", "object_type": "金额", "subject_type": "日期", "object": "5,000元", "subject": "2015年11月17日", "subject_index": {"begin": 36, "end": 47}, "object_index": {"begin": 55, "end": 61}}]}
{"text": "报告期内，公司主要客户轮胎厂商一般采用票据方式结算货款。2014年末、2015年末、2016年末及2017年6月末，公司应收票据余额分别为13,695.50万元、11,804.70万元、13,272.68万元及17,047.42万元，占各期末流动资产比例分别为16.66%、13.42%、13.28%及13.48%，占各期末总资产的比例分别为9.58%、7.95%、8.02%及8.44%。", "spo_list": [{"predicate": "应收票据", "object_type": "金额", "subject_type": "日期", "object": "3,695.50万元", "subject": "2014年末", "subject_index": {"begin": 28, "end": 34}, "object_index": {"begin": 70, "end": 80}}, {"predicate": "应收票据", "object_type": "金额", "subject_type": "日期", "object": "11,804.70万元", "subject": "2015年末", "subject_index": {"begin": 35, "end": 41}, "object_index": {"begin": 81, "end": 92}}, {"predicate": "应收票据", "object_type": "金额", "subject_type": "日期", "object": "13,272.68万元", "subject": "2016年末", "subject_index": {"begin": 42, "end": 48}, "object_index": {"begin": 93, "end": 104}}]}
{"text": "公司应收票据中，银行承兑汇票占比最大，其次为商业承兑汇票。2014年末、2015年末、2016年末及2017年6月末，公司应收票据余额分别为13,695.50万元、11,804.70万元、13,272.68万元及17,047.42万元。报告期各期末公司应收票据余额波动较大，主要原因系公司将应收票据视同货币资金进行管理，公司会根据资金的周转情况进行贴现、背书或到期承兑。公司日常经营活动收到的货款中应收票据的占比较高，总金额较大，期末如有票据未及时贴现、背书或未到期就会导致应收票据期末余额波动较大", "spo_list": [{"predicate": "应收票据", "object_type": "金额", "subject_type": "日期", "object": "13,695.50万元", "subject": "2014年末", "subject_index": {"begin": 29, "end": 35}, "object_index": {"begin": 70, "end": 81}}, {"predicate": "应收票据", "object_type": "金额", "subject_type": "日期", "object": "11,804.70万元", "subject": "2015年末", "subject_index": {"begin": 36, "end": 42}, "object_index": {"begin": 82, "end": 93}}, {"predicate": "应收票据", "object_type": "金额", "subject_type": "日期", "object": "13,272.68万元", "subject": "2016年末", "subject_index": {"begin": 43, "end": 49}, "object_index": {"begin": 94, "end": 105}}, {"predicate": "应收票据", "object_type": "金额", "subject_type": "日期", "object": "17,047.42万元", "subject": "2017年6月末", "subject_index": {"begin": 50, "end": 58}, "object_index": {"begin": 106, "end": 117}}]}
{"text": "报告期内，公司预付账款主要系公司采购原材料的采购款，预付账款余额呈先升后降的趋势。2015年末预付账款账面价值较2014年末增加726.38万元，增长幅度为76.98%；2016年末预付账款账面价值较2015年末减少596.56万元，下降幅度为35.72%；2017年6月末预付账款账面价值较2016年末增加2,993.59万元，增长幅度为278.89%。", "spo_list": [{"predicate": "预付款项", "object_type": "金额", "subject_type": "日期", "object": "726.38万元", "subject": "2015年末", "subject_index": {"begin": 41, "end": 47}, "object_index": {"begin": 64, "end": 72}}, {"predicate": "预付款项", "object_type": "金额", "subject_type": "日期", "object": "596.56万元", "subject": "2016年末", "subject_index": {"begin": 85, "end": 91}, "object_index": {"begin": 108, "end": 116}}]}
{"text": "报告期各期末，公司的其他流动资产主要包括预缴企业所得税、待抵扣进项税等。2014年末、2015年末、2016年末及2017年6月末，其他流动资产账面价值分别为663.08万元、23.66万元、556.34万元及70.28万元，占当期末流动资产比例分别为0.81%、0.03%、0.56%及0.06%。", "spo_list": [{"predicate": "其他流动资产", "object_type": "金额", "subject_type": "日期", "object": "663.08万元", "subject": "2014年末", "subject_index": {"begin": 36, "end": 42}, "object_index": {"begin": 79, "end": 87}}, {"predicate": "其他流动资产", "object_type": "金额", "subject_type": "日期", "object": "23.66万元", "subject": "2015年末", "subject_index": {"begin": 43, "end": 49}, "object_index": {"begin": 88, "end": 95}}, {"predicate": "其他流动资产", "object_type": "金额", "subject_type": "日期", "object": "556.34万元", "subject": "2016年末", "subject_index": {"begin": 50, "end": 56}, "object_index": {"begin": 96, "end": 104}}, {"predicate": "其他流动资产", "object_type": "金额", "subject_type": "日期", "object": "70.28万元", "subject": "2017年6月末", "subject_index": {"begin": 57, "end": 65}, "object_index": {"begin": 105, "end": 112}}]}
{"text": "2015年末无形资产原值较2014年末增加1,622.15万元，主要系公司新取得了权证号为诸国用（2015）第16008号及诸国用（2015）第16011号的土地使用权，合计56,560平方米。2016年末无形资产原值较2015年末增加538.89万元，主要系公司于2016年上半年通过司法拍卖购置一宗诸城市辛兴工业园土地。", "spo_list": [{"predicate": "无形资产", "object_type": "金额", "subject_type": "日期", "object": "1,622.15万元", "subject": "2015年末", "subject_index": {"begin": 0, "end": 6}, "object_index": {"begin": 21, "end": 31}}, {"predicate": "无形资产", "object_type": "金额", "subject_type": "日期", "object": "538.89万元", "subject": "2016年末", "subject_index": {"begin": 97, "end": 103}, "object_index": {"begin": 118, "end": 126}}]}
{"text": "报告期内，公司递延所得税资产余额主要系资产减值准备形成的可抵扣暂时性差异，2014年末、2015年末、2016年末及2017年6月末，递延所得税资产余额分别为601.61万元、820.03万元、964.52万元及911.87万元。报告期各期末，公司递延所得税资产余额主要随坏账准备余额变动而呈先升后降趋势。", "spo_list": [{"predicate": "递延所得税资产", "object_type": "金额", "subject_type": "日期", "object": "601.61万元", "subject": "2014年末", "subject_index": {"begin": 37, "end": 43}, "object_index": {"begin": 79, "end": 87}}, {"predicate": "递延所得税资产", "object_type": "金额", "subject_type": "日期", "object": "820.03万元", "subject": "2015年末", "subject_index": {"begin": 44, "end": 50}, "object_index": {"begin": 88, "end": 96}}, {"predicate": "递延所得税资产", "object_type": "金额", "subject_type": "日期", "object": "964.52万元", "subject": "2016年末", "subject_index": {"begin": 51, "end": 57}, "object_index": {"begin": 97, "end": 105}}, {"predicate": "递延所得税资产", "object_type": "金额", "subject_type": "日期", "object": "911.87万元", "subject": "2017年6月末", "subject_index": {"begin": 58, "end": 66}, "object_index": {"begin": 106, "end": 114}}]}
{"text": "报告期内，公司的应付票据主要包括银行承兑汇票、商业承兑汇票及信用证。2014年末、2015年末、2016年末及2017年6月末，应付票据余额分别为18,205.11万元、18,704.00万元、28,026.20万元及42,734.16万元，占流动负债的比例分别为20.91%、23.33%、33.82%及38.52%，呈现逐年上涨的趋势。其中银行承兑汇票占比较大，报告期各期末平均占应付票据89.02%。", "spo_list": [{"predicate": "应付票据", "object_type": "金额", "subject_type": "日期", "object": "18,205.11万元", "subject": "2014年末", "subject_index": {"begin": 34, "end": 40}, "object_index": {"begin": 73, "end": 84}}, {"predicate": "应付票据", "object_type": "金额", "subject_type": "日期", "object": "18,704.00万元", "subject": "2015年末", "subject_index": {"begin": 41, "end": 47}, "object_index": {"begin": 85, "end": 96}}, {"predicate": "应付票据", "object_type": "金额", "subject_type": "日期", "object": "28,026.20万元", "subject": "2016年末", "subject_index": {"begin": 48, "end": 54}, "object_index": {"begin": 97, "end": 108}}, {"predicate": "应付票据", "object_type": "金额", "subject_type": "日期", "object": "42,734.16万元", "subject": "2017年6月末", "subject_index": {"begin": 55, "end": 63}, "object_index": {"begin": 109, "end": 120}}]}
{"text": "报告期内，公司的预收账款主要是预收订单金额较小的零散客户的货款。2014年末、2015年末、2016年末及2017年6月末，公司预收账款余额分别为531.10万元、342.62万元、642.50万元及569.21万元，各期末公司预收账款余额占流动负债的比例均较小。", "spo_list": [{"predicate": "预收款项", "object_type": "金额", "subject_type": "日期", "object": "531.10万元", "subject": "2014年末", "subject_index": {"begin": 32, "end": 38}, "object_index": {"begin": 73, "end": 81}}, {"predicate": "预收款项", "object_type": "金额", "subject_type": "日期", "object": "342.62万元", "subject": "2015年末", "subject_index": {"begin": 39, "end": 45}, "object_index": {"begin": 82, "end": 90}}, {"predicate": "预收款项", "object_type": "金额", "subject_type": "日期", "object": "642.50万元", "subject": "2016年末", "subject_index": {"begin": 46, "end": 52}, "object_index": {"begin": 91, "end": 99}}, {"predicate": "预收款项", "object_type": "金额", "subject_type": "日期", "object": "569.21万元", "subject": "2017年6月末", "subject_index": {"begin": 53, "end": 61}, "object_index": {"begin": 100, "end": 108}}]}
{"text": "报告期内，公司的预收账款主要是预收订单金额较小的零散客户的货款。2014年末、2015年末、2016年末及2017年6月末，公司预收账款余额分别为531.10万元、342.62万元、642.50万元及569.21万元，各期末公司预收账款余额占流动负债的比例均较小。", "spo_list": [{"predicate": "预收款项", "object_type": "金额", "subject_type": "日期", "object": "531.10万元", "subject": "2014年末", "subject_index": {"begin": 32, "end": 38}, "object_index": {"begin": 73, "end": 81}}, {"predicate": "预收款项", "object_type": "金额", "subject_type": "日期", "object": "342.62万元", "subject": "2015年末", "subject_index": {"begin": 39, "end": 45}, "object_index": {"begin": 82, "end": 90}}, {"predicate": "预收款项", "object_type": "金额", "subject_type": "日期", "object": "642.50万元", "subject": "2016年末", "subject_index": {"begin": 46, "end": 52}, "object_index": {"begin": 91, "end": 99}}, {"predicate": "预收款项", "object_type": "金额", "subject_type": "日期", "object": "569.21万元", "subject": "2017年6月末", "subject_index": {"begin": 53, "end": 61}, "object_index": {"begin": 100, "end": 108}}]}
{"text": "公司一年内到期的非流动负债主要系还款期限在一年以内的长期借款以及应付融资租赁款。2014年末、2015年末、2016年末及2017年6月末，一年内到期的非流动负债余额分别为2,940.00万元、3,850.00万元、8,338.00万元及10,960.00万元，占当期流动负债的比例分别为3.38%、4.80%、10.06%及9.88%。", "spo_list": [{"predicate": "非流动负债", "object_type": "金额", "subject_type": "日期", "object": "2,940.00万元", "subject": "2014年末", "subject_index": {"begin": 40, "end": 46}, "object_index": {"begin": 86, "end": 96}}, {"predicate": "非流动负债", "object_type": "金额", "subject_type": "日期", "object": "3,850.00万元", "subject": "2015年末", "subject_index": {"begin": 47, "end": 53}, "object_index": {"begin": 97, "end": 107}}, {"predicate": "非流动负债", "object_type": "金额", "subject_type": "日期", "object": "8,338.00万元", "subject": "2016年末", "subject_index": {"begin": 54, "end": 60}, "object_index": {"begin": 108, "end": 118}}, {"predicate": "非流动负债", "object_type": "金额", "subject_type": "日期", "object": "10,960.00万元", "subject": "2017年6月末", "subject_index": {"begin": 61, "end": 69}, "object_index": {"begin": 119, "end": 130}}]}
{"text": "报告期各期末，公司长期借款均为银行抵押借款和保证借款，2014年末、2015年末、2016年末及2017年6月末，公司长期借款分别为14,420.00万元、19,770.00万元、16,620.00万元及13,750.00万元。其中，公司长期借款主要为抵押借款，2014年末、2015年末、2016年末及2017年6月末，抵押借款占长期借款比重分别为100.00%、75.97%、74.43%及69.09%。", "spo_list": [{"predicate": "长期借款", "object_type": "金额", "subject_type": "日期", "object": "14,420.00万元", "subject": "2014年末", "subject_index": {"begin": 27, "end": 33}, "object_index": {"begin": 66, "end": 77}}, {"predicate": "长期借款", "object_type": "金额", "subject_type": "日期", "object": "19,770.00万元", "subject": "2015年末", "subject_index": {"begin": 34, "end": 40}, "object_index": {"begin": 78, "end": 89}}, {"predicate": "长期借款", "object_type": "金额", "subject_type": "日期", "object": "16,620.00万元", "subject": "2016年末", "subject_index": {"begin": 41, "end": 47}, "object_index": {"begin": 90, "end": 101}}, {"predicate": "长期借款", "object_type": "金额", "subject_type": "日期", "object": "13,750.00万元", "subject": "2017年6月末", "subject_index": {"begin": 48, "end": 56}, "object_index": {"begin": 102, "end": 113}}]}
{"text": "报告期内，随着发行人不断加大资本性投入，公司生产相关的非流动资产金额呈持续增加趋势。报告期各期末，公司生产相关的非流动资产原值总计分别为74,462.97万元、80,241.36万元、89,715.04万元及99,800.31万元，同比分别增长17.24%、7.76%、11.81%及11.24%。", "spo_list": []}
{"text": "2014年、2015年、2016年及2017年1-6月，公司主营业务毛利分别为20,298.31万元、24,298.66万元、33,101.68万元及16,150.67万元，主营业务毛利总体呈稳定增长趋势，2014年至2016年的年均复合增长率为27.70%。", "spo_list": []}
{"text": "2015年公司管理费用较2014年减少674.13万元，下降幅度为13.11%，主要系研发费用减少。2016年管理费用较2015年增加714.78万元，增加幅度为16.00%，主要系因为当年公司持续加大研究项目的投入，导致研发支出增加205.48万元，同时公司当期向员工分配的年终奖金较上年有所提高。2017年1-6月，公司管理费用较上年同期增加394.45万元，主要系公司为研发新产品及改良工艺流程而不断加大研发的投入，研发支出较上年同期增加454.91万元", "spo_list": [{"predicate": "管理费用", "object_type": "金额", "subject_type": "日期", "object": "674.13万元", "subject": "2015年", "subject_index": {"begin": 0, "end": 5}, "object_index": {"begin": 19, "end": 27}}, {"predicate": "管理费用", "object_type": "金额", "subject_type": "日期", "object": "714.78万元", "subject": "2016年", "subject_index": {"begin": 50, "end": 55}, "object_index": {"begin": 67, "end": 75}}, {"predicate": "研发费用", "object_type": "金额", "subject_type": "日期", "object": "205.48万元", "subject": "2016年", "subject_index": {"begin": 50, "end": 55}, "object_index": {"begin": 117, "end": 125}}, {"predicate": "管理费用", "object_type": "金额", "subject_type": "日期", "object": "394.45万元", "subject": "2017年1-6月", "subject_index": {"begin": 150, "end": 159}, "object_index": {"begin": 173, "end": 181}}]}
{"text": "2014年、2015年、2016年及2017年1-6月，公司筹资活动产生的现金流量净额分别为-2,356.21万元、-5,593.00万元、-6,218.27万元及3,236.72万元。2014年、2015年、2016年，公司利用经营活动产生的净现金流，逐步偿还金融机构的借款本金及利息，筹资活动产生的现金流量净额均为负数。2017年1-6月筹资活动产生的现金流量净额为正数，主要原因为：1、2016年年末短期借款及一年内到期的非流动负债之和较低，公司2017年上半年偿债压力减少，使得当期偿还债务支付的现金有所减少；2、在公司不断扩大原材料采购额的情况下，为应对支付原材料采购款及回收应收账款时间差形成的资金缺口，公司向金融机构借入更多资金。", "spo_list": [{"predicate": "公司筹资活动产生的现金流量净额", "object_type": "金额", "subject_type": "日期", "object": "-2,356.21万元", "subject": "2014年", "subject_index": {"begin": 0, "end": 5}, "object_index": {"begin": 46, "end": 57}}, {"predicate": "公司筹资活动产生的现金流量净额", "object_type": "金额", "subject_type": "日期", "object": "-5,593.00万元", "subject": "2015年", "subject_index": {"begin": 6, "end": 11}, "object_index": {"begin": 58, "end": 69}}, {"predicate": "公司筹资活动产生的现金流量净额", "object_type": "金额", "subject_type": "日期", "object": "-6,218.27万元", "subject": "2016年", "subject_index": {"begin": 12, "end": 17}, "object_index": {"begin": 70, "end": 81}}, {"predicate": "公司筹资活动产生的现金流量净额", "object_type": "金额", "subject_type": "日期", "object": "3,236.72万元", "subject": "2017年1-6月", "subject_index": {"begin": 18, "end": 27}, "object_index": {"begin": 82, "end": 92}}]}
{"text": "报告期内，公司经营资产规模不断增长，与此同时负债规模也维持在较高水平。2014年末、2015年末、2016年末及2017年6月末，公司负债总额分别为106,029.53万元、104,247.08万元、107,081.44万元及138,976.01万元，长短期贷款余额分别为58,625.00万元、60,030.00万元、46,174.00万元及50,350.65万元。2014年、2015年、2016年及2017年1-6月，公司利息支出分别为4,193.33万元、4,277.61万元、3,155.46万元及1,431.98万元。公司较高的负债水平增加了财务费用，降低了公司的盈利水平。", "spo_list": [{"predicate": "长期借款", "object_type": "金额", "subject_type": "日期", "object": "58,625.00万元", "subject": "2014年末", "subject_index": {"begin": 35, "end": 41}, "object_index": {"begin": 136, "end": 147}}, {"predicate": "长期借款", "object_type": "金额", "subject_type": "日期", "object": "60,030.00万元", "subject": "2015年末", "subject_index": {"begin": 42, "end": 48}, "object_index": {"begin": 148, "end": 159}}, {"predicate": "长期借款", "object_type": "金额", "subject_type": "日期", "object": "46,174.00万元", "subject": "2016年末", "subject_index": {"begin": 49, "end": 55}, "object_index": {"begin": 160, "end": 171}}, {"predicate": "长期借款", "object_type": "金额", "subject_type": "日期", "object": "50,350.65万元", "subject": "2017年6月末", "subject_index": {"begin": 56, "end": 64}, "object_index": {"begin": 172, "end": 183}}, {"predicate": "应付利息", "object_type": "金额", "subject_type": "日期", "object": "4,193.33万元", "subject": "2014年", "subject_index": {"begin": 184, "end": 189}, "object_index": {"begin": 221, "end": 231}}, {"predicate": "应付利息", "object_type": "金额", "subject_type": "日期", "object": "4,277.61万元", "subject": "2015年", "subject_index": {"begin": 190, "end": 195}, "object_index": {"begin": 232, "end": 242}}, {"predicate": "应付利息", "object_type": "金额", "subject_type": "日期", "object": "3,155.46万元", "subject": "2016年", "subject_index": {"begin": 196, "end": 201}, "object_index": {"begin": 243, "end": 253}}, {"predicate": "应付利息", "object_type": "金额", "subject_type": "日期", "object": "1,431.98万元", "subject": "2017年1-6月", "subject_index": {"begin": 202, "end": 211}, "object_index": {"begin": 254, "end": 264}}]}
{"text": "2014年、2015年、2016年及2017年1-6月，公司实现的归属于母公司所有者的净利润分别为4,477.34万元、7,255.25万元、14,300.19万元及6,874.93万元，经营活动产生的现金流量净额分别为8,221.45万元、13,685.98万元、16,851.17万元及1,974.97万元。报告期内，公司经营性现金流量状况逐步好转，有能力给予股东合理的回报。", "spo_list": [{"predicate": "公司经营活动产生的现金流量净额", "object_type": "金额", "subject_type": "日期", "object": "8,221.45万元", "subject": "2014年", "subject_index": {"begin": 0, "end": 5}, "object_index": {"begin": 110, "end": 120}}, {"predicate": "公司经营活动产生的现金流量净额", "object_type": "金额", "subject_type": "日期", "object": "13,685.98万元", "subject": "2015年", "subject_index": {"begin": 6, "end": 11}, "object_index": {"begin": 121, "end": 132}}, {"predicate": "公司经营活动产生的现金流量净额", "object_type": "金额", "subject_type": "日期", "object": "16,851.17万元", "subject": "2016年", "subject_index": {"begin": 12, "end": 17}, "object_index": {"begin": 133, "end": 144}}, {"predicate": "公司经营活动产生的现金流量净额", "object_type": "金额", "subject_type": "日期", "object": "1,974.97万元", "subject": "2017年1-6月", "subject_index": {"begin": 18, "end": 27}, "object_index": {"begin": 145, "end": 155}}]}
{"text": "2012年6月26日、6月27日，鞠淑梅与大业股份分别签署《有限公司股权转让协议书》及《股权转让协议之补充协议》，鞠淑梅将其持有的宝成贸易100%股权转让给大业股份，转让价格以宝成贸易截至2012年5月31日经青岛天和资产评估有限责任公司青天评报字[2012]第QDV1049号《评估报告书》评估确认的净资产值5,138,758.39元为定价依据，确定为5,138,758.39元。", "spo_list": [{"predicate": "净资产评估值", "object_type": "金额", "subject_type": "日期", "object": "5,138,758.39元", "subject": "2012年5月31日", "subject_index": {"begin": 94, "end": 104}, "object_index": {"begin": 155, "end": 168}}]}
{"text": "2015年10月26日，公司外销的部分胎圈钢丝发生退货，公司进出口业务代理商青岛明瑞国际货运代理有限公司代为办理报关时误以其他贸易方式申报进口工字轮和托盘两项货物（报关单号为425820151587569896）。工字轮和托盘为胎圈钢丝托载品，公司出口胎圈钢丝时会以暂时进出口贸易方式申报工字轮和托盘，客户回运工字轮和托盘时无需再缴税。经查，胎圈钢丝归入72173010税则号列，关税税率为8%，增值税率为17%，因此将胎圈钢丝误申报为工字轮和托盘致使发行人少缴税款5,100元。2015年11月17日，黄岛海关出具黄关缉违字（2015）0367号《中华人民共和国共和国黄岛海关行政处罚决定书》，责令公司补缴税款5,100元，并处罚金5,000元。同日，公司按规定全额补缴税款并缴纳罚款。", "spo_list": [{"predicate": "罚款", "object_type": "金额", "subject_type": "日期", "object": "5,000元", "subject": "2015年11月17日", "subject_index": {"begin": 240, "end": 251}, "object_index": {"begin": 317, "end": 323}}, {"predicate": "应交税费", "object_type": "金额", "subject_type": "日期", "object": "5,100元", "subject": "2015年10月26日", "subject_index": {"begin": 0, "end": 11}, "object_index": {"begin": 233, "end": 239}}, {"predicate": "应交税费", "object_type": "金额", "subject_type": "日期", "object": "5,100元", "subject": "2015年11月17日", "subject_index": {"begin": 240, "end": 251}, "object_index": {"begin": 306, "end": 312}}]}
{"text": "2014年末、2015年末、2016年末及2017年6月末，公司一年以上账龄的预付账款金额分别为23.28万元、12.85万元、0.83万元及0元，占当期预付账款比例分别为2.47%、0.77%、0.08%和0%，所占比例较低。一年以上账龄的预付账款主要为公司采购原辅材料及周转材料的预付款项，主要系公司未及时清算零星的预付账款尾差所致", "spo_list": [{"predicate": "预付款项", "object_type": "金额", "subject_type": "日期", "object": "23.28万元", "subject": "2014年末", "subject_index": {"begin": 0, "end": 6}, "object_index": {"begin": 48, "end": 55}}, {"predicate": "预付款项", "object_type": "金额", "subject_type": "日期", "object": "12.85万元", "subject": "2015年末", "subject_index": {"begin": 7, "end": 13}, "object_index": {"begin": 56, "end": 63}}, {"predicate": "预付款项", "object_type": "金额", "subject_type": "日期", "object": "0.83万元", "subject": "2016年末", "subject_index": {"begin": 14, "end": 20}, "object_index": {"begin": 64, "end": 70}}, {"predicate": "预付款项", "object_type": "金额", "subject_type": "日期", "object": "0元", "subject": "2017年6月末", "subject_index": {"begin": 21, "end": 29}, "object_index": {"begin": 71, "end": 73}}]}
{"text": "截至2017年6月30日，公司长期应付款账面金额为5,561.36万元，系应付远东国际租赁有限公司的融资租赁款。", "spo_list": [{"predicate": "长期应付款", "object_type": "金额", "subject_type": "日期", "object": "5,561.36万元", "subject": "2017年6月30日", "subject_index": {"begin": 2, "end": 12}, "object_index": {"begin": 25, "end": 35}}]}
{"text": "2014年末、2015年末、2016年末及2017年6月末，无形资产账面价值分别为5,623.52万元、7,104.60万元、7,465.72万元及7,494.20万元，占非流动资产的比重分别为9.26%、11.75%、11.38%及9.92%。", "spo_list": [{"predicate": "无形资产", "object_type": "金额", "subject_type": "日期", "object": "5,623.52万元", "subject": "2014年末", "subject_index": {"begin": 0, "end": 6}, "object_index": {"begin": 41, "end": 51}}, {"predicate": "无形资产", "object_type": "金额", "subject_type": "日期", "object": "7,104.60万元", "subject": "2015年末", "subject_index": {"begin": 7, "end": 13}, "object_index": {"begin": 52, "end": 62}}, {"predicate": "无形资产", "object_type": "金额", "subject_type": "日期", "object": "7,465.72万元", "subject": "2016年末", "subject_index": {"begin": 14, "end": 20}, "object_index": {"begin": 63, "end": 73}}, {"predicate": "无形资产", "object_type": "金额", "subject_type": "日期", "object": "7,494.20万元", "subject": "2017年6月末", "subject_index": {"begin": 21, "end": 29}, "object_index": {"begin": 74, "end": 84}}, {"predicate": "流动比率", "object_type": "日期", "subject_type": "比率", "object": "2014年末", "subject": "9.26%", "subject_index": {"begin": 97, "end": 102}, "object_index": {"begin": 0, "end": 6}}, {"predicate": "流动比率", "object_type": "日期", "subject_type": "比率", "object": "2015年末", "subject": "11.75%", "subject_index": {"begin": 103, "end": 109}, "object_index": {"begin": 7, "end": 13}}, {"predicate": "流动比率", "object_type": "日期", "subject_type": "比率", "object": "2016年末", "subject": "11.38%", "subject_index": {"begin": 110, "end": 116}, "object_index": {"begin": 14, "end": 20}}, {"predicate": "流动比率", "object_type": "日期", "subject_type": "比率", "object": "2017年6月末", "subject": "9.92%", "subject_index": {"begin": 117, "end": 122}, "object_index": {"begin": 21, "end": 29}}]}
{"text": "公司应付票据主要为六个月至一年周期的银行承兑汇票，主要用于支付原材料款。为控制银行借款等有偿负债的规模，降低财务费用，减缓资金支付压力，公司充分利用银行信用，对供应商尽量采用成本较低的银行承兑汇票方式结算。2014年至2016年，应付票据余额持续增长主要系公司采购原材料数量增加，以及逐渐增加采用较低财务成本的承兑汇票支付原材料货款所致。2017年6月末，随着原材料的采购单价上涨及采购量增加，公司当期主要原材料盘条采购额为48,980.98万元，对比上年同期32,194.31万元增加52.14%，同时支付给部分原材料供应商的承兑汇票周期由6个月延长至1年，使得当期期末应付票据余额较上年末增加14,707.96万元，涨幅52.48%。", "spo_list": [{"predicate": "应收票据", "object_type": "金额", "subject_type": "日期", "object": "14,707.96万元", "subject": "2017年6月末", "subject_index": {"begin": 169, "end": 177}, "object_index": {"begin": 298, "end": 309}}, {"predicate": "其他应付款", "object_type": "金额", "subject_type": "日期", "object": "48,980.98万元", "subject": "2017年6月末", "subject_index": {"begin": 169, "end": 177}, "object_index": {"begin": 212, "end": 223}}]}
{"text": "2014年末、2015年末、2016年末及2017年6月末，公司应交税费余额分别为1,037.75万元、1,306.28万元、434.91万元及866.94万元，2016年末应交税费余额较2015年末减少871.37万元，主要系公司2016年底原材料采购增加以致应交增值税减少所致。", "spo_list": [{"predicate": "应交税费", "object_type": "金额", "subject_type": "日期", "object": "1,037.75万元", "subject": "2014年末", "subject_index": {"begin": 0, "end": 6}, "object_index": {"begin": 41, "end": 51}}, {"predicate": "应交税费", "object_type": "金额", "subject_type": "日期", "object": "1,306.28万元", "subject": "2015年末", "subject_index": {"begin": 7, "end": 13}, "object_index": {"begin": 52, "end": 62}}, {"predicate": "应交税费", "object_type": "金额", "subject_type": "日期", "object": "434.91万元", "subject": "2016年末", "subject_index": {"begin": 14, "end": 20}, "object_index": {"begin": 63, "end": 71}}, {"predicate": "应交税费", "object_type": "金额", "subject_type": "日期", "object": "866.94万元", "subject": "2017年6月末", "subject_index": {"begin": 21, "end": 29}, "object_index": {"begin": 72, "end": 80}}]}
{"text": "2014年末、2015年末、2016年末及2017年6月末，公司递延收益余额分别为4,532.66万元、4,259.85万元、5,618.35万元及8,704.85万元。", "spo_list": [{"predicate": "其他收益", "object_type": "金额", "subject_type": "日期", "object": "4,532.66万元", "subject": "2014年末", "subject_index": {"begin": 0, "end": 6}, "object_index": {"begin": 41, "end": 51}}, {"predicate": "其他收益", "object_type": "金额", "subject_type": "日期", "object": "4,259.85万元", "subject": "2015年末", "subject_index": {"begin": 7, "end": 13}, "object_index": {"begin": 52, "end": 62}}, {"predicate": "其他收益", "object_type": "金额", "subject_type": "日期", "object": "5,618.35万元", "subject": "2016年末", "subject_index": {"begin": 14, "end": 20}, "object_index": {"begin": 63, "end": 73}}, {"predicate": "其他收益", "object_type": "金额", "subject_type": "日期", "object": "8,704.85万元", "subject": "2017年6月末", "subject_index": {"begin": 21, "end": 29}, "object_index": {"begin": 74, "end": 84}}]}
{"text": "公司管理费用主要为研发支出、职工薪酬、折旧及摊销等，2014年、2015年、2016年及2017年1-6月，公司管理费用分别为5,142.56万元、4,468.44万元、5,183.22万元及2,579.07万元。", "spo_list": [{"predicate": "管理费用", "object_type": "金额", "subject_type": "日期", "object": "5,142.56万元", "subject": "2014年", "subject_index": {"begin": 26, "end": 31}, "object_index": {"begin": 63, "end": 73}}, {"predicate": "管理费用", "object_type": "金额", "subject_type": "日期", "object": "4,468.44万元", "subject": "2015年", "subject_index": {"begin": 32, "end": 37}, "object_index": {"begin": 74, "end": 84}}, {"predicate": "管理费用", "object_type": "金额", "subject_type": "日期", "object": "5,183.22万元", "subject": "2016年", "subject_index": {"begin": 38, "end": 43}, "object_index": {"begin": 85, "end": 95}}, {"predicate": "管理费用", "object_type": "金额", "subject_type": "日期", "object": "2,579.07万元", "subject": "2017年1-6月", "subject_index": {"begin": 44, "end": 53}, "object_index": {"begin": 96, "end": 106}}]}
{"text": "2014年、2015年、2016年及2017年1-6月，公司投资活动产生的现金流量净额分别为-6,560.24万元、-7,187.03万元、-10,752.71万元及-4,789.41万元。报告期内，公司投资活动产生的现金流量净额持续为负的主要原因是报告期内公司在厂房建设、购置生产设备以扩充生产线上保持了较大规模的资金投入，以致公司报告期内均有较大规模的现金流出。", "spo_list": [{"predicate": "公司投资活动产生的现金流量净额", "object_type": "金额", "subject_type": "日期", "object": "-6,560.24万元", "subject": "2014年", "subject_index": {"begin": 0, "end": 5}, "object_index": {"begin": 46, "end": 57}}, {"predicate": "公司投资活动产生的现金流量净额", "object_type": "金额", "subject_type": "日期", "object": "-7,187.03万元", "subject": "2015年", "subject_index": {"begin": 6, "end": 11}, "object_index": {"begin": 58, "end": 69}}, {"predicate": "公司投资活动产生的现金流量净额", "object_type": "金额", "subject_type": "日期", "object": "-10,752.71万元", "subject": "2016年", "subject_index": {"begin": 12, "end": 17}, "object_index": {"begin": 70, "end": 82}}, {"predicate": "公司投资活动产生的现金流量净额", "object_type": "金额", "subject_type": "日期", "object": "-4,789.41万元", "subject": "2017年1-6月", "subject_index": {"begin": 18, "end": 27}, "object_index": {"begin": 83, "end": 94}}]}
{"text": "截至2017年6月30日，公司短期抵押借款余额为2,800.00万元，长期抵押借款（含一年内到期的长期抵押借款）余额为15,140.00万元，公司将账面原值为13,656.33万元的房屋建筑物和7,691.35万元的无形资产（土地使用权）抵押给贷款银行，如果公司不能按期偿还贷款，则可能存在已抵押的资产被银行强制执行的风险，并将对公司正常生产经营活动造成不利影响。截至2017年6月30日，公司已抵押房屋建筑物和土地使用权原值占资产总额的比例为10.57%，且2014年、2015年、2016年及2017年1-6月，公司经营活动产生的现金流量净额分别为8,221.45万元、13,685.98万元、16,851.17万元及1,974.97万元，因此公司将房屋建筑物和土地使用权作为贷款抵押物不会对公司财务状况、经营成果和持续经营能力产生重大不利影响。", "spo_list": [{"predicate": "公司经营活动产生的现金流量净额", "object_type": "金额", "subject_type": "日期", "object": "8,221.45万元", "subject": "2014年", "subject_index": {"begin": 230, "end": 235}, "object_index": {"begin": 276, "end": 286}}, {"predicate": "公司经营活动产生的现金流量净额", "object_type": "金额", "subject_type": "日期", "object": "13,685.98万元", "subject": "2015年", "subject_index": {"begin": 236, "end": 241}, "object_index": {"begin": 287, "end": 298}}, {"predicate": "公司经营活动产生的现金流量净额", "object_type": "金额", "subject_type": "日期", "object": "16,851.17万元", "subject": "2016年", "subject_index": {"begin": 242, "end": 247}, "object_index": {"begin": 299, "end": 310}}, {"predicate": "公司经营活动产生的现金流量净额", "object_type": "金额", "subject_type": "日期", "object": "1,974.97万元", "subject": "2017年1-6月", "subject_index": {"begin": 248, "end": 257}, "object_index": {"begin": 311, "end": 321}}]}
