{"text": "经审计，截止2002年8月31日，公司总资产540,747万元，其中流动资产312,355万元，长期投资3,954万元，固定资产224,438万元；总负债365,611万元，其中流动负债347,111万元，长期负债18,500万元；净资产175,136万元。", "spo_list": [{"predicate": "流动资产", "object_type": "金额", "subject_type": "日期", "object": "312,355万元", "subject": "2002年8月31日", "subject_index": {"begin": 6, "end": 16}, "object_index": {"begin": 38, "end": 47}}, {"predicate": "流动负债", "object_type": "金额", "subject_type": "日期", "object": "347,111万元", "subject": "2002年8月31日", "subject_index": {"begin": 6, "end": 16}, "object_index": {"begin": 93, "end": 102}}, {"predicate": "长期借款", "object_type": "金额", "subject_type": "日期", "object": "18,500万元", "subject": "2002年8月31日", "subject_index": {"begin": 6, "end": 16}, "object_index": {"begin": 107, "end": 115}}]}
{"text": "2005年12月31日，公司长期应付款期末余额119,005千元，全为计提尚未使用的煤矿安全基金，公司依据山西省晋财电（2004）320号文规定，并根据公司实际情况，从2004年4月1日起，按原煤产量每吨15元提取安全费用。2005年发生与煤矿安全基金有关的费用性支出82,279千元，形成固定资产支出74,406千元，合计156,685千元冲减了煤矿安全基金。", "spo_list": [{"predicate": "长期应付款", "object_type": "金额", "subject_type": "日期", "object": "119,005千元", "subject": "2005年12月31日", "subject_index": {"begin": 0, "end": 11}, "object_index": {"begin": 23, "end": 32}}]}
{"text": "2003年8月22日，公司与集团公司签订《房产租赁协议》，约定：公司向集团公司租赁总面积为25,911.52平方米的4处房产，具体包括：煤峪口矿办公楼一处；忻州窑矿办公楼一处；矿铁公司经销办公楼一处以及集团公司计算中心办公楼一处。公司每年支付总额为51.79万元的租金（含物业管理费）。租赁期限5年。", "spo_list": [{"predicate": "其他成本", "object_type": "金额", "subject_type": "日期", "object": "51.79万元", "subject": "2003年8月22日", "subject_index": {"begin": 0, "end": 10}, "object_index": {"begin": 124, "end": 131}}]}
{"text": "2003年8月22日，经2003年第一次临时股东大会批准，公司与同煤集团签订了《房产租赁协议》，租赁同煤集团的4座办公楼，用于日常办公使用。总建筑面积为25,893.52平方米。租赁费为20元/平方米/年，全年租赁费用51.79万元(含物业管理费)。租金定价是以市场租金价格(包含反映市场价位的物业管理费)为依据。租赁期从2003年1月1日开始，有效期5年。", "spo_list": [{"predicate": "其他成本", "object_type": "金额", "subject_type": "日期", "object": "51.79万元", "subject": "2003年8月22日", "subject_index": {"begin": 0, "end": 10}, "object_index": {"begin": 109, "end": 116}}]}
{"text": "截至2005年12月31日，应付帐款余额为44,011.90万元,其中账龄超过3年的应付帐款金额784.50万元。应付账款增加的主要原因是公司与供应商未结算款项增加及铁路分公司新增应付账款4,131,60万元。其中应付持公司5%及以上表决权股份股东单位的款项合计5,918.80万元，详见第七节“同业竞争与关联交易”之“三、关联交易”之“（三）关联方往来余额”。", "spo_list": [{"predicate": "应付账款", "object_type": "金额", "subject_type": "日期", "object": "44,011.90万元", "subject": "2005年12月31日", "subject_index": {"begin": 2, "end": 13}, "object_index": {"begin": 21, "end": 32}}]}
{"text": "截至2005年12月31日，公司其他应付款余额为39,021.20万元，其中大额其他应付款明细情况见下表(金额单位：千元)：", "spo_list": [{"predicate": "其他应付款", "object_type": "金额", "subject_type": "日期", "object": "39,021.20万元", "subject": "2005年12月31日", "subject_index": {"begin": 2, "end": 13}, "object_index": {"begin": 24, "end": 35}}]}
{"text": "截至2005年12月31日，公司长期应付款余额为11,900.50万元，全部为已计提但尚未使用的煤矿安全基金。公司依据山西省晋财电[2004]320号文规定，并根据公司实际情况，从2004年4月1日起，按原煤产量每吨15元提取安全费用。", "spo_list": [{"predicate": "长期应付款", "object_type": "金额", "subject_type": "日期", "object": "11,900.50万元", "subject": "2005年12月31日", "subject_index": {"begin": 2, "end": 13}, "object_index": {"begin": 24, "end": 35}}]}
{"text": "根据2006年5月23日股东大会决议,公司2005年末未分配利润余额为37,026.28万元，按各股东实际投资比例以现金方式向股东分配，分配2005年度股利后的股东权益为105,582.58万元。", "spo_list": [{"predicate": "未分配利润", "object_type": "金额", "subject_type": "日期", "object": "37,026.28万元", "subject": "2005年末", "subject_index": {"begin": 21, "end": 27}, "object_index": {"begin": 35, "end": 46}}]}
{"text": "截至2005年12月31日，公司应收帐款余额为17,489.20万元，计提坏帐准备8,369.10万元，净额为9,120.10万元，仅占流动资产的4.02%。而且公司2005年底应收款项余额17,489.20万元，2004年底为15,511.40万元,2003年底为19,309.90万元,基本处于稳定状态；而公司主营业务收入逐年递增，2003年度为202,724.90万元,2004年为248，723.23万元，2005年度为314,623.03万元,说明公司对应收帐款的管理是有效的。", "spo_list": [{"predicate": "坏账准备", "object_type": "金额", "subject_type": "日期", "object": "8,369.10万元", "subject": "2005年12月31日", "subject_index": {"begin": 2, "end": 13}, "object_index": {"begin": 41, "end": 51}}]}
{"text": "经发行人2002年第二次临时股东大会审议批准，发行人与集团公司于2002年12月20日签订《资产收购协议》，约定发行人向集团公司收购综采综掘设备。根据中和资产评估有限公司出具的《资产评估报告》和省财政厅晋财企[2002]151号《关于核准大同煤矿集团有限责任公司转让部分综采综掘设备资产评估项目的通知》，该等设备的评估价值为39,936万元，评估确认值为39,767.85万元。2002年12月31日，省财政厅以晋财企函[2002]15号《关于大同煤矿集团有限责任公司有偿转让资产的批复》同意上述综采综掘设备的转让。", "spo_list": [{"predicate": "净资产评估值", "object_type": "金额", "subject_type": "日期", "object": "39,936万元", "subject": "2002", "subject_index": {"begin": 105, "end": 109}, "object_index": {"begin": 162, "end": 170}}, {"predicate": "净资产账面价值", "object_type": "金额", "subject_type": "日期", "object": "39,767.85万元", "subject": "2002", "subject_index": {"begin": 105, "end": 109}, "object_index": {"begin": 177, "end": 188}}]}
{"text": "塔山煤矿及选煤厂工程是公司本次募集资金的主要投资项目，考虑到公开募集资金因审核原因可能无法很快到位，因此塔山项目已由同煤集团垫付资金于2003年开始动工建设。塔山公司成立前共发生工程建设支出53,110.00万元，同煤集团塔山工业园区建设指挥部（塔山指挥部）负责建设管理。根据公司与同煤集团、大唐国际于2004年6月29日签署的《发起人投资协议书》，同煤集团为塔山煤矿及选煤厂工程建设垫付的工程前期费用支出，在塔山公司成立后由塔山公司归还同煤集团。根据公司与塔山公司、塔山指挥部于2004年8月1日签署的《移交塔山煤矿及选煤厂工程的备忘录》，以2004年7月31日为基准日由塔山指挥部将在建的塔山煤矿及选煤厂工程移交塔山公司。", "spo_list": [{"predicate": "营业外支出", "object_type": "金额", "subject_type": "日期", "object": "53,110.00万元", "subject": "2003年", "subject_index": {"begin": 67, "end": 72}, "object_index": {"begin": 95, "end": 106}}]}
{"text": "截至2005年12月31日，公司总资产为476,221.32万元，其中流动资产226,597.27万元，占总资产的47.58%，固定资产238,626.23万元，占总资产的50.11%。公司期末没有发现固定资产减值情况，因此没有计提固定资产减值准备。", "spo_list": [{"predicate": "流动资产", "object_type": "金额", "subject_type": "日期", "object": "226,597.27万元", "subject": "2005年12月31日", "subject_index": {"begin": 2, "end": 13}, "object_index": {"begin": 39, "end": 51}}]}
{"text": "截至2005年12月31日，公司负债总额为314,699.15万元，资产负债率为55.39%(母公司报表口径)。合并报表显示，公司近年来资产负债率有所提高，原因是新建的塔山矿区存在较大的资金需求，但整体债务水平仍在合理范围内。公司流动负债为172,798.68万元，占负债总额的54.91%；长期负债为141,900.46万元，占负债总额的45.09%，负债结构较为合理。公司流动比率为1.31，处于较为合理的水平，公司财务结构较为稳健。", "spo_list": [{"predicate": "流动负债", "object_type": "金额", "subject_type": "日期", "object": "172,798.68万元", "subject": "2005年12月31日", "subject_index": {"begin": 2, "end": 13}, "object_index": {"begin": 120, "end": 132}}, {"predicate": "长期借款", "object_type": "金额", "subject_type": "日期", "object": "141,900.46万元", "subject": "2005年12月31日", "subject_index": {"begin": 2, "end": 13}, "object_index": {"begin": 151, "end": 163}}]}
