{"text": "本公司1999年、2000年和2001年末的其他应收款分别为206万元、272万元和265万元，在公司的总资产中所占比例较小。其他应收款中无持有本公司5%以上股份的主要股东的欠款，金额较大和期限较长的其他应收款主要是尚未结算的与本次发行有关的中介机构单位欠款。", "spo_list": [{"predicate": "其他应收款净额", "object_type": "金额", "subject_type": "日期", "object": "206万元", "subject": "1999年", "subject_index": {"begin": 3, "end": 8}, "object_index": {"begin": 30, "end": 35}}, {"predicate": "其他应收款净额", "object_type": "金额", "subject_type": "日期", "object": "272万元", "subject": "2000年", "subject_index": {"begin": 9, "end": 14}, "object_index": {"begin": 36, "end": 41}}, {"predicate": "其他应收款净额", "object_type": "金额", "subject_type": "日期", "object": "265万元", "subject": "2001年末", "subject_index": {"begin": 15, "end": 21}, "object_index": {"begin": 42, "end": 47}}]}
{"text": "2001年度公司现金及现金等价物净增加额-3，207，395.08元，其中经营活动产生的现金流量净额30，388，365.76元；投资活动产生的现金流量净额为-13，595，760.84元，投资活动的现金流出13，595，760.84元，主要用于购置土地和固定资产；筹资活动产生的现金流量净额-20，000，000.00元，全部为偿还银行借款。", "spo_list": [{"predicate": "公司经营活动产生的现金流量净额", "object_type": "金额", "subject_type": "日期", "object": "30，388，365.76元", "subject": "2001年度", "subject_index": {"begin": 0, "end": 6}, "object_index": {"begin": 50, "end": 64}}, {"predicate": "公司投资活动产生的现金流量净额", "object_type": "金额", "subject_type": "日期", "object": "-13，595，760.84元", "subject": "2001年度", "subject_index": {"begin": 0, "end": 6}, "object_index": {"begin": 79, "end": 94}}, {"predicate": "公司筹资活动产生的现金流量净额", "object_type": "金额", "subject_type": "日期", "object": "-20，000，000.00元", "subject": "2001年度", "subject_index": {"begin": 0, "end": 6}, "object_index": {"begin": 146, "end": 161}}]}
{"text": "报告期内，公司应收票据余额从2013年的312.66万元增加至2015年的1，300万元，增长较快，主要原因为2014年以来各商业银行推出电子银行承兑汇票业务，电子银行承兑汇票开具方便，又能有效降低资金支付压力。随着电子银行承兑汇票业务的推广普及，公司客户使用汇票支付的比例有所上升，导致期末应收票据大幅度增长。2016年6月末，公司应收票据余额回落至174.94万元。", "spo_list": [{"predicate": "应收票据", "object_type": "金额", "subject_type": "日期", "object": "312.66万元", "subject": "2013年", "subject_index": {"begin": 14, "end": 19}, "object_index": {"begin": 20, "end": 28}}, {"predicate": "应收票据", "object_type": "金额", "subject_type": "日期", "object": "174.94万元", "subject": "2016年6月末", "subject_index": {"begin": 156, "end": 164}, "object_index": {"begin": 176, "end": 184}}]}
{"text": "2015年应收账款增长幅度低于2014年，当年计提资产减值损失765.78万元，较2014年减少378.60万元", "spo_list": [{"predicate": "资产减值损失", "object_type": "金额", "subject_type": "日期", "object": "765.78万元", "subject": "2015年", "subject_index": {"begin": 0, "end": 5}, "object_index": {"begin": 31, "end": 39}}]}
{"text": "本公司管理费用主要包括职工薪酬、差旅费、办公费、房租及物管费、会议及招待费等。2016年1-6月、2015年、2014年和2013年管理费用分别为2，504.78万元、5，834.64万元、5，889.21万元和6，029.60万元，报告期内公司管理费用保持稳定。", "spo_list": [{"predicate": "管理费用", "object_type": "金额", "subject_type": "日期", "object": "2，504.78万元", "subject": "2016年1-6月", "subject_index": {"begin": 39, "end": 48}, "object_index": {"begin": 73, "end": 83}}, {"predicate": "管理费用", "object_type": "金额", "subject_type": "日期", "object": "5，834.64万元", "subject": "2015年", "subject_index": {"begin": 49, "end": 54}, "object_index": {"begin": 84, "end": 94}}, {"predicate": "管理费用", "object_type": "金额", "subject_type": "日期", "object": "5，889.21万元", "subject": "2014年", "subject_index": {"begin": 55, "end": 60}, "object_index": {"begin": 95, "end": 105}}, {"predicate": "管理费用", "object_type": "金额", "subject_type": "日期", "object": "6，029.60万元", "subject": "2013年", "subject_index": {"begin": 61, "end": 66}, "object_index": {"begin": 106, "end": 116}}]}
{"text": "2014年度筹资活动产生的现金流量净额为16，073.83万元，主要为当年收到股东新增投资。2015年筹资活动现金流量净额为-9，301.34万元，主要为归还银行借款所致。2016年1-6月筹资活动现金流量净额为-4，289.91万元，主要为归还银行借款及分配股利所致", "spo_list": [{"predicate": "公司筹资活动产生的现金流量净额", "object_type": "金额", "subject_type": "日期", "object": "16，073.83万元", "subject": "2014年度", "subject_index": {"begin": 0, "end": 6}, "object_index": {"begin": 20, "end": 31}}, {"predicate": "公司筹资活动产生的现金流量净额", "object_type": "金额", "subject_type": "日期", "object": "-9，301.34万元", "subject": "2015年", "subject_index": {"begin": 46, "end": 51}, "object_index": {"begin": 62, "end": 73}}, {"predicate": "公司筹资活动产生的现金流量净额", "object_type": "金额", "subject_type": "日期", "object": "-4，289.91万元", "subject": "2016年1-6月", "subject_index": {"begin": 86, "end": 95}, "object_index": {"begin": 106, "end": 117}}]}
{"text": "（1）本公司1999年、2000年和2001年末的固定资产原值分别为6865万元、8545万元和9181万元。截至2001年12月31日，固定资产净值为5135万元，在建工程为270万元。主要固定资产帐面价值、成新度等情况列示如下：", "spo_list": [{"predicate": "在建工程账面价值", "object_type": "金额", "subject_type": "日期", "object": "270万元", "subject": "2001年12月31日", "subject_index": {"begin": 57, "end": 68}, "object_index": {"begin": 88, "end": 93}}]}
{"text": "本公司1999年、2000年和2001年末的预付帐款分别为197万元、1459万元和1993万元，其中2001年末预付帐款占流动资产的30.03%，占总资产的16.29%，主要为购买大连圣亚海洋世界二期工程用地的款项，目前全部款项已付款，土地使用证正在办理过程中。预付帐款中无持有本公司5%以上股份的主要股东的欠款。", "spo_list": [{"predicate": "预付款项", "object_type": "金额", "subject_type": "日期", "object": "197万元", "subject": "1999年", "subject_index": {"begin": 3, "end": 8}, "object_index": {"begin": 29, "end": 34}}, {"predicate": "预付款项", "object_type": "金额", "subject_type": "日期", "object": "1459万元", "subject": "2000年", "subject_index": {"begin": 9, "end": 14}, "object_index": {"begin": 35, "end": 41}}, {"predicate": "预付款项", "object_type": "金额", "subject_type": "日期", "object": "1993万元", "subject": "2001年末", "subject_index": {"begin": 15, "end": 21}, "object_index": {"begin": 42, "end": 48}}]}
{"text": "本公司1999年、2000年和2001年末的其他应付款分别为583万元、624万元和159万元。2001年末，一年以内其他应付款余额为79.7万元，占其他应付款总额的50.06%；一年至二年的其他应付款余额为79.5万元，占49.94%；没有二年以上的其他应付款。其他应付款中有对本公司股东之一新西兰海底世界工程开发有限公司的46万元欠款，对本公司股东之一香港世隆国际有限公司的31万元欠款，均为利润再投资退税款。", "spo_list": [{"predicate": "其他应付款", "object_type": "金额", "subject_type": "日期", "object": "583万元", "subject": "1999年", "subject_index": {"begin": 3, "end": 8}, "object_index": {"begin": 30, "end": 35}}, {"predicate": "其他应付款", "object_type": "金额", "subject_type": "日期", "object": "624万元", "subject": "2000年", "subject_index": {"begin": 9, "end": 14}, "object_index": {"begin": 36, "end": 41}}, {"predicate": "其他应付款", "object_type": "金额", "subject_type": "日期", "object": "159万元。", "subject": "2001年", "subject_index": {"begin": 15, "end": 20}, "object_index": {"begin": 42, "end": 48}}, {"predicate": "其他应付款", "object_type": "金额", "subject_type": "日期", "object": "79.7万元", "subject": "2001年末", "subject_index": {"begin": 48, "end": 54}, "object_index": {"begin": 67, "end": 73}}]}
{"text": "报告期内，本公司的其他应付款主要包括应付的各种保证金及押金、往来款以及应付的其他款项。2016年6月末、2015年末、2014年末、2013年末，本公司的其他应付款余额分别为177.61万元、184.73万元、298.10万元、578.45万元。", "spo_list": [{"predicate": "其他应付款", "object_type": "金额", "subject_type": "日期", "object": "177.61万元", "subject": "2016年6月末", "subject_index": {"begin": 43, "end": 51}, "object_index": {"begin": 87, "end": 95}}, {"predicate": "其他应付款", "object_type": "金额", "subject_type": "日期", "object": "184.73万元", "subject": "2015年末", "subject_index": {"begin": 52, "end": 58}, "object_index": {"begin": 96, "end": 104}}, {"predicate": "其他应付款", "object_type": "金额", "subject_type": "日期", "object": "298.10万元", "subject": "2014年末", "subject_index": {"begin": 59, "end": 65}, "object_index": {"begin": 105, "end": 113}}, {"predicate": "其他应付款", "object_type": "金额", "subject_type": "日期", "object": "578.45万元", "subject": "2013年末", "subject_index": {"begin": 66, "end": 72}, "object_index": {"begin": 114, "end": 122}}]}
{"text": "2015年营业外支出47.08万元，主要为非流动资产处置损失和缴纳的地方基金。", "spo_list": [{"predicate": "营业外支出", "object_type": "金额", "subject_type": "日期", "object": "47.08万元", "subject": "2015年", "subject_index": {"begin": 0, "end": 5}, "object_index": {"begin": 10, "end": 17}}]}
{"text": "2013年营业外支出12.23万元，主要为捐赠支出和缴纳的地方基金。", "spo_list": [{"predicate": "营业外支出", "object_type": "金额", "subject_type": "日期", "object": "12.23万元", "subject": "2013年", "subject_index": {"begin": 0, "end": 5}, "object_index": {"begin": 10, "end": 17}}]}
{"text": "本公司的前身大连圣亚海洋世界有限公司于1995年3月24日与本公司三个股东辽阳石油化纤公司、辽宁省机械设备进出口公司和香港世隆国际有限公司签订《协议书》，分别向以上三家股东借款900万元、500万元和300万元，共计1700万元。并按银行同期存款利率10.98‰支付利息，偿还时间为每年的12月30日。公司于1995年4月9日分别与上述三家股东签订了《借款合同》，并于1998年12月31日还清全部本金。上述借款共需支付利息7，894，620元。公司于2001年3月份支付利息3，715，115.30元后，前述利息已全部还清。", "spo_list": []}
{"text": "2、1999年7月8日，大连正元会计师事务所受本公司委托，对股份公司截至1999年6月30日止的实收资本的真实性和合法性进行了审验，并出具了大正会师外验字（1999）11号验资报告。截至1999年6月30日止，大连圣亚海洋世界股份有限公司已收到其发起股东投入资本六千万元人民币（60，000，000.00元人民币）。与上述实收资本相关的资产总额为73，478，073.30元，负债总额为9，165，680.08元，未分配利润为4，312，393.22元。", "spo_list": [{"predicate": "未分配利润", "object_type": "金额", "subject_type": "日期", "object": "4，312，393.22元", "subject": "1999年7月8日", "subject_index": {"begin": 2, "end": 11}, "object_index": {"begin": 213, "end": 226}}]}
{"text": "本公司2001年度每股经营活动的现金流量是0.5065元。", "spo_list": [{"predicate": "每股净现金流量", "object_type": "金额", "subject_type": "日期", "object": "0.5065元", "subject": "2001年度", "subject_index": {"begin": 3, "end": 9}, "object_index": {"begin": 21, "end": 28}}]}
{"text": "2016年6月末、2015年末、2014年末、2013年末，本公司预收账款余额分别为67.80万元、0.00万元、0.00万元、1，358.89万元，主要是预收的设计费及房屋租金。", "spo_list": [{"predicate": "预收款项", "object_type": "金额", "subject_type": "日期", "object": "1，358.89万元", "subject": "2013年末", "subject_index": {"begin": 23, "end": 29}, "object_index": {"begin": 64, "end": 74}}, {"predicate": "预收款项", "object_type": "金额", "subject_type": "日期", "object": "0.00万元", "subject": "2014年末", "subject_index": {"begin": 16, "end": 22}, "object_index": {"begin": 57, "end": 63}}, {"predicate": "预收款项", "object_type": "金额", "subject_type": "日期", "object": "0.00万元", "subject": "2015年末", "subject_index": {"begin": 9, "end": 15}, "object_index": {"begin": 50, "end": 56}}, {"predicate": "预收款项", "object_type": "金额", "subject_type": "日期", "object": "67.80万元", "subject": "2016年6月末", "subject_index": {"begin": 0, "end": 8}, "object_index": {"begin": 42, "end": 49}}]}
{"text": "2016年1-6月营业外支出8.20万元，主要为缴纳的地方基金。", "spo_list": [{"predicate": "营业外支出", "object_type": "金额", "subject_type": "日期", "object": "8.20万元", "subject": "2016年1-6月", "subject_index": {"begin": 0, "end": 9}, "object_index": {"begin": 14, "end": 20}}]}
{"text": "2014年营业外支出118.88万元，主要为捐赠支出、缴纳的地方基金和非流动资产处置损失", "spo_list": [{"predicate": "营业外支出", "object_type": "金额", "subject_type": "日期", "object": "118.88万元", "subject": "2014年", "subject_index": {"begin": 0, "end": 5}, "object_index": {"begin": 10, "end": 18}}]}
