{"text": "1993年6月28日，温岭县三元机床厂向温岭县工商行政管理局递交了设立登记申请，设立时注册资金为100万元。经温岭县泽国镇乡镇企业管理服务站和中国工商银行浙江省温岭县支行泽国办事处验证，温岭县三元机床厂的资金数额为100万元，其中固定资产60万元、流动资金40万元。", "spo_list": [{"predicate": "流动资产", "object_type": "金额", "subject_type": "日期", "object": "40万元", "subject": "1993年6月28日", "subject_index": {"begin": 0, "end": 10}, "object_index": {"begin": 128, "end": 132}}]}
{"text": "1994年5月16日，三元机床厂向温岭市工商行政管理局递交了《申请变更登记注册书》，申请注册资金增加至300万元。经温岭市泽国镇乡镇企业管理服务站和温岭市审计师事务所验证，台州三元泵业公司的资金数额为300万元，其中固定资金200万元、流动资金100万元。本次变更后，具体出资情况如下", "spo_list": [{"predicate": "流动资产", "object_type": "金额", "subject_type": "日期", "object": "100万元", "subject": "1994年5月16日", "subject_index": {"begin": 0, "end": 10}, "object_index": {"begin": 122, "end": 127}}]}
{"text": "根据温岭市审计师事务所于1997年12月30日出具的“温审评（1997）94号”《资产评估报告书》，以1997年11月30日为评估基准日的台州大元的资产评估结果为资产总额为39,138,216.41元，扣除负债总额为6,955,255.01元，所有者权益为32,182,961.40元，其中实收资本3,000万元，资本公积2,024,344.19元，未分配利润158,617.21元。", "spo_list": [{"predicate": "未分配利润", "object_type": "金额", "subject_type": "日期", "object": "158,617.21元", "subject": "1997年11月30日", "subject_index": {"begin": 51, "end": 62}, "object_index": {"begin": 180, "end": 191}}]}
{"text": "2012年6月份，大元有限股东会作出决议，经自查1998年期初调整各项资产的价值相应调增实收资本1,170万元，其中固定资产调增8,958,104.66元，无形资产调增2,618,890.00元，存货调增121,666.22元，其他调增注册资本1,339.12元，1999年初建账时通过调增固定资产增加实收资本76.5万元、2000年初建账时通过调增固定资产增加实收资本3.5万元。鉴于上述调整的相关资产1,250万元已经处置完毕，无法追溯确认相关资产价值，公司各股东按持股比例以现金方式补足前述调整相关资产调增的实收资本合计1,250万元。", "spo_list": [{"predicate": "无形资产", "object_type": "金额", "subject_type": "日期", "object": "2,618,890.00元", "subject": "1998年", "subject_index": {"begin": 24, "end": 29}, "object_index": {"begin": 84, "end": 97}}]}
{"text": "1997年12月31日,温岭市审计事务所出具了“温审验[1997]1302号”《验资报告》对拟设立的台州大元泵业有限公司截至1997年11月30日止的实收资本及相关的资产和负债的真实性和合法性进行审验，报告指出，截至1997年11月30日，原台州大元泵业公司的评估的资本总额为32,182,961.40元，投入台州大元泵业有限公司，其中：实收资本3000万元，资本公积2,024,344.19元,未分配利润158,617.21元。", "spo_list": [{"predicate": "未分配利润", "object_type": "金额", "subject_type": "日期", "object": "158,617.21元", "subject": "1997年11月30日", "subject_index": {"begin": 108, "end": 119}, "object_index": {"begin": 203, "end": 214}}]}
{"text": "2016年12月31日，公司不存在需计提无形资产减值准备的情况。截至2016年12月31日用于抵押或担保的无形资产账面价值为24,260,571.38元。", "spo_list": [{"predicate": "无形资产", "object_type": "金额", "subject_type": "日期", "object": "24,260,571.38元", "subject": "2016年12月31日", "subject_index": {"begin": 34, "end": 45}, "object_index": {"begin": 62, "end": 76}}]}
{"text": "2015年6月16日，公司经股东会决议通过，以净资产折股整体变更为股份有限公司。本公司截至2014年12月31日的未分配利润45,824,398.35元全部计入资本公积—股本溢价。", "spo_list": [{"predicate": "未分配利润", "object_type": "金额", "subject_type": "日期", "object": "45,824,398.35元", "subject": "2014年12月31日", "subject_index": {"begin": 45, "end": 56}, "object_index": {"begin": 62, "end": 76}}]}
{"text": "1996年1月31日，台州大元泵业公司向温岭市工商行政管理局递交了《申请变更登记注册书》，申请增加注册资金至400万元。经温岭县泽国镇乡镇企业管理服务站和温岭市审计师事务所验证，台州大元泵业公司的资金数额为400万元，其中固定资金366万元、流动资金34万元，具体出资情况如下", "spo_list": [{"predicate": "流动资产", "object_type": "金额", "subject_type": "日期", "object": "34万元", "subject": "1996年1月31日", "subject_index": {"begin": 0, "end": 10}, "object_index": {"begin": 125, "end": 129}}]}
{"text": "1999年1月31日，大元有限通过盈余公积转增股本100万元。上述通过盈余公积转增股本涉及的个人所得税均已缴纳。", "spo_list": [{"predicate": "盈余公积", "object_type": "金额", "subject_type": "日期", "object": "100万元", "subject": "1999年1月31日", "subject_index": {"begin": 0, "end": 10}, "object_index": {"begin": 25, "end": 30}}]}
