{"text": "截至2013年11月30日，发行人净资产为7,455.96万元。淳中有限全体股东共同于2013年12月18日、2014年4月18日作出利润分红决议，同意向何仕达、张峻峰、黄秀瑜、余绵梓派发未分配利润共计4,750万元，该等利润分配方案已于2014年9月实施完毕。据此,经发行人与付国义协商，确定本次增资中，付国义以每1元认缴出资额1元的价格认购淳中有限60万元新增注册资本", "spo_list": [{"predicate": "未分配利润", "object_type": "金额", "subject_type": "日期", "object": "4,750万元", "subject": "2013年12月18日、2014年4月18日", "subject_index": {"begin": 43, "end": 65}, "object_index": {"begin": 101, "end": 108}}]}
{"text": "天津斯豪认购发行人333万元新增注册资本的价格为3.06元/股，系以发行人本次增资定价基准日的母公司审计净资产值为依据。截至2015年5月31日，发行人母公司财务报表口径净资产审计值为91,434,767.16元，每股净资产值为3.05元/股。", "spo_list": [{"predicate": "每股净资产", "object_type": "金额", "subject_type": "日期", "object": "3.05元", "subject": "2015年5月31日", "subject_index": {"begin": 62, "end": 72}, "object_index": {"begin": 114, "end": 119}}]}
{"text": "预收款项的产生主要是预收货款，公司预收款项均为1年以内。2014年预收账款较大是由于公司发出商品，客户尚未验收引起的。2015年预收账款较大是由于北京龙泽视通科技有限公司在2015年12月下订单并预付货款引起的。2017年6月30日预收账款较2016年年末较大，是由于报告期末收到客户预收款但尚未验收的金额增加，主要为新增客户北京航天长峰科技工业集团有限公司预收款项450.85万元", "spo_list": [{"predicate": "预收款项", "object_type": "金额", "subject_type": "日期", "object": "450.85万元", "subject": "2017年6月30日", "subject_index": {"begin": 106, "end": 116}, "object_index": {"begin": 183, "end": 191}}]}
{"text": "公司应交税费主要包括应交增值税和应交企业所得税。2015年末公司应交增值税较大主要原因是2015年12月北京龙泽视通科技有限公司预付公司账款，公司应客户要求在未发货的情况下开具增值税发票，造成该年度末应交增值税额较大。2017年6月30日，应交税费期末余额1,336.34万元，较2016年年末533.37万元增长150.55%，主要是因为报告期末应交所得税及应交增值税金额增加所致", "spo_list": [{"predicate": "应交税费", "object_type": "金额", "subject_type": "日期", "object": "1,336.34万元", "subject": "2017年6月30日", "subject_index": {"begin": 109, "end": 119}, "object_index": {"begin": 128, "end": 138}}]}
{"text": "视界恒通2014年长期借款金额1,440万元，2015年偿还完毕。该笔借款，相关的借款方、借款金额、利率、借款期限、担保方式列示如下：", "spo_list": [{"predicate": "长期借款", "object_type": "金额", "subject_type": "日期", "object": "1,440万元", "subject": "2014年", "subject_index": {"begin": 4, "end": 9}, "object_index": {"begin": 15, "end": 22}}]}
{"text": "公司2017年1-6月的营业外收入相较2016年1-6月下降93.91%，主要是同期收到的政府补助减少及由于政策调整将1,999,954.27元增值税即征即退返还由营业外收入计入其他收益。", "spo_list": [{"predicate": "营业外收入", "object_type": "金额", "subject_type": "日期", "object": "1,999,954.27元", "subject": "2017年1-6月", "subject_index": {"begin": 2, "end": 11}, "object_index": {"begin": 59, "end": 72}}]}
{"text": "2015年度，因股份支付事项确认管理费用2,226.10万元，导致2015年度管理费用率高于其他年度。剔除该因素影响，发行人2014年度至2017年上半年，管理费用率分别为14.74%、18.01%、17.09%、17.72%，各期间基本保持稳定", "spo_list": [{"predicate": "管理费用", "object_type": "金额", "subject_type": "日期", "object": "2,226.10万元", "subject": "2015年度", "subject_index": {"begin": 0, "end": 6}, "object_index": {"begin": 20, "end": 30}}]}
