{"text": "2002年以来公司加大主营业务投入力度，短期投资大幅收缩，至2003年6月30日，短期投资帐面价值已经降为零，相应的短期投资收益也大幅降低，2001、2002、2003年，短期投资收益分别为911.7万元、-21.69万元、19.7万元，分别占同期利润总额的22.7%、-0.59%、0.54%，短期投资收益占利润总额的比重近年大幅下降，最近两年已降到1%以内；", "spo_list": [{"predicate": "投资收益", "object_type": "金额", "subject_type": "日期", "object": "911.7万元", "subject": "2001", "subject_index": {"begin": 70, "end": 74}, "object_index": {"begin": 95, "end": 102}}, {"predicate": "投资收益", "object_type": "金额", "subject_type": "日期", "object": "-21.69万元", "subject": "2002", "subject_index": {"begin": 75, "end": 79}, "object_index": {"begin": 103, "end": 111}}, {"predicate": "投资收益", "object_type": "金额", "subject_type": "日期", "object": "19.7万元", "subject": "2003年", "subject_index": {"begin": 80, "end": 85}, "object_index": {"begin": 112, "end": 118}}]}
{"text": "2002年、2001年补贴收入分别为18,165.42元、22,335.00元，分别系南平市财政局拨付的2001年、2000年出口贴息资金。公司已收到补贴款，符合《企业会计制度》中规定的补贴收入核算内容“国家财政扶持的领域而给予的补贴”，故将该财政补贴作为补贴收入核算；", "spo_list": [{"predicate": "其他收益", "object_type": "金额", "subject_type": "日期", "object": "18,165.42元", "subject": "2002年", "subject_index": {"begin": 0, "end": 5}, "object_index": {"begin": 18, "end": 28}}, {"predicate": "其他收益", "object_type": "金额", "subject_type": "日期", "object": "22,335.00元", "subject": "2001年", "subject_index": {"begin": 6, "end": 11}, "object_index": {"begin": 29, "end": 39}}]}
{"text": "2003年10月福州市中级人民法院裁定原判决书执行程序终结。公司已对该应收款项按谨慎性原则计提100%坏账准备，共计5,521,342.31元。根据2003年11月30日第四届董事会第二次临时董事会决议，将该笔欠款作为坏帐予以核销；", "spo_list": [{"predicate": "坏账准备", "object_type": "金额", "subject_type": "日期", "object": "5,521,342.31元", "subject": "2003年10月", "subject_index": {"begin": 0, "end": 8}, "object_index": {"begin": 58, "end": 71}}]}
{"text": "公司2002年12月31日存货跌价准备为2,087,668.50元，2003年计提159,082.37元，2003年底存货跌价准备为2,246,750.87元。计提原因系部分产成品成本低于市场价。", "spo_list": [{"predicate": "存货跌价准备", "object_type": "金额", "subject_type": "日期", "object": "2,087,668.50元", "subject": "2002年12月31日", "subject_index": {"begin": 2, "end": 13}, "object_index": {"begin": 20, "end": 33}}]}
{"text": "2003年12月31日一年以上的预收账款余额有773,847.40元，主要原因是已收货款尚未结算及尾款。", "spo_list": [{"predicate": "预收款项", "object_type": "金额", "subject_type": "日期", "object": "773,847.40元", "subject": "2003年12月31日", "subject_index": {"begin": 0, "end": 11}, "object_index": {"begin": 23, "end": 34}}]}
{"text": "2003年12月31日，已诉讼未执行的应收账款有377.3万元", "spo_list": [{"predicate": "长期应收款", "object_type": "金额", "subject_type": "日期", "object": "377.3万元", "subject": "2003年12月31日", "subject_index": {"begin": 0, "end": 11}, "object_index": {"begin": 24, "end": 31}}]}
{"text": "2003年12月31日，已诉讼未执行的应收账款有377.3万元，以上应收账款系应收货款，由于对方无法归还欠款，公司已起诉并胜诉，但仍未收回欠款。公司已按帐龄计提坏账准备1,004,511.10元。若无法收回欠款，将影响公司利润总额2,768,530.14元。", "spo_list": [{"predicate": "应收账款净额", "object_type": "金额", "subject_type": "日期", "object": "377.3万元", "subject": "2003年12月31日", "subject_index": {"begin": 0, "end": 11}, "object_index": {"begin": 24, "end": 31}}]}
{"text": "2003年公司已按帐龄计提坏账准备6,702.96元。若无法收回欠款，将影响公司利润总额216,729.04元。", "spo_list": [{"predicate": "坏账准备", "object_type": "金额", "subject_type": "日期", "object": "6,702.96元", "subject": "2003年", "subject_index": {"begin": 0, "end": 5}, "object_index": {"begin": 17, "end": 26}}]}
{"text": "公司2003年流动比率为1.09，申达股份、华茂股份、常山股份、华润锦华的流动比率分别为1.48、0.75、1.41、0.71；公司2003年速动比率为0.58，申达股份、华茂股份、常山股份、华润锦华的速动比率分别为1.31、0.52、0.74、0.38，公司流动比率和速动比率均高于华茂股份、华润锦华，低于申达股份、常山股份。与同行业已上市公司相比处于中等正常水平，本公司流动负债和流动资产大致相同，其原因是：①本公司在机织革基布领域处于领导地位，经营时间长，实力强，信用度较高，公司在材料采购过程中较多采用银行承兑汇票与赊购办法，2002年末“应付票据”与“应付帐款”两项合计数为11,369.7万元，占同期流动资产的45.3%；②近年来我国货币市场利率趋低，公司存在一定量的短期借款，2003年末“短期借款”为6,750万元，占同期流动资产的27%。上述两个原因造成流动负债金额较大，与流动资产相当，公司流动比率、速动比率处于行业中游", "spo_list": [{"predicate": "速动比率", "object_type": "日期", "subject_type": "比率", "object": "2003年", "subject": "0.58", "subject_index": {"begin": 76, "end": 80}, "object_index": {"begin": 66, "end": 71}}, {"predicate": "速动比率", "object_type": "日期", "subject_type": "比率", "object": "2003年", "subject": "1.31", "subject_index": {"begin": 108, "end": 112}, "object_index": {"begin": 66, "end": 71}}, {"predicate": "速动比率", "object_type": "日期", "subject_type": "比率", "object": "2003年", "subject": "0.52", "subject_index": {"begin": 113, "end": 117}, "object_index": {"begin": 66, "end": 71}}, {"predicate": "速动比率", "object_type": "日期", "subject_type": "比率", "object": "2003年", "subject": "0.74", "subject_index": {"begin": 118, "end": 122}, "object_index": {"begin": 66, "end": 71}}, {"predicate": "速动比率", "object_type": "日期", "subject_type": "比率", "object": "2003年", "subject": "0.38", "subject_index": {"begin": 123, "end": 127}, "object_index": {"begin": 66, "end": 71}}]}
{"text": "公司2003年每股经营活动产生的现金流量为0.43元，申达股份、华茂股份、常山股份、华润锦华的每股经营活动产生的现金流量分别为0.64、-0.079、0.10、0.51，公司的每股经营活动净现金流量在同行业中处于较好水平。", "spo_list": [{"predicate": "每股经营活动产生的现金流量净额", "object_type": "金额", "subject_type": "日期", "object": "0.43元", "subject": "2003年", "subject_index": {"begin": 2, "end": 7}, "object_index": {"begin": 21, "end": 26}}, {"predicate": "每股经营活动产生的现金流量净额", "object_type": "金额", "subject_type": "日期", "object": "0.64", "subject": "2003年", "subject_index": {"begin": 2, "end": 7}, "object_index": {"begin": 63, "end": 67}}, {"predicate": "每股经营活动产生的现金流量净额", "object_type": "金额", "subject_type": "日期", "object": "-0.079", "subject": "2003年", "subject_index": {"begin": 2, "end": 7}, "object_index": {"begin": 68, "end": 74}}, {"predicate": "每股经营活动产生的现金流量净额", "object_type": "金额", "subject_type": "日期", "object": "0.10", "subject": "2003年", "subject_index": {"begin": 2, "end": 7}, "object_index": {"begin": 75, "end": 79}}, {"predicate": "每股经营活动产生的现金流量净额", "object_type": "金额", "subject_type": "日期", "object": "0.51", "subject": "2003年", "subject_index": {"begin": 2, "end": 7}, "object_index": {"begin": 80, "end": 84}}]}
{"text": "2001年度由于此项会计估计的变更，多计提坏帐准备4,282,281.81元，相应减少当年度利润总额4,282,281.81元。", "spo_list": []}
{"text": "2001年为改善职工住房条件，南纺社区采取集资方式兴建职工集资房，2000年年末由本公司垫付的建造职工住房的工程款余额为1,052,927.96元，根据国家和省、市公有住房制度改革政策，公司陆续收回垫付的工程款，至2001年末，垫付款已结清。", "spo_list": [{"predicate": "在建工程净额", "object_type": "金额", "subject_type": "日期", "object": "1,052,927.96元", "subject": "2000年", "subject_index": {"begin": 33, "end": 38}, "object_index": {"begin": 60, "end": 73}}]}
{"text": "报告期内公司所得税已全部缴纳，并由南平市税务局出具了2001年度、2002年度、2003年度的所得税完税证明。在由福建省国、地税局计财处统计、发表于2003年第七期《福建税务》杂志第4页《2002年福建省纳税百强排行榜》中，福建南纺2002年度缴税共计4,239万元（各种税总计），排列全省第58名。", "spo_list": []}
{"text": "2002年12月31日，短期投资成本845,741.00元、跌价准备217,537.00元，帐面价值628,204.00元，", "spo_list": [{"predicate": "投资收益", "object_type": "金额", "subject_type": "日期", "object": "845,741.00元", "subject": "2002年12月31日", "subject_index": {"begin": 0, "end": 11}, "object_index": {"begin": 18, "end": 29}}, {"predicate": "存货跌价准备", "object_type": "金额", "subject_type": "日期", "object": "217,537.00元", "subject": "2002年12月31日", "subject_index": {"begin": 0, "end": 11}, "object_index": {"begin": 34, "end": 45}}, {"predicate": "净资产账面价值", "object_type": "金额", "subject_type": "日期", "object": "628,204.00元", "subject": "2002年12月31日", "subject_index": {"begin": 0, "end": 11}, "object_index": {"begin": 50, "end": 61}}]}
{"text": "根据稳健性原则，公司从2003年起加大1年以内（含1年）的应收款项的计提比例，提取比例从原来的1%提高到3%，由于此项会计估计的变更，2003年多提坏账准备777,520.64元，相应减少2003年利润总额777,520.64元。", "spo_list": [{"predicate": "坏账准备", "object_type": "金额", "subject_type": "日期", "object": "777,520.64元", "subject": "2003年", "subject_index": {"begin": 67, "end": 72}, "object_index": {"begin": 78, "end": 89}}, {"predicate": "营业利润", "object_type": "金额", "subject_type": "日期", "object": "777,520.64元", "subject": "2003年", "subject_index": {"begin": 67, "end": 72}, "object_index": {"begin": 103, "end": 114}}]}
{"text": "公司2003年度“支付的其他与经营活动有关的现金”21,011,703.20元，主要为支付营业费用6,224,449.28元，其中运费4,867,480.18元，装卸费750,878.39元；支付管理费用8,315,119.94元，其中付工会经费2,609,733.50元，财产保险1,018,112.89元，差旅费820,940.73元，综合服务费1,150,000.00元等。", "spo_list": [{"predicate": "每股经营活动产生的现金流量净额", "object_type": "金额", "subject_type": "日期", "object": "”21,011,703.20元", "subject": "2003年度", "subject_index": {"begin": 2, "end": 8}, "object_index": {"begin": 24, "end": 39}}, {"predicate": "管理费用", "object_type": "金额", "subject_type": "日期", "object": "8,315,119.94元", "subject": "2003年度", "subject_index": {"begin": 2, "end": 8}, "object_index": {"begin": 102, "end": 115}}, {"predicate": "其他成本", "object_type": "金额", "subject_type": "日期", "object": "6,224,449.28元", "subject": "2003年度", "subject_index": {"begin": 2, "end": 8}, "object_index": {"begin": 49, "end": 62}}, {"predicate": "其他成本", "object_type": "金额", "subject_type": "日期", "object": "4,867,480.18元", "subject": "2003年度", "subject_index": {"begin": 2, "end": 8}, "object_index": {"begin": 67, "end": 80}}]}
{"text": "2002年公司收到福州蓝图企划广告有限公司房租收入223,432.00元，2003年11月，因福州蓝图企划广告有限公司法定代表人涉嫌合同诈骗，永安市人民法院直接将公司在中国工商银行南平市延平支行的存款223,432.00元追缴划走，公司正向永安市人民法院申诉，挂账“其他应收款”。", "spo_list": [{"predicate": "其他成本", "object_type": "金额", "subject_type": "日期", "object": "223,432.00元", "subject": "2002年", "subject_index": {"begin": 0, "end": 5}, "object_index": {"begin": 25, "end": 36}}]}
{"text": "公司2003年末应收帐款周转率为14.08，申达股份、华茂股份、常山股份、华润锦华的应收帐款周转率分别为41.52、26.14、17.51、15.64，公司应收帐款周转率与同行业已上市公司相比偏低，是公司的销售模式造成的期末应收帐款相对于主营业务收入较大所致，表明公司应收帐款周转率仍需进一步改善。", "spo_list": [{"predicate": "应收账款周转率", "object_type": "日期", "subject_type": "比率", "object": "2003年末", "subject": "14.08", "subject_index": {"begin": 16, "end": 21}, "object_index": {"begin": 2, "end": 8}}, {"predicate": "应收账款周转率", "object_type": "日期", "subject_type": "比率", "object": "2003年末", "subject": "41.52", "subject_index": {"begin": 52, "end": 57}, "object_index": {"begin": 2, "end": 8}}, {"predicate": "应收账款周转率", "object_type": "日期", "subject_type": "比率", "object": "2003年末", "subject": "26.14", "subject_index": {"begin": 58, "end": 63}, "object_index": {"begin": 2, "end": 8}}, {"predicate": "应收账款周转率", "object_type": "日期", "subject_type": "比率", "object": "2003年末", "subject": "17.51", "subject_index": {"begin": 64, "end": 69}, "object_index": {"begin": 2, "end": 8}}, {"predicate": "应收账款周转率", "object_type": "日期", "subject_type": "比率", "object": "2003年末", "subject": "15.64", "subject_index": {"begin": 70, "end": 75}, "object_index": {"begin": 2, "end": 8}}]}
{"text": "公司2002年末存货周转率为5.55，申达股份、华茂股份、常山股份、华润锦华的存货周转率分别为20.37、4.77、2.92、3.29，公司存货周转率高于华贸股份、常山股份和华润锦华，低于申达股份，在同行业中处于较高水平。", "spo_list": [{"predicate": "应收账款周转率", "object_type": "日期", "subject_type": "比率", "object": "2002年", "subject": "5.55", "subject_index": {"begin": 14, "end": 18}, "object_index": {"begin": 2, "end": 7}}, {"predicate": "应收账款周转率", "object_type": "日期", "subject_type": "比率", "object": "2002年", "subject": "20.37", "subject_index": {"begin": 47, "end": 52}, "object_index": {"begin": 2, "end": 7}}, {"predicate": "应收账款周转率", "object_type": "日期", "subject_type": "比率", "object": "2002年", "subject": "4.77", "subject_index": {"begin": 53, "end": 57}, "object_index": {"begin": 2, "end": 7}}, {"predicate": "应收账款周转率", "object_type": "日期", "subject_type": "比率", "object": "2002年", "subject": "2.92", "subject_index": {"begin": 58, "end": 62}, "object_index": {"begin": 2, "end": 7}}, {"predicate": "应收账款周转率", "object_type": "日期", "subject_type": "比率", "object": "2002年", "subject": "3.29", "subject_index": {"begin": 63, "end": 67}, "object_index": {"begin": 2, "end": 7}}]}
{"text": "2001年度由于此项会计估计的变更，多计提坏帐准备4,282,281.81元，相应减少当年度利润总额4,282,281.81元。", "spo_list": [{"predicate": "坏账准备", "object_type": "金额", "subject_type": "日期", "object": "4,282,281.81元", "subject": "2001年", "subject_index": {"begin": 0, "end": 5}, "object_index": {"begin": 25, "end": 38}}, {"predicate": "营业利润", "object_type": "金额", "subject_type": "日期", "object": "4,282,281.81元", "subject": "2001年", "subject_index": {"begin": 0, "end": 5}, "object_index": {"begin": 50, "end": 63}}]}
