{"text": "1999年2月8日，乐清市审计事务所对福达有限设立时的出资情况进行了审验，并出具乐审所验字[1999]第66号《验资报告》，确认：截止1998年12月31日，乐清市福达电工合金材料实业公司增加投入资本400万元，变更后所有者权益为503.10万元，其中实收资本500万元，盈余公积3.10万元，与上述变更后投入资本相关的资产总额为829.78万元，负债总额为326.68万元。", "spo_list": [{"predicate": "盈余公积", "object_type": "金额", "subject_type": "日期", "object": "3.10万元", "subject": "1998年12月31日", "subject_index": {"begin": 67, "end": 78}, "object_index": {"begin": 140, "end": 146}}]}
{"text": "2014年至2015年，公司从乔顿服饰采购工装，采购金额分别为2.24万元及1.04万元。该等交易金额较小，双方按照市场价格定价结算，定价依据合理，交易价格公允。", "spo_list": [{"predicate": "其他成本", "object_type": "金额", "subject_type": "日期", "object": "2.24万元", "subject": "2014年", "subject_index": {"begin": 0, "end": 5}, "object_index": {"begin": 31, "end": 37}}, {"predicate": "其他成本", "object_type": "金额", "subject_type": "日期", "object": "1.04万元", "subject": "2015年", "subject_index": {"begin": 6, "end": 11}, "object_index": {"begin": 38, "end": 44}}]}
{"text": "2015年末公司货币资金余额较2014年末下降4,383.73万元，主要系2015年末尚未赎回的理财产品余额较2014年末增加7,960.00万元所致。", "spo_list": [{"predicate": "货币资金余额", "object_type": "金额", "subject_type": "日期", "object": "4,383.73万元", "subject": "2015年末", "subject_index": {"begin": 0, "end": 6}, "object_index": {"begin": 23, "end": 33}}]}
{"text": "2017年9月末公司货币资金余额较2016年末减少5,661.37万元，主要系公司于本期收购关联方弘道实业厂房并累计支付购房款11,860.48万元所致。厂房收购的具体情况见第七节“四、（二）偶发性关联交易”之“2、购置关联方资产”。", "spo_list": [{"predicate": "货币资金余额", "object_type": "金额", "subject_type": "日期", "object": "5,661.37万元", "subject": "2017年9月末", "subject_index": {"begin": 0, "end": 8}, "object_index": {"begin": 25, "end": 35}}]}
{"text": "应收票据质押贷款保证金。2016年末、2017年9月末公司以质押应收票据方式申请银行贷款320.00万元、2,578.00万元，在贷款尚未偿付前，公司质押的银行票据到期兑付后存入贷款银行指定的账户。贷款到期归还后，或者公司提供新的质押票据后贷款银行返还前述票据兑付对应的款项。", "spo_list": [{"predicate": "应收票据", "object_type": "金额", "subject_type": "日期", "object": "320.00万元", "subject": "2016年末", "subject_index": {"begin": 12, "end": 18}, "object_index": {"begin": 44, "end": 52}}, {"predicate": "应收票据", "object_type": "金额", "subject_type": "日期", "object": "2,578.00万元", "subject": "2017年9月末", "subject_index": {"begin": 19, "end": 27}, "object_index": {"begin": 53, "end": 63}}]}
{"text": "2016年末公司应收票据余额较2015年末减少2,310.98万元，主要原因为：①2016年末未到期已贴现和未到期已背书的票据金额为14,972.18万元，较2015年末增加9,181.42万元；②2016年末收到的未到期票据较2015年末增加6,885.44万元。", "spo_list": [{"predicate": "应收票据", "object_type": "金额", "subject_type": "日期", "object": "2,310.98万元", "subject": "2016年末", "subject_index": {"begin": 0, "end": 6}, "object_index": {"begin": 23, "end": 33}}]}
{"text": "2017年9月末公司应收票据余额较2016年末增加839.54万元，主要原因为：①2017年9月末未到期已贴现和未到期已背书的票据金额为13,429.44万元，较2016年末减少1,542.74万元；②2017年9月末收到的未到期票据较2016年末减少703.20万元。", "spo_list": [{"predicate": "应收票据", "object_type": "金额", "subject_type": "日期", "object": "839.54万元", "subject": "2017年9月末", "subject_index": {"begin": 0, "end": 8}, "object_index": {"begin": 25, "end": 33}}]}
{"text": "2016年12月31日的递延所得税资产较2015年末上升157.37万元，主要系：①本期按照应收款项坏账准备计提政策计提的坏账准备增加，导致由此确认的递延所得税资产增加73.32万元；②2016年末的递延收益余额较上期末上升579.04万元，导致递延所得税资产增加86.86万元。递延收益的变动分析见本节“一、（二）公司的负债状况分析”之“11、递延收益”。", "spo_list": [{"predicate": "递延所得税资产", "object_type": "金额", "subject_type": "日期", "object": "157.37万元", "subject": "2016年12月31日", "subject_index": {"begin": 0, "end": 11}, "object_index": {"begin": 28, "end": 36}}]}
{"text": "2015年末，公司应付账款余额较上年末下降1,529.79万元，主要系公司供应商三菱商事收紧了信用政策所致。报告期内三菱商事逐步要求客户全部采取预付款方式结算，而不再提供信用期，导致公司对其期末应付款下降。2014年末和2015年末，公司对三菱商事的应付账款余额分别为1,942.53万元和0.00万元。", "spo_list": [{"predicate": "应付账款", "object_type": "金额", "subject_type": "日期", "object": "1,529.79万元", "subject": "2015年末", "subject_index": {"begin": 0, "end": 6}, "object_index": {"begin": 21, "end": 31}}]}
{"text": "2016年末，应付账款余额较上年末增加4,303.18万元，主要系年末公司原材料采购量上升及根据自身资金情况灵活选用供应商授予的信用期所致。", "spo_list": [{"predicate": "应付账款", "object_type": "金额", "subject_type": "日期", "object": "4,303.18万元", "subject": "2016年末", "subject_index": {"begin": 0, "end": 6}, "object_index": {"begin": 19, "end": 29}}]}
{"text": "公司预收款项主要系预收客户的货款。部分客户为锁定原材料白银的采购价格，会提前支付部分原材料款项。其中，预收余额较大的客户为奔尼迪克特，2014年末至2017年9月末，预收该客户的款项分别为478.98万元、343.53万元、393.38万元和575.73万元", "spo_list": [{"predicate": "预收款项", "object_type": "金额", "subject_type": "日期", "object": "478.98万元", "subject": "2014年末至2017年9月末", "subject_index": {"begin": 67, "end": 82}, "object_index": {"begin": 94, "end": 102}}, {"predicate": "预收款项", "object_type": "金额", "subject_type": "日期", "object": "343.53万元", "subject": "2014年末至2017年9月末", "subject_index": {"begin": 67, "end": 82}, "object_index": {"begin": 103, "end": 111}}, {"predicate": "预收款项", "object_type": "金额", "subject_type": "日期", "object": "393.38万元", "subject": "2014年末至2017年9月末", "subject_index": {"begin": 67, "end": 82}, "object_index": {"begin": 112, "end": 120}}, {"predicate": "预收款项", "object_type": "金额", "subject_type": "日期", "object": "575.73万元", "subject": "2014年末至2017年9月末", "subject_index": {"begin": 67, "end": 82}, "object_index": {"begin": 121, "end": 129}}]}
{"text": "2015年末其他应付款余额较2014年末上升了370.80万元，主要系新增A202地块土地工程建设款项500.00万元；2016年末其他应付款余额较2015年末下降185.42万元，主要系公司上年末其他应付供应商A202地块土地工程建设款项500万元已于本期支付，同时新增部分复层触头车间装修工程款所致；2017年9月末其他应付款余额较2016年末减少321.79万元，主要系上期末其他应付供应商款项于期后支付所致。", "spo_list": [{"predicate": "其他应付款", "object_type": "金额", "subject_type": "日期", "object": "370.80万元", "subject": "2015年末", "subject_index": {"begin": 0, "end": 6}, "object_index": {"begin": 23, "end": 31}}]}
{"text": "2015年度公司销售费用较2014年度上升119.61万元，主要原因为：①由于人均工资上涨及社保基数上调，列支于销售费用的职工薪酬较上年增加43.96万元；②为开发新客户，同时在原有客户中拓展新产品市场，公司加大了宣传走访力度，差旅费和招待费合计增加58.10万元。", "spo_list": [{"predicate": "销售费用", "object_type": "金额", "subject_type": "日期", "object": "119.61万元", "subject": "2015年度", "subject_index": {"begin": 0, "end": 6}, "object_index": {"begin": 21, "end": 29}}]}
{"text": "报告期内，公司的所得税费用分别为562.80万元、517.80万元、545.39万元和445.53万元。公司所得税费用的明细如下", "spo_list": [{"predicate": "其他收益", "object_type": "金额", "subject_type": "日期", "object": "562.80万元", "subject": "报告期内", "subject_index": {"begin": 0, "end": 4}, "object_index": {"begin": 16, "end": 24}}, {"predicate": "其他收益", "object_type": "金额", "subject_type": "日期", "object": "517.80万元", "subject": "报告期内", "subject_index": {"begin": 0, "end": 4}, "object_index": {"begin": 25, "end": 33}}, {"predicate": "其他收益", "object_type": "金额", "subject_type": "日期", "object": "545.39万元", "subject": "报告期内", "subject_index": {"begin": 0, "end": 4}, "object_index": {"begin": 34, "end": 42}}, {"predicate": "其他收益", "object_type": "金额", "subject_type": "日期", "object": "445.53万元", "subject": "报告期内", "subject_index": {"begin": 0, "end": 4}, "object_index": {"begin": 43, "end": 51}}]}
{"text": "2015年度息税折旧摊销前利润为7,480.41万元，与经营性现金净流入相差337.69万元，差异较小，主要系存货、经营性应收项目和经营性应付项目的变动", "spo_list": [{"predicate": "息税折旧摊销前利润", "object_type": "金额", "subject_type": "日期", "object": "7,480.41万元", "subject": "2015年度", "subject_index": {"begin": 0, "end": 6}, "object_index": {"begin": 16, "end": 26}}]}
{"text": "2016年度息税折旧摊销前利润为8,559.84万元，与经营性现金净流入相差6,772.39万元，主要原因为：①由于银价上升及存货储备增加，存货余额较去年年末增加5,099.73万元；②经营性应收项目增加4,683.16万元，主要系应收账款和应收票据原值合计增加4,486.63万元；③应付票据和应付账款合计增加2,803.18万元。", "spo_list": [{"predicate": "息税折旧摊销前利润", "object_type": "金额", "subject_type": "日期", "object": "8,559.84万元", "subject": "2016年度", "subject_index": {"begin": 0, "end": 6}, "object_index": {"begin": 16, "end": 26}}]}
{"text": "2014年度至2017年1-9月，公司投资活动现金净流量分别为-6,416.06万元、-9,877.30万元、4,097.21万元和-14,386.38万元。投资活动产生的现金流量主要为公司购买和赎回银行理财产品，及购建固定资产、无形资产和其他长期资产支付的现金。报告期内，投资活动现金净流入的变动主要系公司报告期内购买理财产品发生额的变动及固定资产、在建工程现金投入增加所致。其中：", "spo_list": [{"predicate": "公司投资活动产生的现金流量净额", "object_type": "金额", "subject_type": "日期", "object": "-6,416.06万元", "subject": "2014年度至2017年1-9月", "subject_index": {"begin": 0, "end": 16}, "object_index": {"begin": 31, "end": 42}}, {"predicate": "公司投资活动产生的现金流量净额", "object_type": "金额", "subject_type": "日期", "object": "-9,877.30万元", "subject": "2014年度至2017年1-9月", "subject_index": {"begin": 0, "end": 16}, "object_index": {"begin": 43, "end": 54}}, {"predicate": "公司投资活动产生的现金流量净额", "object_type": "金额", "subject_type": "日期", "object": "4,097.21万元", "subject": "2014年度至2017年1-9月", "subject_index": {"begin": 0, "end": 16}, "object_index": {"begin": 55, "end": 65}}, {"predicate": "公司投资活动产生的现金流量净额", "object_type": "金额", "subject_type": "日期", "object": "-14,386.38万元", "subject": "2014年度至2017年1-9月", "subject_index": {"begin": 0, "end": 16}, "object_index": {"begin": 66, "end": 78}}]}
{"text": "2015年度筹资活动现金净流出较2014年度减少882.81万元，主要系：①本年取得借款产生的现金流入和偿还借款产生的现金流出差额为1,890.00万元，现金流入较2014年度增加2,490.00万元；②本年度因发放股利1,916.72万元，同时利息支出减少，导致分配股利、利润或偿付利息支付的现金流出较上年度增加1,456.08万元。", "spo_list": [{"predicate": "公司筹资活动产生的现金流量净额", "object_type": "金额", "subject_type": "日期", "object": "882.81万元", "subject": "2015年度", "subject_index": {"begin": 0, "end": 6}, "object_index": {"begin": 24, "end": 32}}]}
{"text": "2016年度筹资活动现金净流入较2015年度增加5,684.20万元，主要系取得借款产生的现金净流入及收到的与资产相关的政府补助现金流入较上年度分别增加4,840.00万元和805.60万元。", "spo_list": [{"predicate": "公司筹资活动产生的现金流量净额", "object_type": "金额", "subject_type": "日期", "object": "5,684.20万元", "subject": "2016年度", "subject_index": {"begin": 0, "end": 6}, "object_index": {"begin": 24, "end": 34}}]}
{"text": "公司2017年1-9月经营活动产生的现金流净额为3,616.23万元，与当期净利润水平较为匹配；投资活动产生的现金流量净额为-14,386.38万元，较上年同期流出金额较大，主要系公司为购买温州弘道厂房支付11,860.48万元所致；筹资活动产生的现金流量净额为5,081.37万元，", "spo_list": [{"predicate": "公司投资活动产生的现金流量净额", "object_type": "金额", "subject_type": "日期", "object": "-14,386.38万元", "subject": "2017年1-9月", "subject_index": {"begin": 2, "end": 11}, "object_index": {"begin": 62, "end": 74}}, {"predicate": "公司筹资活动产生的现金流量净额", "object_type": "金额", "subject_type": "日期", "object": "5,081.37万元", "subject": "2017年1-9月", "subject_index": {"begin": 2, "end": 11}, "object_index": {"begin": 131, "end": 141}}]}
{"text": "公司2016年1-9月经营活动产生的现金流量净额为-15,849.00万元，主要系公司在白银价格上涨、产销规模大幅提升的情况下，期末存货与经营性应收项目分别较期初增加13,386.74万元、7,958.22万元所致；投资活动产生的现金流量净额为10,405.00万元，主要系赎回上期末理财产品所致；筹资活动产生的现金流量净额为5,898.16万元，主要系公司销售规模扩大，为满足日常营运资金需求增加银行借款所致。", "spo_list": [{"predicate": "公司投资活动产生的现金流量净额", "object_type": "金额", "subject_type": "日期", "object": "10,405.00万元", "subject": "2016年1-9月", "subject_index": {"begin": 2, "end": 11}, "object_index": {"begin": 122, "end": 133}}, {"predicate": "公司筹资活动产生的现金流量净额", "object_type": "金额", "subject_type": "日期", "object": "5,898.16万元", "subject": "2016年1-9月", "subject_index": {"begin": 2, "end": 11}, "object_index": {"begin": 163, "end": 173}}]}
{"text": "公司2017年度非经常性损益总额较2016年度增加329.51万元，主要系政府补助金额较上年增加296.81万元所致。", "spo_list": [{"predicate": "非经常性损益", "object_type": "金额", "subject_type": "日期", "object": "329.51万元", "subject": "2017年度", "subject_index": {"begin": 2, "end": 8}, "object_index": {"begin": 25, "end": 33}}]}
{"text": "1999年2月8日，乐清市审计事务所对福达有限股东出资情况进行了审验，并出具乐审所验字[1999]第66号《验资报告》，确认：截止1998年12月31日，乐清市福达电工合金材料实业公司增加投入资本400万元，变更后所有者权益为503.10万元，其中实收资本500万元，盈余公积3.10万元，与上述变更后投入资本相关的资产总额为829.78万元，负债总额为326.68万元。", "spo_list": [{"predicate": "盈余公积", "object_type": "金额", "subject_type": "日期", "object": "3.10万元", "subject": "1999年2月8日", "subject_index": {"begin": 0, "end": 9}, "object_index": {"begin": 138, "end": 144}}]}
{"text": "租赁期限为2017年7月18日至2018年12月31日止，租金总额339.1581万元，其中2017年7月18日至2017年12月31日租金为101.0823万元，2018年度租金为238.0758万元", "spo_list": [{"predicate": "其他成本", "object_type": "金额", "subject_type": "日期", "object": "339.1581万元", "subject": "2017年7月18日至2018年12月31日", "subject_index": {"begin": 5, "end": 27}, "object_index": {"begin": 33, "end": 43}}, {"predicate": "其他成本", "object_type": "金额", "subject_type": "日期", "object": "101.0823万元", "subject": "2017年7月18日至2018年12月31日", "subject_index": {"begin": 5, "end": 27}, "object_index": {"begin": 71, "end": 81}}, {"predicate": "其他成本", "object_type": "金额", "subject_type": "日期", "object": "238.0758万元", "subject": "2018年", "subject_index": {"begin": 82, "end": 87}, "object_index": {"begin": 91, "end": 101}}]}
{"text": "2016年末公司货币资金余额较2015年末增加9,560.00万元，主要原因为：①2016年末，赎回理财产品导致货币资金较2015年末净增加7,850.00万元；②公司2016年度经营性现金流量净额为1,787.45万元，具体分析见本节“三、（一）经营活动现金净流量分析”。", "spo_list": [{"predicate": "货币资金余额", "object_type": "金额", "subject_type": "日期", "object": "9,560.00万元", "subject": "2016年末", "subject_index": {"begin": 0, "end": 6}, "object_index": {"begin": 23, "end": 33}}, {"predicate": "货币资金余额", "object_type": "金额", "subject_type": "日期", "object": "7,850.00万元", "subject": "2016年末", "subject_index": {"begin": 41, "end": 47}, "object_index": {"begin": 70, "end": 80}}]}
{"text": "2015年末公司应收票据余额较2014年末减少533.41万元，主要原因为：①2015年末收到的未到期票据较2014年末增加2,088.00万元；②2015年末未到期已贴现和未到期已背书的票据金额为5,790.76万元，较2014年末增加2,636.41万元。", "spo_list": [{"predicate": "应收票据", "object_type": "金额", "subject_type": "日期", "object": "533.41万元", "subject": "2015年末", "subject_index": {"begin": 0, "end": 6}, "object_index": {"begin": 23, "end": 31}}, {"predicate": "应收票据", "object_type": "金额", "subject_type": "日期", "object": "2,088.00万元", "subject": "2015年末", "subject_index": {"begin": 39, "end": 45}, "object_index": {"begin": 62, "end": 72}}]}
{"text": "2017年9月末的递延所得税资产较2016年末增加89.13万元，主要原因为期末递延收益较上期末增加导致递延所得税增加85.01万元。", "spo_list": [{"predicate": "递延所得税资产", "object_type": "金额", "subject_type": "日期", "object": "89.13万元", "subject": "2017年9月末", "subject_index": {"begin": 0, "end": 8}, "object_index": {"begin": 25, "end": 32}}, {"predicate": "递延所得税资产", "object_type": "金额", "subject_type": "日期", "object": "85.01万元", "subject": "2017年9月末", "subject_index": {"begin": 0, "end": 8}, "object_index": {"begin": 59, "end": 66}}]}
{"text": "2017年9月末，应付账款余额较上年末增加3,424.82万元，主要系公司产销规模进一步扩大导致采购需求上升，同时供应商授予的信用额度增加所致。", "spo_list": [{"predicate": "应付账款", "object_type": "金额", "subject_type": "日期", "object": "3,424.82万元", "subject": "2017年9月末", "subject_index": {"begin": 0, "end": 8}, "object_index": {"begin": 21, "end": 31}}]}
{"text": "截止2017年9月30日，除预收关联方光达电子租赁费53.19万元外，公司无欠持有本公司5%及以上表决权股份股东的欠款，无预收其他关联方款项。", "spo_list": [{"predicate": "预收款项", "object_type": "金额", "subject_type": "日期", "object": "53.19万元", "subject": "2017年9月30日", "subject_index": {"begin": 2, "end": 12}, "object_index": {"begin": 26, "end": 33}}]}
{"text": "公司2015年末应交税费余额较2014年末减少123.72万元，主要原因为：①由于期末采购的白银到货时间较晚，进项税发票尚未认证，导致应交增值税增加33.84万元；②2015年期末应交企业所得税较2014年减少355.09万元；③2015年末，部分代扣代缴的股东分红个税尚未缴纳，导致应交个人所得税较2014年上升了119.55万元。", "spo_list": [{"predicate": "应交税费", "object_type": "金额", "subject_type": "日期", "object": "123.72万元", "subject": "2015年", "subject_index": {"begin": 2, "end": 7}, "object_index": {"begin": 23, "end": 31}}, {"predicate": "应交税费", "object_type": "金额", "subject_type": "日期", "object": "33.84万元", "subject": "2015年", "subject_index": {"begin": 2, "end": 7}, "object_index": {"begin": 74, "end": 81}}, {"predicate": "应交税费", "object_type": "金额", "subject_type": "日期", "object": "355.09万元", "subject": "2015年", "subject_index": {"begin": 83, "end": 88}, "object_index": {"begin": 105, "end": 113}}, {"predicate": "应交税费", "object_type": "金额", "subject_type": "日期", "object": "119.55万元", "subject": "2015年末", "subject_index": {"begin": 115, "end": 121}, "object_index": {"begin": 158, "end": 166}}]}
{"text": "2016年度公司销售费用较2015年度上升80.27万元，主要原因为：①由于公司市场开拓力度进一步加大，差旅费增加15.65万元；②2016年度主营业务收入增长导致运杂费相应增长41.27万元。", "spo_list": [{"predicate": "销售费用", "object_type": "金额", "subject_type": "日期", "object": "80.27万元", "subject": "2016年", "subject_index": {"begin": 0, "end": 5}, "object_index": {"begin": 21, "end": 28}}]}
{"text": "报告期内，公司管理费用分别为6,790.52万元、6,448.52万元、7,441.31万元和6,607.99万元，占营业收入的比例分别为7.01%、7.60%、7.18%和7.12%。公司管理费用的明细如下", "spo_list": [{"predicate": "管理费用", "object_type": "金额", "subject_type": "日期", "object": "6,790.52万元", "subject": "报告期", "subject_index": {"begin": 0, "end": 3}, "object_index": {"begin": 14, "end": 24}}, {"predicate": "管理费用", "object_type": "金额", "subject_type": "日期", "object": "6,448.52万元", "subject": "报告期", "subject_index": {"begin": 0, "end": 3}, "object_index": {"begin": 25, "end": 35}}, {"predicate": "管理费用", "object_type": "金额", "subject_type": "日期", "object": "7,441.31万元", "subject": "报告期", "subject_index": {"begin": 0, "end": 3}, "object_index": {"begin": 36, "end": 46}}, {"predicate": "管理费用", "object_type": "金额", "subject_type": "日期", "object": "6,607.99万元", "subject": "报告期", "subject_index": {"begin": 0, "end": 3}, "object_index": {"begin": 47, "end": 57}}]}
{"text": "2015年度公司管理费用较2014年度减少342.00万元，主要原因为：①受直接材料投入下降及项目数量变动等影响，公司技术开发费较2014年度减少701.88万元；②由于人员工资正常上调及社保基数每年调整，公司列支于管理费用的职工薪酬较上年增加256.16万元；③2015年7月1日，公司在新三板正式挂牌，支付券商挂牌费等导致中介费上升了89.74万元。", "spo_list": [{"predicate": "管理费用", "object_type": "金额", "subject_type": "日期", "object": "342.00万元", "subject": "2015年度", "subject_index": {"begin": 0, "end": 6}, "object_index": {"begin": 21, "end": 29}}, {"predicate": "研发费用", "object_type": "金额", "subject_type": "日期", "object": "701.88万元", "subject": "2015年度", "subject_index": {"begin": 0, "end": 6}, "object_index": {"begin": 73, "end": 81}}]}
{"text": "2016年度公司管理费用较2015年度增加992.79万元，主要原因为：①由于人员及工资调整，职工薪酬和职工福利较前期上升572.21万元；②受职工薪酬上涨等因素的影响，公司技术开发费较2015年度上升584.96万元；③根据《增值税会计处理规定》（财会[2016]22号），2016年5月1日起企业经营活动产生的房产税、土地使用税、车船使用税、印花税列入“税金及附加”科目核算，在管理费用中核算的税金及附加较2015年度减少206.68万元。", "spo_list": [{"predicate": "管理费用", "object_type": "金额", "subject_type": "日期", "object": "992.79万元", "subject": "2016年", "subject_index": {"begin": 0, "end": 5}, "object_index": {"begin": 21, "end": 29}}, {"predicate": "研发费用", "object_type": "金额", "subject_type": "日期", "object": "584.96万元", "subject": "2016年", "subject_index": {"begin": 0, "end": 5}, "object_index": {"begin": 101, "end": 109}}]}
{"text": "报告期内，公司的营业外支出分别为74.51万元、21.44万元、36.55万元和7.17万元。公司营业外支出的明细如下", "spo_list": [{"predicate": "营业外支出", "object_type": "金额", "subject_type": "日期", "object": "74.51万元", "subject": "报告期内", "subject_index": {"begin": 0, "end": 4}, "object_index": {"begin": 16, "end": 23}}, {"predicate": "营业外支出", "object_type": "金额", "subject_type": "日期", "object": "21.44万元", "subject": "报告期内", "subject_index": {"begin": 0, "end": 4}, "object_index": {"begin": 24, "end": 31}}, {"predicate": "营业外支出", "object_type": "金额", "subject_type": "日期", "object": "36.55万元", "subject": "报告期内", "subject_index": {"begin": 0, "end": 4}, "object_index": {"begin": 32, "end": 39}}, {"predicate": "营业外支出", "object_type": "金额", "subject_type": "日期", "object": "7.17万元", "subject": "报告期内", "subject_index": {"begin": 0, "end": 4}, "object_index": {"begin": 40, "end": 46}}]}
{"text": "2014年度息税折旧摊销前利润为8,157.49万元，与经营性现金净流量相差7,437.33万元，主要原因为：①客户对供货及时性要求提高，且2014年春节放假较2013年提前，公司为保障年后供货，加大了原材料和在产品的库存，导致存货2014年末较2013年末增加2,090.41万元；②经营性应收项目2014年末较2013年末增加3,561.82万元，主要为应收票据增加2,952.51万元；③经营性应付项目2014年末较2013年末减少2,350.48万元，主要为应付票据减少1,345.00万元，应付账款减少1,302.05万元。", "spo_list": [{"predicate": "息税折旧摊销前利润", "object_type": "金额", "subject_type": "日期", "object": "8,157.49万元", "subject": "2014年", "subject_index": {"begin": 0, "end": 5}, "object_index": {"begin": 16, "end": 26}}, {"predicate": "应付票据", "object_type": "金额", "subject_type": "日期", "object": "1,345.00万元", "subject": "2014年", "subject_index": {"begin": 0, "end": 5}, "object_index": {"begin": 239, "end": 249}}, {"predicate": "应付票据", "object_type": "金额", "subject_type": "日期", "object": "2,952.51万元", "subject": "2014年", "subject_index": {"begin": 0, "end": 5}, "object_index": {"begin": 185, "end": 195}}, {"predicate": "应付票据", "object_type": "金额", "subject_type": "日期", "object": "1,302.05万元", "subject": "2014年", "subject_index": {"begin": 0, "end": 5}, "object_index": {"begin": 256, "end": 266}}]}
{"text": "2017年1-9月息税折旧摊销前利润为7,814.68万元，与经营性现金流入相差4,198.45万元，主要系银价上升和产销规模上升导致存货储备增加，存货余额较去年增加4,182.47万元。", "spo_list": [{"predicate": "息税折旧摊销前利润", "object_type": "金额", "subject_type": "日期", "object": "7,814.68万元", "subject": "2017年1-9月", "subject_index": {"begin": 0, "end": 9}, "object_index": {"begin": 19, "end": 29}}]}
{"text": "2015年度投资活动产生的现金净流出较2014年度增加3,461.24万元，主要原因为：①因购买和赎回理财产品，导致2015年度现金净流出7,860.00万元，较2014年度多支出2,520.00万元；②因新增机器设备、A202-2地块厂房建设、复层触头技术改造项目等在建工程投资增加导致购建固定资产、无形资产和其他长期资产支付的现金净流出为2,052.41万元，较2014年度多出930.62万元。", "spo_list": [{"predicate": "公司投资活动产生的现金流量净额", "object_type": "金额", "subject_type": "日期", "object": "3,461.24万元", "subject": "2015年度", "subject_index": {"begin": 0, "end": 6}, "object_index": {"begin": 27, "end": 37}}]}
{"text": "2016年度投资活动产生的现金净流入较2015年度增加13,974.51万元，主要原因为：①因购买和赎回理财产品，导致现金净流入为7,850.00万元，较2015年度多收回15,710.00万元；②因A202-2地块厂房建设、复层触头技术改造项目、购买机器设备等投资增加导致购建固定资产、无形资产和其他长期资产支付的现金净流出为3,777.20万元，较2015年度多出1,724.80万元。", "spo_list": [{"predicate": "公司投资活动产生的现金流量净额", "object_type": "金额", "subject_type": "日期", "object": "13,974.51万元", "subject": "2016年", "subject_index": {"begin": 0, "end": 5}, "object_index": {"begin": 27, "end": 38}}]}
{"text": "2014年度至2017年1-9月，公司筹资活动现金净流量分别为-2,331.64万元、-1,448.83万元、4,235.37万元和5,081.37万元，筹资活动现金净流出逐年减少。筹资活动现金流量主要系公司取得和偿还银行借款及其利息、支付股利产生的现金流量。其中：", "spo_list": [{"predicate": "公司筹资活动产生的现金流量净额", "object_type": "金额", "subject_type": "日期", "object": "-2,331.64万元", "subject": "2014年度至2017年1-9月", "subject_index": {"begin": 0, "end": 16}, "object_index": {"begin": 31, "end": 42}}, {"predicate": "公司筹资活动产生的现金流量净额", "object_type": "金额", "subject_type": "日期", "object": "-1,448.83万元", "subject": "2014年度至2017年1-9月", "subject_index": {"begin": 0, "end": 16}, "object_index": {"begin": 43, "end": 54}}, {"predicate": "公司筹资活动产生的现金流量净额", "object_type": "金额", "subject_type": "日期", "object": "4,235.37万元", "subject": "2014年度至2017年1-9月", "subject_index": {"begin": 0, "end": 16}, "object_index": {"begin": 55, "end": 65}}, {"predicate": "公司筹资活动产生的现金流量净额", "object_type": "金额", "subject_type": "日期", "object": "5,081.37万元", "subject": "2014年度至2017年1-9月", "subject_index": {"begin": 0, "end": 16}, "object_index": {"begin": 66, "end": 76}}]}
{"text": "2017年7-9月经营活动产生的现金流净额为10,295.03万元，较上年同期大幅增长，主要系本期应收账款回款较多所致；投资活动产生的现金流量净额为-18,497.44万元，主要系公司购买温州弘道厂房和购买理财产品支出较高所致；筹资活动产生的现金流量净额为2,718.07万元，主要系公司收到的借款金额增加所致。", "spo_list": [{"predicate": "公司投资活动产生的现金流量净额", "object_type": "金额", "subject_type": "日期", "object": "-18,497.44万元", "subject": "2017年7-9月", "subject_index": {"begin": 0, "end": 9}, "object_index": {"begin": 74, "end": 86}}, {"predicate": "公司筹资活动产生的现金流量净额", "object_type": "金额", "subject_type": "日期", "object": "2,718.07万元", "subject": "2017年7-9月", "subject_index": {"begin": 0, "end": 9}, "object_index": {"begin": 128, "end": 138}}]}
{"text": "公司2016年7-9月经营活动产生的现金流量净额为-8,222.82万元，主要系公司在白银价格上涨、销售规模扩张的情况下期末存货金额较期初增幅较大所致；投资活动产生的现金流量净额为-765.97万元，主要系购建固定资产支出较多所致；筹资活动产生的现金流量净额为4,708.41万元，主要系取得银行借款较多所致。", "spo_list": [{"predicate": "公司投资活动产生的现金流量净额", "object_type": "金额", "subject_type": "日期", "object": "-765.97万元", "subject": "2016年7-9月", "subject_index": {"begin": 2, "end": 11}, "object_index": {"begin": 90, "end": 99}}, {"predicate": "公司筹资活动产生的现金流量净额", "object_type": "金额", "subject_type": "日期", "object": "4,708.41万元", "subject": "2016年7-9月", "subject_index": {"begin": 2, "end": 11}, "object_index": {"begin": 130, "end": 140}}]}
