{"text": "截至2019年12月31日，福然德股份应收账款项目账面余额为人民币78,243.50万元，坏账准备为人民币2,442.81万元，账面价值为人民币75,800.69万元。", "spo_list": [{"predicate": "长期应收款", "object_type": "金额", "subject_type": "日期", "object": "78,243.50万元", "subject": "2019年12月31日", "subject_index": {"begin": 2, "end": 13}, "object_index": {"begin": 33, "end": 44}}, {"predicate": "坏账准备", "object_type": "金额", "subject_type": "日期", "object": "2,442.81万元", "subject": "2019年12月31日", "subject_index": {"begin": 2, "end": 13}, "object_index": {"begin": 53, "end": 63}}]}
{"text": "截至2019年12月31日，公司货币资金余额为770,612,861.99元，具体构成情况如下：", "spo_list": [{"predicate": "货币资金余额", "object_type": "金额", "subject_type": "日期", "object": "770,612,861.99元", "subject": "2019年12月31日", "subject_index": {"begin": 2, "end": 13}, "object_index": {"begin": 23, "end": 38}}]}
{"text": "截至2019年12月31日，公司应收票据账面价值为135,700,125.53元，应收票据具体情况如下：", "spo_list": [{"predicate": "应收票据", "object_type": "金额", "subject_type": "日期", "object": "135,700,125.53元", "subject": "2019年12月31日", "subject_index": {"begin": 2, "end": 13}, "object_index": {"begin": 25, "end": 40}}]}
{"text": "截至2019年12月31日，公司应收账款账面价值为758,006,925.67元，应收账款按不同类别计提坏账准备情况如下：", "spo_list": [{"predicate": "应收账款净额", "object_type": "金额", "subject_type": "日期", "object": "758,006,925.67元", "subject": "2019年12月31日", "subject_index": {"begin": 2, "end": 13}, "object_index": {"begin": 25, "end": 40}}]}
{"text": "截至2019年12月31日，公司预付款项账面价值为606,987,331.23元，预付款项按账龄计提坏账准备情况如下：", "spo_list": [{"predicate": "预付款项", "object_type": "金额", "subject_type": "日期", "object": "606,987,331.23元", "subject": "2019年12月31日", "subject_index": {"begin": 2, "end": 13}, "object_index": {"begin": 25, "end": 40}}]}
{"text": "截至2019年12月31日，公司无形资产账面价值为103,463,505.49元，具体构成情况如下：", "spo_list": [{"predicate": "无形资产", "object_type": "金额", "subject_type": "日期", "object": "103,463,505.49元", "subject": "2019年12月31日", "subject_index": {"begin": 2, "end": 13}, "object_index": {"begin": 25, "end": 40}}]}
{"text": "截至2019年12月31日，公司应付票据余额为1,378,350,000.00元，全部为应付银行承兑汇票。", "spo_list": [{"predicate": "应收票据", "object_type": "金额", "subject_type": "日期", "object": "1,378,350,000.00元", "subject": "2019年12月31日", "subject_index": {"begin": 2, "end": 13}, "object_index": {"begin": 23, "end": 40}}]}
{"text": "截至2019年12月31日，公司预收款项余额为101,732,342.65元，预收款项账龄构成如下：", "spo_list": [{"predicate": "预收款项", "object_type": "金额", "subject_type": "日期", "object": "101,732,342.65元", "subject": "2019年12月31日", "subject_index": {"begin": 2, "end": 13}, "object_index": {"begin": 23, "end": 38}}]}
{"text": "截至2017年末、2018年末和2019年末，公司货币资金余额分别为20,561.37万元、49,696.99万元和77,061.29万元；货币资金占资产总额的比重分别为7.71%、16.25%和20.18%。2017年末货币资金余额与2018年末和2019年末相比较低，主要原因为2018年末和2019年末公司存在短期借款，2017年末无短期借款。此外，经营活动导致现金增加也是报告期内货币资金逐年增加的原因。", "spo_list": [{"predicate": "货币资金余额", "object_type": "金额", "subject_type": "日期", "object": "20,561.37万元", "subject": "2017年末", "subject_index": {"begin": 2, "end": 8}, "object_index": {"begin": 34, "end": 45}}, {"predicate": "货币资金余额", "object_type": "金额", "subject_type": "日期", "object": "49,696.99万元", "subject": "2018年末", "subject_index": {"begin": 9, "end": 15}, "object_index": {"begin": 46, "end": 57}}, {"predicate": "货币资金余额", "object_type": "金额", "subject_type": "日期", "object": "77,061.29万元", "subject": "2019年末", "subject_index": {"begin": 16, "end": 22}, "object_index": {"begin": 58, "end": 69}}]}
{"text": "截至2017年末、2018年末和2019年末，公司应收账款账面价值分别为69,638.55万元、72,882.00万元和75,800.69万元，2017年-2019年规模有所增长，应收账款占资产总额比重分别为26.11%、23.84%和19.85%，占营业收入的比重分别为13.41%、12.98%和13.83%。2019年末应收账款账面价值较2018年末增加2,918.69万元，增长4.00%，主要原因是2020年春节假期提前至2020年1月下旬，客户增加春节期间安全库存量，2019年12月适当增加了采购额，导致公司2019年末应收账款有所增加；2018年末应收账款账面价值较2017年末增加3,243.45万元，增长4.66%，主要系公司收入增长所致。", "spo_list": [{"predicate": "长期应收款", "object_type": "金额", "subject_type": "日期", "object": "69,638.55万元", "subject": "2017年末", "subject_index": {"begin": 2, "end": 8}, "object_index": {"begin": 36, "end": 47}}, {"predicate": "长期应收款", "object_type": "金额", "subject_type": "日期", "object": "72,882.00万元", "subject": "2018年末", "subject_index": {"begin": 9, "end": 15}, "object_index": {"begin": 48, "end": 59}}, {"predicate": "长期应收款", "object_type": "金额", "subject_type": "日期", "object": "75,800.69万元", "subject": "2019年末", "subject_index": {"begin": 16, "end": 22}, "object_index": {"begin": 60, "end": 71}}]}
{"text": "截至2017年末、2018年末和2019年末，公司其他应收款账面价值分别为78.89万元、80.95万元和105.33万元，占资产总额的比例分别为0.03%、0.03%和0.03%，总体保持在较低水平。公司其他应收款主要为押金保证金、应收暂付款等。报告期内，公司其他应收款分类及坏账准备情况如下：", "spo_list": [{"predicate": "其他应收账款账面价值", "object_type": "金额", "subject_type": "日期", "object": "78.89万元", "subject": "2017年末", "subject_index": {"begin": 2, "end": 8}, "object_index": {"begin": 37, "end": 44}}, {"predicate": "其他应收账款账面价值", "object_type": "金额", "subject_type": "日期", "object": "80.95万元", "subject": "2018年末", "subject_index": {"begin": 9, "end": 15}, "object_index": {"begin": 45, "end": 52}}, {"predicate": "其他应收账款账面价值", "object_type": "金额", "subject_type": "日期", "object": "105.33万元", "subject": "2019年末", "subject_index": {"begin": 16, "end": 22}, "object_index": {"begin": 53, "end": 61}}]}
{"text": "截至2017年末、2018年末和2019年末，公司无形资产账面价值分别为6,219.38万元、10,593.92万元和10,346.35万元，占资产总额的比重分别为2.33%、3.46%和2.71%，占比较小，且主要无形资产为土地使用权。2018年末，公司土地使用权账面原值较2017年增加4,551.68万元，主要系2018年子公司武汉福然德、邯钢福然德新购置土地所致。", "spo_list": [{"predicate": "无形资产", "object_type": "金额", "subject_type": "日期", "object": "6,219.38万元", "subject": "2017年末", "subject_index": {"begin": 2, "end": 8}, "object_index": {"begin": 36, "end": 46}}, {"predicate": "无形资产", "object_type": "金额", "subject_type": "日期", "object": "10,593.92万元", "subject": "2018年末", "subject_index": {"begin": 9, "end": 15}, "object_index": {"begin": 47, "end": 58}}, {"predicate": "无形资产", "object_type": "金额", "subject_type": "日期", "object": "10,346.35万元", "subject": "2019年末", "subject_index": {"begin": 16, "end": 22}, "object_index": {"begin": 59, "end": 70}}]}
{"text": "截至2017年末、2018年末和2019年末，公司应付票据账面价值分别为86,700.00万元、92,488.00万元和137,835.00万元，占负债总额的比重分别为61.31%、62.46%和72.08%，占比较大，均为应付银行承兑汇票。公司2019年末应付票据较2018年末增加45,347.00万元，增长49.03%，主要原因如下：公司2019年增加了应付票据授信额度，同时公司2019年末采购订单量有所增加导致应付票据有所增加。公司2018年末应付票据较2017年末增加5,788.00万元，增长6.68%，主要系公司业务扩张带来采购增加所致。", "spo_list": [{"predicate": "应付账款", "object_type": "金额", "subject_type": "日期", "object": "86,700.00万元", "subject": "2017年末", "subject_index": {"begin": 2, "end": 8}, "object_index": {"begin": 36, "end": 47}}, {"predicate": "应付账款", "object_type": "金额", "subject_type": "日期", "object": "92,488.00万元", "subject": "2018年末", "subject_index": {"begin": 9, "end": 15}, "object_index": {"begin": 48, "end": 59}}, {"predicate": "应付账款", "object_type": "金额", "subject_type": "日期", "object": "137,835.00万元", "subject": "2019年末", "subject_index": {"begin": 16, "end": 22}, "object_index": {"begin": 60, "end": 72}}]}
{"text": "截至2017年末、2018年末和2019年末，公司应付账款账面价值分别为7,694.85万元、6,736.83万元和10,378.37万元，占负债总额的比重分别为5.44%、4.55%和5.43%。2019年末，公司应付账款较2018年末增加3,641.53万元，增长54.05%，主要系募投项目实施导致应付工程设备款增加所致；2018年末，公司应付账款较2017年末减少958.02万元，下降12.45%，主要系公司2018年支付2017年固定资产采购款所致。", "spo_list": [{"predicate": "应付账款", "object_type": "金额", "subject_type": "日期", "object": "7,694.85万元", "subject": "2017年末", "subject_index": {"begin": 2, "end": 8}, "object_index": {"begin": 36, "end": 46}}, {"predicate": "应付账款", "object_type": "金额", "subject_type": "日期", "object": "6,736.83万元", "subject": "2018年末", "subject_index": {"begin": 9, "end": 15}, "object_index": {"begin": 47, "end": 57}}, {"predicate": "应付账款", "object_type": "金额", "subject_type": "日期", "object": "10,378.37万元", "subject": "2019年末", "subject_index": {"begin": 16, "end": 22}, "object_index": {"begin": 58, "end": 69}}]}
{"text": "报告期内公司应交税费主要为应交增值税和应交企业所得税。2018年末，公司应交税费较2017年减少1,571.47万元，下降26.08%，主要原因系公司2018年第四季度企业所得税同期相比有所下降", "spo_list": [{"predicate": "应交税费", "object_type": "金额", "subject_type": "日期", "object": "1,571.47万元", "subject": "2018年末", "subject_index": {"begin": 27, "end": 33}, "object_index": {"begin": 48, "end": 58}}]}
{"text": "2019年末和2018年末，公司其他应付款金额较小。2017年末，公司其他应付款主要为资金拆借款，拆借对象主要为公司控股股东、实际控制人及其关联方。2018年末公司其他应付款较上期末减少14,142.27万元，下降98.78%，主要系偿还关联方资金拆借款导致公司其他应付款逐渐减少", "spo_list": [{"predicate": "其他应付款", "object_type": "金额", "subject_type": "日期", "object": "14,142.27万元", "subject": "2018年末", "subject_index": {"begin": 74, "end": 80}, "object_index": {"begin": 93, "end": 104}}]}
{"text": "截至2017年末、2018年末和2019年末，公司流动比率分别为1.66、1.81和1.73，速动比率分别为1.19、1.36和1.40，报告期内，除2019年末流动比率略有下降外，报告期内其他期间公司流动比率、速动比率均逐渐提高，短期偿债能力逐渐增强，主要有以下三方面原因：一是股东现金增资增加了公司可使用的流动资产，二是公司偿还占用关联方资金减少了流动负债，三是经营活动导致现金增加。", "spo_list": [{"predicate": "速动比率", "object_type": "日期", "subject_type": "比率", "object": "2017年末", "subject": "1.19", "subject_index": {"begin": 54, "end": 58}, "object_index": {"begin": 2, "end": 8}}, {"predicate": "速动比率", "object_type": "日期", "subject_type": "比率", "object": "2018年末", "subject": "1.36", "subject_index": {"begin": 59, "end": 63}, "object_index": {"begin": 9, "end": 15}}, {"predicate": "速动比率", "object_type": "日期", "subject_type": "比率", "object": "2019年末", "subject": "1.40", "subject_index": {"begin": 64, "end": 68}, "object_index": {"begin": 16, "end": 22}}]}
{"text": "截至2017年末、2018年末和2019年末，公司息税折旧摊销前利润分别为44,093.82万元、44,273.57万元和41,649.40万元，利息保障倍数分别为14.14、21.76和27.16。", "spo_list": [{"predicate": "息税折旧摊销前利润", "object_type": "金额", "subject_type": "日期", "object": "44,093.82万元", "subject": "2017年末", "subject_index": {"begin": 2, "end": 8}, "object_index": {"begin": 37, "end": 48}}, {"predicate": "息税折旧摊销前利润", "object_type": "金额", "subject_type": "日期", "object": "44,273.57万元", "subject": "2018年末", "subject_index": {"begin": 9, "end": 15}, "object_index": {"begin": 49, "end": 60}}, {"predicate": "息税折旧摊销前利润", "object_type": "金额", "subject_type": "日期", "object": "41,649.40万元", "subject": "2019年末", "subject_index": {"begin": 16, "end": 22}, "object_index": {"begin": 61, "end": 72}}, {"predicate": "利息保障倍数", "object_type": "日期", "subject_type": "比率", "object": "2017年末", "subject": "14.14", "subject_index": {"begin": 82, "end": 87}, "object_index": {"begin": 2, "end": 8}}, {"predicate": "利息保障倍数", "object_type": "日期", "subject_type": "比率", "object": "2018年末", "subject": "21.76", "subject_index": {"begin": 88, "end": 93}, "object_index": {"begin": 9, "end": 15}}, {"predicate": "利息保障倍数", "object_type": "日期", "subject_type": "比率", "object": "2019年末", "subject": "27.16", "subject_index": {"begin": 94, "end": 99}, "object_index": {"begin": 16, "end": 22}}]}
{"text": "2017年、2018年和2019年，公司存货周转率分别为8.09、7.67和7.75，周转率较高。", "spo_list": [{"predicate": "存货周转率", "object_type": "日期", "subject_type": "比率", "object": "2017年", "subject": "8.09", "subject_index": {"begin": 28, "end": 32}, "object_index": {"begin": 0, "end": 5}}, {"predicate": "存货周转率", "object_type": "日期", "subject_type": "比率", "object": "2018年", "subject": "7.67", "subject_index": {"begin": 33, "end": 37}, "object_index": {"begin": 6, "end": 11}}, {"predicate": "存货周转率", "object_type": "日期", "subject_type": "比率", "object": "2019年", "subject": "7.75", "subject_index": {"begin": 38, "end": 42}, "object_index": {"begin": 12, "end": 17}}]}
{"text": "2017年、2018年和2019年内，公司存货周转率分别为8.09、7.67和7.75，对应存货周转天数分别约为6.36周、6.71周和6.64周,公司存货周转情况保持良好，存货周转天数基本保持稳定。公司存货主要由原材料、库存商品和发出商品构成。公司实行“以销定产”的生产模式，非加工类的原材料从采购到销售的周期约为1个月，加工类的原材料从采购到销售的周期约为2个月，主要产品生产加工周期为1周以内，而存货的库龄主要在3个月以内。公司的存货周转天数与公司备货策略、库龄结构整体相符。", "spo_list": [{"predicate": "存货周转率", "object_type": "日期", "subject_type": "比率", "object": "2017年", "subject": "8.09", "subject_index": {"begin": 29, "end": 33}, "object_index": {"begin": 0, "end": 5}}, {"predicate": "存货周转率", "object_type": "日期", "subject_type": "比率", "object": "2018年", "subject": "7.67", "subject_index": {"begin": 34, "end": 38}, "object_index": {"begin": 6, "end": 11}}, {"predicate": "存货周转率", "object_type": "日期", "subject_type": "比率", "object": "2019年", "subject": "7.75", "subject_index": {"begin": 39, "end": 43}, "object_index": {"begin": 12, "end": 17}}]}
{"text": "2019年12月31日公司预付款项余额较2018年12月31日增加16,924.60万元，主要原因是2019年12月向供应商采购期货订单量增加所致。2018年12月31日公司预付款项余额较2017年12月31日减少了25,991.16万元，主要原因为：①2018年末汽车钢材供需关系不如2017年末紧张，经与部分钢厂协商，其结算政策由原来的全额预付款改为预付一定比例的采购款，2017年末则要求全额预付采购款；②2018年以来，下游汽车行业整体行情较差，公司2018年期末订单情况较2017年期末有所减少，导致公司向上游采购金额有所减少；2017年12月31日公司预付款项余额较2016年12月31日增加了3,485.66万元，主要系与收入增长同步的采购增加所致。", "spo_list": [{"predicate": "预付款项", "object_type": "金额", "subject_type": "日期", "object": "16,924.60万元", "subject": "2019年12月31日", "subject_index": {"begin": 0, "end": 11}, "object_index": {"begin": 33, "end": 44}}]}
{"text": "2018年12月31日公司预收款项余额较2017年12月31日减少了14,361.04万元，2017年12月31日公司预收款项余额较2016年12月31日增加了17,109.85万元，主要原因为2017年末存在安悦汽车物资有限公司等客户利用公司在某些钢材品种与上游钢厂的优惠资源，与公司“拼单”向上游宝武钢铁集团采购之情形，且金额相对较大，即由上述客户支付给公司预付款，公司向上游集中采购后再销售给上述客户，上述客户对公司有较大金额的预付款，而在2017年年末，该采购的原材料尚未配送销售给客户，导致公司2017年末预收款项金额较大。", "spo_list": [{"predicate": "预收款项", "object_type": "金额", "subject_type": "日期", "object": "14,361.04万元", "subject": "2018年12月31日", "subject_index": {"begin": 0, "end": 11}, "object_index": {"begin": 34, "end": 45}}]}
{"text": "2017年度、2018年度和2019年，公司筹资活动产生的现金流量净额分别为-3,773.93万元、5,818.30万元和-22,870.90万元。", "spo_list": [{"predicate": "公司筹资活动产生的现金流量净额", "object_type": "金额", "subject_type": "日期", "object": "-3,773.93万元", "subject": "2017年度", "subject_index": {"begin": 0, "end": 6}, "object_index": {"begin": 38, "end": 49}}, {"predicate": "公司筹资活动产生的现金流量净额", "object_type": "金额", "subject_type": "日期", "object": "5,818.30万元", "subject": "2018年度", "subject_index": {"begin": 7, "end": 13}, "object_index": {"begin": 50, "end": 60}}, {"predicate": "公司筹资活动产生的现金流量净额", "object_type": "金额", "subject_type": "日期", "object": "-22,870.90万元", "subject": "2019年", "subject_index": {"begin": 14, "end": 19}, "object_index": {"begin": 61, "end": 73}}]}
{"text": "此外，根据国家统计局公布的2019年中国经济数据，2019年全年全国居民人均可支配收入30,733元，比上年名义增长8.90%，扣除价格因素，实际增长5.8%。同时全年全国居民人均消费支出21,559元，比上年名义增长8.6%，扣除价格因素，实际增长5.5%。全国宏观经济快速发展不仅带动了国民人均消费水平稳步提升，同时有助于我国汽车行业的快速发展。", "spo_list": [{"predicate": "其他收入", "object_type": "金额", "subject_type": "日期", "object": "30,733元", "subject": "2019年", "subject_index": {"begin": 25, "end": 30}, "object_index": {"begin": 43, "end": 50}}, {"predicate": "其他收入", "object_type": "金额", "subject_type": "日期", "object": "21,559元", "subject": "2019年", "subject_index": {"begin": 25, "end": 30}, "object_index": {"begin": 94, "end": 101}}]}
{"text": "截至2018年12月31日和2017年12月31日，福然德股份财务报表所示应收账款项目账面余额分别为人民币75,146.22万元和71,823.04万元，坏账准备分别为人民币2,264.22万元和2,184.49万元，账面价值分别为人民币72,882.00万元和69,638.55万元。", "spo_list": [{"predicate": "长期应收款", "object_type": "金额", "subject_type": "日期", "object": "71,823.04万元", "subject": "2017年12月31日", "subject_index": {"begin": 14, "end": 25}, "object_index": {"begin": 65, "end": 76}}, {"predicate": "长期应收款", "object_type": "金额", "subject_type": "日期", "object": "75,146.22万元", "subject": "2018年12月31日", "subject_index": {"begin": 2, "end": 13}, "object_index": {"begin": 53, "end": 64}}, {"predicate": "坏账准备", "object_type": "金额", "subject_type": "日期", "object": "2,184.49万元", "subject": "2017年12月31日", "subject_index": {"begin": 14, "end": 25}, "object_index": {"begin": 98, "end": 108}}, {"predicate": "坏账准备", "object_type": "金额", "subject_type": "日期", "object": "2,264.22万元", "subject": "2018年12月31日", "subject_index": {"begin": 2, "end": 13}, "object_index": {"begin": 87, "end": 97}}, {"predicate": "净资产账面价值", "object_type": "金额", "subject_type": "日期", "object": "69,638.55万元", "subject": "2017年12月31日", "subject_index": {"begin": 14, "end": 25}, "object_index": {"begin": 131, "end": 142}}, {"predicate": "净资产账面价值", "object_type": "金额", "subject_type": "日期", "object": "72,882.00万元", "subject": "2018年12月31日", "subject_index": {"begin": 2, "end": 13}, "object_index": {"begin": 119, "end": 130}}]}
{"text": "截至2017年末、2018年末和2019年末，公司应收票据账面价值分别为7,266.09万元、33,660.53万元和51,998.88万元；应收票据占资产总额的比重分别为2.72%、11.01%和13.62%。公司2019年末应收票据账面价值较2018年末增加18,338.35万元，增长54.48%，主要系公司2019年开具银行承兑汇票支付上游货款有所增加，背书转让的票据有所减少所致；公司2018年末应收票据账面价值较2017年增加26,394.44万元，增长363.26%，主要原因如下：一、公司2018年票据收款比例较2017年有所上升；二、公司原材料采购结算部分采取票据背书方式，2018年年末汽车钢材供需关系不如2017年底紧张，部分钢厂只要求预付一定比例的采购款，2017年末则要求全额预付采购款。", "spo_list": [{"predicate": "应收票据", "object_type": "金额", "subject_type": "日期", "object": "51,998.88万元", "subject": "2019年末", "subject_index": {"begin": 16, "end": 22}, "object_index": {"begin": 59, "end": 70}}, {"predicate": "应收票据", "object_type": "金额", "subject_type": "日期", "object": "33,660.53万元", "subject": "2018年末", "subject_index": {"begin": 9, "end": 15}, "object_index": {"begin": 47, "end": 58}}, {"predicate": "应收票据", "object_type": "金额", "subject_type": "日期", "object": "7,266.09万元", "subject": "2017年末", "subject_index": {"begin": 2, "end": 8}, "object_index": {"begin": 36, "end": 46}}, {"predicate": "应收票据", "object_type": "金额", "subject_type": "日期", "object": "18,338.35万元", "subject": "2019年", "subject_index": {"begin": 108, "end": 113}, "object_index": {"begin": 131, "end": 142}}, {"predicate": "应收票据", "object_type": "金额", "subject_type": "日期", "object": "26,394.44万元", "subject": "2018年", "subject_index": {"begin": 197, "end": 202}, "object_index": {"begin": 219, "end": 230}}]}
{"text": "截至2017年末、2018年末和2019年末，公司预付款项余额分别为69,765.29万元、43,774.13万元和60,698.73万元，占资产总额的比例分别为26.16%、14.32%和15.90%。公司的预付款项主要为预付上游各大钢铁公司的材料采购款。2019年预付款项较2018年增加16,924.60万元，增长38.66%，主要原因是2019年12月向供应商采购期货订单量增加所致；2018年末公司预付款项较2017年末减少25,991.16万元，下降37.26%，主要系2018年年末汽车钢材供需关系不如2017年底紧张，部分钢厂只要求预付一定比例的采购款，2017年末则要求全额预付采购款", "spo_list": [{"predicate": "预付款项", "object_type": "金额", "subject_type": "日期", "object": "60,698.73万元", "subject": "2019年末", "subject_index": {"begin": 16, "end": 22}, "object_index": {"begin": 58, "end": 69}}, {"predicate": "预付款项", "object_type": "金额", "subject_type": "日期", "object": "43,774.13万元", "subject": "2018年末", "subject_index": {"begin": 9, "end": 15}, "object_index": {"begin": 46, "end": 57}}, {"predicate": "预付款项", "object_type": "金额", "subject_type": "日期", "object": "69,765.29万元", "subject": "2017年末", "subject_index": {"begin": 2, "end": 8}, "object_index": {"begin": 34, "end": 45}}, {"predicate": "预付款项", "object_type": "金额", "subject_type": "日期", "object": "25,991.16万元", "subject": "2018年", "subject_index": {"begin": 196, "end": 201}, "object_index": {"begin": 217, "end": 228}}, {"predicate": "预付款项", "object_type": "金额", "subject_type": "日期", "object": "16,924.60万元", "subject": "2019年", "subject_index": {"begin": 129, "end": 134}, "object_index": {"begin": 146, "end": 157}}]}
{"text": "报告期内，公司对上海钢铁交易中心的“挂单销售”的销售收入分别为7,924.18万元、12,591.87万元、12,001.83万元，占当年配送销售收入的比例分别为1.54%、2.27%和2.21%，毛利分别为546.63万元、583.47万元和318.35万元，占当期配送毛利总额的比例分别为1.06%、1.10%和0.64%。公司整体上通过“订单销售”模式进行销售，通过上述模式的销售数量和金额占公司整体比例较小，且公司通过上述销售模式进行销售时，其定价亦会综合考虑采购成本、市场行情、供需结构等因素，尽量避免“亏损销售”。虽然某些大类的某些年份的毛利率为负数，但是总体上毛利率仍为正，不会对公司整体经营业绩产生重大影响", "spo_list": [{"predicate": "毛利额", "object_type": "金额", "subject_type": "日期", "object": "546.63万元", "subject": "报告期内", "subject_index": {"begin": 0, "end": 4}, "object_index": {"begin": 104, "end": 112}}, {"predicate": "毛利额", "object_type": "金额", "subject_type": "日期", "object": "583.47万元", "subject": "报告期内", "subject_index": {"begin": 0, "end": 4}, "object_index": {"begin": 113, "end": 121}}, {"predicate": "毛利额", "object_type": "金额", "subject_type": "日期", "object": "318.35万元", "subject": "报告期内", "subject_index": {"begin": 0, "end": 4}, "object_index": {"begin": 122, "end": 130}}, {"predicate": "其他成本", "object_type": "金额", "subject_type": "日期", "object": "7,924.18万元", "subject": "报告期内", "subject_index": {"begin": 0, "end": 4}, "object_index": {"begin": 31, "end": 41}}, {"predicate": "其他成本", "object_type": "金额", "subject_type": "日期", "object": "12,591.87万元", "subject": "报告期内", "subject_index": {"begin": 0, "end": 4}, "object_index": {"begin": 42, "end": 53}}, {"predicate": "其他成本", "object_type": "金额", "subject_type": "日期", "object": "12,001.83万元", "subject": "报告期内", "subject_index": {"begin": 0, "end": 4}, "object_index": {"begin": 54, "end": 65}}]}
{"text": "截至2017年末、2018年末和2019年末，公司预收款项账面价值分别为24,727.60万元、10,366.56万元和10,173.23万元，占负债总额的比重分别为17.49%、7.00%和5.32%。公司预收款项账龄主要为1年以内。", "spo_list": [{"predicate": "预收款项", "object_type": "金额", "subject_type": "日期", "object": "24,727.60万元", "subject": "2017年末", "subject_index": {"begin": 2, "end": 8}, "object_index": {"begin": 36, "end": 47}}, {"predicate": "预收款项", "object_type": "金额", "subject_type": "日期", "object": "10,366.56万元", "subject": "2018年末", "subject_index": {"begin": 9, "end": 15}, "object_index": {"begin": 48, "end": 59}}, {"predicate": "预收款项", "object_type": "金额", "subject_type": "日期", "object": "10,173.23万元", "subject": "2019年末", "subject_index": {"begin": 16, "end": 22}, "object_index": {"begin": 60, "end": 71}}]}
{"text": "截至2017年末、2018年末和2019年末，公司应交税费分别为6,025.19万元、4,453.72万元和4,642.25万元，占总负债比分别为4.26%、3.01%和2.43%，占比较小。", "spo_list": [{"predicate": "应交税费", "object_type": "金额", "subject_type": "日期", "object": "6,025.19万元", "subject": "2017年末", "subject_index": {"begin": 2, "end": 8}, "object_index": {"begin": 32, "end": 42}}, {"predicate": "应交税费", "object_type": "金额", "subject_type": "日期", "object": "4,453.72万元", "subject": "2018年末", "subject_index": {"begin": 9, "end": 15}, "object_index": {"begin": 43, "end": 53}}, {"predicate": "应交税费", "object_type": "金额", "subject_type": "日期", "object": "4,642.25万元", "subject": "2019年末", "subject_index": {"begin": 16, "end": 22}, "object_index": {"begin": 54, "end": 64}}]}
{"text": "报告期内，公司递延收益均为与资产相关的政府补助，占负债总额的比重较小。根据上海市经济和信息化委员会《关于下达2013年第二批上海市重点技术改造专项资金计划的通知》（沪经信投〔2014〕83号），公司2015年收到专项补助资金249.00万元，2018年收到专项补助资金497.98万元。公司根据购进资产的剩余折旧年限将递延收益分期摊销计入当期损益。2017年计入其他收益金额24.90万元，2018年计入其他收益金额73.77万元，2019年计入其他收益金额96.76万元。", "spo_list": [{"predicate": "其他收益", "object_type": "金额", "subject_type": "日期", "object": "24.90万元", "subject": "2017年", "subject_index": {"begin": 174, "end": 179}, "object_index": {"begin": 187, "end": 194}}, {"predicate": "其他收益", "object_type": "金额", "subject_type": "日期", "object": "73.77万元", "subject": "2018年", "subject_index": {"begin": 195, "end": 200}, "object_index": {"begin": 208, "end": 215}}, {"predicate": "其他收益", "object_type": "金额", "subject_type": "日期", "object": "96.76万元", "subject": "2019年", "subject_index": {"begin": 216, "end": 221}, "object_index": {"begin": 229, "end": 236}}]}
{"text": "2017年、2018年和2019年，公司应收账款周转率分别为8.54、7.88和7.37，周转率较高。", "spo_list": [{"predicate": "应收账款周转率", "object_type": "日期", "subject_type": "比率", "object": "2017年", "subject": "8.54", "subject_index": {"begin": 30, "end": 34}, "object_index": {"begin": 0, "end": 5}}, {"predicate": "应收账款周转率", "object_type": "日期", "subject_type": "比率", "object": "2018年", "subject": "7.88", "subject_index": {"begin": 35, "end": 39}, "object_index": {"begin": 6, "end": 11}}, {"predicate": "应收账款周转率", "object_type": "日期", "subject_type": "比率", "object": "2019年", "subject": "7.37", "subject_index": {"begin": 40, "end": 44}, "object_index": {"begin": 12, "end": 17}}]}
{"text": "2018年公司应收账款周转率较2017年下降7.76%，主要原因是公司营业收入增长速度低于应收账款平均账面价值增长速度，2018年公司营业收入较2017年增长8.08%，而2018年应收账款平均账面价值较2017年增长17.18%，导致应收账款周转率有所下降。", "spo_list": [{"predicate": "应收账款周转率", "object_type": "日期", "subject_type": "比率", "object": "2018年", "subject": "7.76%", "subject_index": {"begin": 22, "end": 27}, "object_index": {"begin": 0, "end": 5}}, {"predicate": "应收账款周转率", "object_type": "日期", "subject_type": "比率", "object": "2018年", "subject": "8.08%", "subject_index": {"begin": 79, "end": 84}, "object_index": {"begin": 60, "end": 65}}, {"predicate": "应收账款周转率", "object_type": "日期", "subject_type": "比率", "object": "2018年", "subject": "17.18%", "subject_index": {"begin": 109, "end": 115}, "object_index": {"begin": 86, "end": 91}}]}
{"text": "根据上海市经济信息化委、市财政局《关于下达2013年第二批上海市重点技术改造专项资金计划的通知》（沪经信投〔2014〕83号），本公司2015年收到专项补助资金249.00万元，2018年收到专项补助资金497.98万元，用于建设汽车覆盖件及家电板深加工基地建设项目，与资产相关。公司根据购进资产的剩余折旧年限分期摊销计入当期损益。2017年计入其他收益金额24.90万元，2018年计入其他收益金额73.77万元，2019年度计入其他收益金额96.76万元。", "spo_list": [{"predicate": "其他收益", "object_type": "金额", "subject_type": "日期", "object": "24.90万元", "subject": "2017年", "subject_index": {"begin": 166, "end": 171}, "object_index": {"begin": 179, "end": 186}}, {"predicate": "其他收益", "object_type": "金额", "subject_type": "日期", "object": "73.77万元", "subject": "2018年", "subject_index": {"begin": 187, "end": 192}, "object_index": {"begin": 200, "end": 207}}, {"predicate": "其他收益", "object_type": "金额", "subject_type": "日期", "object": "96.76万元", "subject": "2019年", "subject_index": {"begin": 208, "end": 213}, "object_index": {"begin": 222, "end": 229}}]}
{"text": "2019年12月31日公司应付账款余额较2018年12月31日增加了3,641.53万元，主要系募投项目实施导致应付工程设备款增加所致；2018年12月31日公司应付账款余额较2017年12月31日减少了958.02万元，主要系公司2018年支付2017年固定资产采购款所致；2017年12月31日公司应付账款余额较2016年12月31日减少了7,926.60万元，主要系公司支付了应付上海百营原材料采购款所致。", "spo_list": [{"predicate": "应付账款", "object_type": "金额", "subject_type": "日期", "object": "3,641.53万元", "subject": "2019年12月31日", "subject_index": {"begin": 0, "end": 11}, "object_index": {"begin": 34, "end": 44}}, {"predicate": "应付账款", "object_type": "金额", "subject_type": "日期", "object": "7,926.60万元", "subject": "2017年12月31日", "subject_index": {"begin": 138, "end": 149}, "object_index": {"begin": 172, "end": 182}}, {"predicate": "应付账款", "object_type": "金额", "subject_type": "日期", "object": "958.02万元", "subject": "2019年12月31日", "subject_index": {"begin": 0, "end": 11}, "object_index": {"begin": 102, "end": 110}}]}
{"text": "2017年度、2018年度和2019年，公司投资活动产生的现金流量净额分别为-1,084.40万元、-6,338.65万元和-11,948.81万元。", "spo_list": [{"predicate": "公司投资活动产生的现金流量净额", "object_type": "金额", "subject_type": "日期", "object": "-11,948.81万元", "subject": "2019年", "subject_index": {"begin": 14, "end": 19}, "object_index": {"begin": 62, "end": 74}}, {"predicate": "公司投资活动产生的现金流量净额", "object_type": "金额", "subject_type": "日期", "object": "-6,338.65万元", "subject": "2018年度", "subject_index": {"begin": 7, "end": 13}, "object_index": {"begin": 50, "end": 61}}, {"predicate": "公司投资活动产生的现金流量净额", "object_type": "金额", "subject_type": "日期", "object": "-1,084.40万元", "subject": "2017年度", "subject_index": {"begin": 0, "end": 6}, "object_index": {"begin": 38, "end": 49}}]}
