{"text": "2007年12月31日根据上述评估结果，零部件总厂净资产评估值为5,133.63万元，评估增值1,062.16万元，增值率为26.09%。其中，土地使用权评估值为3,235.24万元，评估增值2,047.28万元，增值率为172.34%，增值较大的主要原因是该地位于临桂县临桂镇机场路北侧，地价上涨。", "spo_list": [{"predicate": "净资产评估值", "object_type": "金额", "subject_type": "日期", "object": "5,133.63万元", "subject": "2007年12月31日", "subject_index": {"begin": 0, "end": 11}, "object_index": {"begin": 32, "end": 42}}]}
{"text": "2013年末，公司货币资金余额较2012年末减少4,690.50万元，同比降低18.27%，主要因为银行承兑汇票保证金同比减少11,197.21万元以及银行存款余额同比增加5,307.40万元。其中，银行承兑汇票保证金变动原因主要为本期公司更多采用票据背书的方式支付供应商货款，使得期末应付票据余额降低，相应造成银行承兑汇票保证金期末余额下降；银行存款余额增加主要由于期末银行借款到账。", "spo_list": [{"predicate": "货币资金余额", "object_type": "金额", "subject_type": "日期", "object": "4,690.50万元", "subject": "2013年末", "subject_index": {"begin": 0, "end": 6}, "object_index": {"begin": 24, "end": 34}}]}
{"text": "2012年末，公司其他应收款较2011年末增加194.98万元，同比增长29.04%；2013年末，公司其他应收款较2012年末增加178.59万元，同比增长20.61%。两期末其他应收款增幅较大的主要原因是2012年和2013年分别支付上市费用278.85万元和122.64万元。", "spo_list": [{"predicate": "长期应收款", "object_type": "金额", "subject_type": "日期", "object": "194.98万元", "subject": "2012年末", "subject_index": {"begin": 0, "end": 6}, "object_index": {"begin": 23, "end": 31}}]}
{"text": "2014年6月末，公司在建工程余额较2013年末减少7,112.05万元，下降28.20%；比2013年6月末下降52.77%。在建工程本期增加11,724.57万元，主要为桂林曲轴的新厂区建设和新生产线的建设投入；在建工程本期减少18,836.62万元，主要为福达锻造“年产10万吨精密锻件项目”中，已达到正常生产状态的生产线由在建工程转入固定资产。", "spo_list": [{"predicate": "罚款", "object_type": "金额", "subject_type": "日期", "object": "7,112.05万元", "subject": "2014年6月末", "subject_index": {"begin": 0, "end": 8}, "object_index": {"begin": 26, "end": 36}}]}
{"text": "2013年末，公司应付账款余额与2012年末基本持平。2013年末公司应付票据余额较2012年末减少11,480.95万元，同比降低27.52%，主要由于本期公司更多采用票据背书的方式支付供应商货款，导致开具的银行承兑汇票较少。", "spo_list": [{"predicate": "应付账款", "object_type": "金额", "subject_type": "日期", "object": "11,480.95万元", "subject": "2013年末", "subject_index": {"begin": 27, "end": 33}, "object_index": {"begin": 50, "end": 61}}]}
{"text": "截至2014年6月末，公司长期应付款余额3,048.72万元为公司应付融资租入固定资产租赁费。具体分析详见本招股说明书“第十一节管理层讨论与分析”之“一/（一）/3/（1）固定资产”。", "spo_list": [{"predicate": "长期应付款", "object_type": "金额", "subject_type": "日期", "object": "3,048.72万元", "subject": "2014年6月末", "subject_index": {"begin": 2, "end": 10}, "object_index": {"begin": 20, "end": 30}}]}
{"text": "2012年，公司销售费用较2011年减少1,422.65万元，降幅为25.20%，主要由于本期售后三包费及运输费下降所致，具体分析如下：", "spo_list": [{"predicate": "销售费用", "object_type": "金额", "subject_type": "日期", "object": "1,422.65万元", "subject": "2012年", "subject_index": {"begin": 0, "end": 5}, "object_index": {"begin": 20, "end": 30}}]}
{"text": "本公司是广西地区汽车零部件主要生产企业。根据广西壮族自治区经济委员会的规划，2008至2012年，广西汽车工业围绕并依托整车和车用发动机的产业优势，推动以柳州为中心，桂林、玉林为基地的汽车产业集群建设。2012年，广西汽车工业实现销售收入1,561.00亿元，完成工业增加值349.09亿元。（资料来源：《2013年中国汽车工业年鉴》）。广西境内优质的下游客户资源为本公司提供了具备竞争力的区位优势，使本公司更好地与下游主机配套厂商协同开发，形成相互促进的产业集群。", "spo_list": [{"predicate": "其他收入", "object_type": "金额", "subject_type": "日期", "object": "1,561.00亿元", "subject": "2012年", "subject_index": {"begin": 101, "end": 106}, "object_index": {"begin": 119, "end": 129}}]}
{"text": "2007年12月31日根据上述评估结果，福达有限净资产评估值为21,490.41万元，评估增值8,692.79万元，增值率为67.93%。其中，长期股权投资评估增值7,165.60万元，增值率为77.88%，评估增值较大的主要原因是：母公司对子公司的长期股权投资采用成本法核算，账面价值为投资成本。", "spo_list": [{"predicate": "净资产评估值", "object_type": "金额", "subject_type": "日期", "object": "21,490.41万元", "subject": "2007年12月31日", "subject_index": {"begin": 0, "end": 11}, "object_index": {"begin": 31, "end": 42}}]}
{"text": "2014年6月末，公司货币资金余额较2013年末增加9,490.20万元，增长45.23%；比2013年6月末增长140.28%，增幅较大主要由于公司期末应付票据绝对金额较高使得银行承兑汇票保证金增加3,211.16万元以及货款收回使得期末银行存款大幅增加。", "spo_list": [{"predicate": "货币资金余额", "object_type": "金额", "subject_type": "日期", "object": "9,490.20万元", "subject": "2014年6月末", "subject_index": {"begin": 0, "end": 8}, "object_index": {"begin": 26, "end": 36}}]}
{"text": "2011年，公司在建工程本期增加51,623.53万元，主要为“年产10万吨精密锻件项目”、武汉曲轴1#厂房、齿轮联合厂房、离合器联合厂房的建设投入；在建工程2011年减少主要为项目完工转入固定资产使在建工程本期减少40,843.42万元。", "spo_list": [{"predicate": "在建工程净额", "object_type": "金额", "subject_type": "日期", "object": "51,623.53万元", "subject": "2011年", "subject_index": {"begin": 0, "end": 5}, "object_index": {"begin": 16, "end": 27}}, {"predicate": "在建工程净额", "object_type": "金额", "subject_type": "日期", "object": "40,843.42万元", "subject": "2011年", "subject_index": {"begin": 79, "end": 84}, "object_index": {"begin": 108, "end": 119}}]}
{"text": "2012年末，公司应付账款余额较2011年末余额减少3,430.80万元，同比下降18.94%，主要是因为本期采购规模有所降低以及福达锻造钢材采购应供应商要求采用预付款方式结算。2012年末，公司应付票据较2011年末余额增加5,633.20万元，同比增长15.61%，主要是因为本期在银行授信范围内增加通过银行开具票据的方式支付货款的比例", "spo_list": [{"predicate": "应付账款", "object_type": "金额", "subject_type": "日期", "object": "3,430.80万元", "subject": "2012年末", "subject_index": {"begin": 0, "end": 6}, "object_index": {"begin": 26, "end": 36}}, {"predicate": "应付票据", "object_type": "金额", "subject_type": "日期", "object": "5,633.20万元", "subject": "2012年末", "subject_index": {"begin": 89, "end": 95}, "object_index": {"begin": 113, "end": 123}}]}
{"text": "2014年6月末，公司应付账款余额较2013年末略有增长，而应付票据余额较2013年末增加14,234.60万元，同比增长47.08%。应付票据增幅较大主要是因为本期公司更多使用开立银行承兑汇票支付货款所致。", "spo_list": [{"predicate": "应付票据", "object_type": "金额", "subject_type": "日期", "object": "14,234.60万元", "subject": "2014年6月末", "subject_index": {"begin": 0, "end": 8}, "object_index": {"begin": 45, "end": 56}}]}
{"text": "截至2014年6月末，专项应付款余额7,064.29万元为公司因“退二进三”政策搬迁而收到政府拨付的搬迁补偿款。公司“退二进三”搬迁的相关内容详见本招股说明书“第十节财务会计信息”之“十二/（三）其他重要事项”。", "spo_list": [{"predicate": "长期应付款", "object_type": "金额", "subject_type": "日期", "object": "7,064.29万元", "subject": "2014年6月末", "subject_index": {"begin": 2, "end": 10}, "object_index": {"begin": 18, "end": 28}}]}
