{"text": "报告期内，公司国外销售金额持续上涨，2012-2014年分别为2,300.64万元、10,515.73万元和18,310.26万元。其主要原因为：公司在维护国内主要客户的同时，积极开发国外市场，2013年公司获得了法国阿尔斯通授予的―2013-2014最佳交付奖‖，随着国外客户对公司认可度的提高，海外订单量有所增加；此外，公司同美国通用电气轨道交通部签订了转向架框架销售协议，随着公司生产工艺和熟练度的提高，公司转向架产销量逐年递增。", "spo_list": [{"predicate": "其他收益", "object_type": "金额", "subject_type": "日期", "object": "2,300.64万元", "subject": "2012-2014年", "subject_index": {"begin": 18, "end": 28}, "object_index": {"begin": 31, "end": 41}}, {"predicate": "其他收益", "object_type": "金额", "subject_type": "日期", "object": "10,515.73万元", "subject": "2012-2014年", "subject_index": {"begin": 18, "end": 28}, "object_index": {"begin": 42, "end": 53}}, {"predicate": "其他收益", "object_type": "金额", "subject_type": "日期", "object": "18,310.26万元", "subject": "2012-2014年", "subject_index": {"begin": 18, "end": 28}, "object_index": {"begin": 54, "end": 65}}]}
{"text": "截至2014年12月31日，公司预收款项余额为494.04万元，具体情况详见本招股说明书", "spo_list": [{"predicate": "预收款项", "object_type": "金额", "subject_type": "日期", "object": "494.04万元", "subject": "2014年12月31日", "subject_index": {"begin": 2, "end": 13}, "object_index": {"begin": 23, "end": 31}}]}
{"text": "2014.2013.2012年公司预付款项主要是预付原材料、设备采购与基建工程款。报告期各期末预付款项余额分别为805.37万元、1,701.43万元和2,328.25万元，占流动资产比例分别为1.87%、3.48%和4.06%，其中，账龄一年以内的占比均在80%以上。报告期各期末，公司预付账款增幅较大，主要由原材料采购款和电费构成。", "spo_list": [{"predicate": "预付款项", "object_type": "金额", "subject_type": "日期", "object": "805.37万元", "subject": "2014", "subject_index": {"begin": 0, "end": 4}, "object_index": {"begin": 56, "end": 64}}, {"predicate": "预付款项", "object_type": "金额", "subject_type": "日期", "object": "1,701.43万元", "subject": "2013", "subject_index": {"begin": 5, "end": 9}, "object_index": {"begin": 65, "end": 75}}, {"predicate": "预付款项", "object_type": "金额", "subject_type": "日期", "object": "2,328.25万元", "subject": ".2012年", "subject_index": {"begin": 9, "end": 15}, "object_index": {"begin": 76, "end": 86}}]}
{"text": "2014.2013.2012年公司报告期各期末其他应收款余额分别为50.29万元、28.00万元和47.83万元，", "spo_list": [{"predicate": "长期应收款", "object_type": "金额", "subject_type": "日期", "object": "50.29万元", "subject": "2014", "subject_index": {"begin": 0, "end": 4}, "object_index": {"begin": 33, "end": 40}}, {"predicate": "长期应收款", "object_type": "金额", "subject_type": "日期", "object": "28.00万元", "subject": "2013", "subject_index": {"begin": 5, "end": 9}, "object_index": {"begin": 41, "end": 48}}, {"predicate": "长期应收款", "object_type": "金额", "subject_type": "日期", "object": "47.83万元", "subject": "2012年", "subject_index": {"begin": 10, "end": 15}, "object_index": {"begin": 49, "end": 56}}]}
{"text": "2014.2013.2012年，公司在建工程余额分别为4,080.36万元、187.43万元和2,980.62万元。2012年末公司在建工程余额较高，主要原因是公司持续进行资本性投入，购置机器设备及进行厂房建设。2013年末，公司在建工程较2012年末大幅降低，主要是由于水轮机组关键铸钢件精加工项目相关厂房以及数控定梁龙门加工中心、双柱立式车床等机器设备已于2013年陆续转固。", "spo_list": [{"predicate": "在建工程账面价值", "object_type": "金额", "subject_type": "日期", "object": "4,080.36万元", "subject": "2014", "subject_index": {"begin": 0, "end": 4}, "object_index": {"begin": 27, "end": 37}}, {"predicate": "在建工程账面价值", "object_type": "金额", "subject_type": "日期", "object": "187.43万元", "subject": ".2013", "subject_index": {"begin": 4, "end": 9}, "object_index": {"begin": 38, "end": 46}}, {"predicate": "在建工程账面价值", "object_type": "金额", "subject_type": "日期", "object": "2,980.62万元", "subject": "2012年", "subject_index": {"begin": 10, "end": 15}, "object_index": {"begin": 47, "end": 57}}]}
{"text": "2014.2013.2012年公司预收款项余额分别为720.04万元和300.73万元和494.04万元，在流动负债中占比分别为1.58%、0.68%和0.92%。", "spo_list": [{"predicate": "预收款项", "object_type": "金额", "subject_type": "日期", "object": "720.04万元", "subject": "2014", "subject_index": {"begin": 0, "end": 4}, "object_index": {"begin": 26, "end": 34}}, {"predicate": "预收款项", "object_type": "金额", "subject_type": "日期", "object": "300.73万元", "subject": "2013", "subject_index": {"begin": 5, "end": 9}, "object_index": {"begin": 35, "end": 43}}, {"predicate": "预收款项", "object_type": "金额", "subject_type": "日期", "object": "494.04万元", "subject": "2012年", "subject_index": {"begin": 10, "end": 15}, "object_index": {"begin": 44, "end": 52}}]}
{"text": "2012年12月，根据鞍山市经济开发区管理委员会财政局《关于转发〈关于下达国有土地使用权出让安排的专项支出指标的通知〉的通知》（鞍经财指〔2012〕21号）文，福鞍机械收到鞍山市经济开发区管理委员会财政局拨付的国有土地转让补助资金3,210,000.00元，计入递延收益。2012年5月该土地转入无形资产，按照土地使用权尚可使用年限平均摊销计入营业外收入，2014年12月31日余额为307.47万元。", "spo_list": [{"predicate": "递延所得税资产", "object_type": "金额", "subject_type": "日期", "object": "3,210,000.00元", "subject": "2012年12月", "subject_index": {"begin": 0, "end": 8}, "object_index": {"begin": 115, "end": 128}}]}
{"text": "截至2014年12月31日，公司已累计收到上市财政补助资金800万元，2012年、2013年、2014年发生的与企业上市相关的费用分别为432.04万元、121.57万元、97.86万元，将上述奖励资金对应已发生的上市费用计入营业外收入，2014年12月31日余额为148.54万元。", "spo_list": [{"predicate": "其他成本", "object_type": "金额", "subject_type": "日期", "object": "432.04万元", "subject": "2012年", "subject_index": {"begin": 35, "end": 40}, "object_index": {"begin": 68, "end": 76}}, {"predicate": "其他成本", "object_type": "金额", "subject_type": "日期", "object": "121.57万元", "subject": "2013年", "subject_index": {"begin": 41, "end": 46}, "object_index": {"begin": 77, "end": 85}}, {"predicate": "其他成本", "object_type": "金额", "subject_type": "日期", "object": "97.86万元", "subject": "2014年", "subject_index": {"begin": 47, "end": 52}, "object_index": {"begin": 86, "end": 93}}]}
{"text": "2012年、2013年、2014年公司适当承接部分使用非关键工序加工设备的外部机加业务，提高整体产能利用率。申报期各期公司机械加工业务分别实现收入2,797.51万元、1,062.84万元和1,152.20万元。", "spo_list": [{"predicate": "其他收益", "object_type": "金额", "subject_type": "日期", "object": "2,797.51万元", "subject": "2012年", "subject_index": {"begin": 0, "end": 5}, "object_index": {"begin": 73, "end": 83}}, {"predicate": "其他收益", "object_type": "金额", "subject_type": "日期", "object": "1,062.84万元", "subject": "2013年", "subject_index": {"begin": 6, "end": 11}, "object_index": {"begin": 84, "end": 94}}, {"predicate": "其他收益", "object_type": "金额", "subject_type": "日期", "object": "1,152.20万元", "subject": "2014年", "subject_index": {"begin": 12, "end": 17}, "object_index": {"begin": 95, "end": 105}}]}
{"text": "2012年、2013年、2014年公司制造费用主要为设备折旧、能源消耗、车间管理人员工资等，报告期内分别为5,662.37万元、5,102.27万元和5,647.62万元，占营业成本的比重分别为19.99%、18.29%和18.64%。", "spo_list": [{"predicate": "其他成本", "object_type": "金额", "subject_type": "日期", "object": "5,662.37万元", "subject": "012年", "subject_index": {"begin": 1, "end": 5}, "object_index": {"begin": 53, "end": 63}}, {"predicate": "其他成本", "object_type": "金额", "subject_type": "日期", "object": "5,102.27万元", "subject": "2013年", "subject_index": {"begin": 6, "end": 11}, "object_index": {"begin": 64, "end": 74}}, {"predicate": "其他成本", "object_type": "金额", "subject_type": "日期", "object": "5,647.62万元", "subject": "2014年", "subject_index": {"begin": 12, "end": 17}, "object_index": {"begin": 75, "end": 85}}]}
{"text": "2012年、2013年、2014年，公司银行贷款金额较大，因此各期利息支出金额较高，报告期各期金额分别为3,008.61万元、3,226.73万元和2,969.15万元。2013年公司财务费用较2012年增加367.27万元，主要原因为随着公司银行贷款规模的增加，2013年利息支出较2012年增加218.12万元；此外，公司2013年出口收入增幅较大，汇兑损失金额增加了218.76万元。2014年公司财务费用较2013年略有下降，主要是由于公司出口商业发票贴现保理业务借款金额大幅提高，该业务的借款利率较低，因此公司2014年利息支出较2013年减少257.58万元。", "spo_list": [{"predicate": "应付利息", "object_type": "金额", "subject_type": "日期", "object": "3,008.61万元", "subject": "2012年", "subject_index": {"begin": 0, "end": 5}, "object_index": {"begin": 52, "end": 62}}, {"predicate": "应付利息", "object_type": "金额", "subject_type": "日期", "object": "3,226.73万元", "subject": "2013年", "subject_index": {"begin": 6, "end": 11}, "object_index": {"begin": 63, "end": 73}}, {"predicate": "应付利息", "object_type": "金额", "subject_type": "日期", "object": "2,969.15万元", "subject": "2014年", "subject_index": {"begin": 12, "end": 17}, "object_index": {"begin": 74, "end": 84}}]}
{"text": "2012年、2013年、2014年，为满足订单需求，公司持续进行资本性支出扩大产能，近三年购建固定资产、无形资产和其他长期资产支付的现金分别为7,299.83万元、5,263.30万元和4,338.31万元。", "spo_list": [{"predicate": "其他成本", "object_type": "金额", "subject_type": "日期", "object": "7,299.83万元", "subject": "2012年", "subject_index": {"begin": 0, "end": 5}, "object_index": {"begin": 71, "end": 81}}, {"predicate": "其他成本", "object_type": "金额", "subject_type": "日期", "object": "5,263.30万元", "subject": "2013年", "subject_index": {"begin": 6, "end": 11}, "object_index": {"begin": 82, "end": 92}}, {"predicate": "其他成本", "object_type": "金额", "subject_type": "日期", "object": "4,338.31万元", "subject": "2014年", "subject_index": {"begin": 12, "end": 17}, "object_index": {"begin": 93, "end": 103}}]}
{"text": "2012年、2013年、2014年公司所处铸造行业具有资本密集、技术密集的特性，报告期内，公司购建固定资产、无形资产和其他长期资产所支付的现金分别为7,299.83万元、5,263.30万元和4,338.31万元。", "spo_list": [{"predicate": "其他成本", "object_type": "金额", "subject_type": "日期", "object": "7,299.83万元", "subject": "2012年", "subject_index": {"begin": 0, "end": 5}, "object_index": {"begin": 74, "end": 84}}, {"predicate": "其他成本", "object_type": "金额", "subject_type": "日期", "object": "5,263.30万元", "subject": "2013年", "subject_index": {"begin": 6, "end": 11}, "object_index": {"begin": 85, "end": 95}}, {"predicate": "其他成本", "object_type": "金额", "subject_type": "日期", "object": "4,338.31万元", "subject": "2014年", "subject_index": {"begin": 12, "end": 17}, "object_index": {"begin": 96, "end": 106}}]}
{"text": "截至2014年12月31日，公司应付账款余额为5,658.33万元，具体情况详见本招股说明书", "spo_list": [{"predicate": "应付账款", "object_type": "金额", "subject_type": "日期", "object": "5,658.33万元", "subject": "2014年12月31日", "subject_index": {"begin": 2, "end": 13}, "object_index": {"begin": 23, "end": 33}}]}
{"text": "2014.2013.2012年报告期各期末，公司货币资金余额分别为8,022.53万元、10,829.50万元和12,981.14万元，占同期流动资产的比例分别为18.67%、22.16%和22.65%，", "spo_list": [{"predicate": "货币资金余额", "object_type": "金额", "subject_type": "日期", "object": "12,981.14万元", "subject": "2012年", "subject_index": {"begin": 10, "end": 15}, "object_index": {"begin": 56, "end": 67}}, {"predicate": "货币资金余额", "object_type": "金额", "subject_type": "日期", "object": "10,829.50万元", "subject": ".2013", "subject_index": {"begin": 4, "end": 9}, "object_index": {"begin": 44, "end": 55}}, {"predicate": "货币资金余额", "object_type": "金额", "subject_type": "日期", "object": "8,022.53万元", "subject": "2014", "subject_index": {"begin": 0, "end": 4}, "object_index": {"begin": 33, "end": 43}}]}
{"text": "2014.2013.2012年应付票据余额分别为8,728.60万元、12,024.00万元和12,078.05万元，占流动负债比例分别为19.13%、27.23%和22.50%。2013年末公司应付票据余额较高，同2012年末相比增加3,295.4万元，增幅达37.75%，主要为采购原辅材料向供应商支付的银行承兑汇票。2014年末公司应付票据金额与2013年末基本持平。", "spo_list": [{"predicate": "应付票据", "object_type": "金额", "subject_type": "日期", "object": "12,078.05万元", "subject": ".2012年", "subject_index": {"begin": 9, "end": 15}, "object_index": {"begin": 47, "end": 58}}, {"predicate": "应付票据", "object_type": "金额", "subject_type": "日期", "object": "12,024.00万元", "subject": ".2013", "subject_index": {"begin": 4, "end": 9}, "object_index": {"begin": 35, "end": 46}}, {"predicate": "应付票据", "object_type": "金额", "subject_type": "日期", "object": "8,728.60万元", "subject": "2014.", "subject_index": {"begin": 0, "end": 5}, "object_index": {"begin": 24, "end": 34}}, {"predicate": "应付票据", "object_type": "金额", "subject_type": "日期", "object": "3,295.4万元", "subject": "2012年末", "subject_index": {"begin": 108, "end": 114}, "object_index": {"begin": 118, "end": 127}}]}
{"text": "2014.2013.2012年，公司应交税费余额分别为298.04万元、261.39万元和286.58万元，主要为应交企业所得税、增值税和个人所得税。", "spo_list": [{"predicate": "应交税费", "object_type": "金额", "subject_type": "日期", "object": "286.58万元", "subject": ".2012年", "subject_index": {"begin": 9, "end": 15}, "object_index": {"begin": 45, "end": 53}}, {"predicate": "应交税费", "object_type": "金额", "subject_type": "日期", "object": "261.39万元", "subject": "2013", "subject_index": {"begin": 5, "end": 9}, "object_index": {"begin": 36, "end": 44}}, {"predicate": "应交税费", "object_type": "金额", "subject_type": "日期", "object": "298.04万元", "subject": "2014", "subject_index": {"begin": 0, "end": 4}, "object_index": {"begin": 27, "end": 35}}]}
{"text": "2013年12月，根据辽宁省科学技术厅、辽宁省财政厅《关于下达2013年辽宁省第一批科学技术计划的通知》（辽科发【2013】29号）文及鞍山经济开发区管理委员会财政局《关于拨付2013年省科技专项预算资金的通知》（鞍经财指【2013】379号）文，公司收到鞍山铁西财政局拨付的―超临界耐热钢复杂大型铸件和大型汽轮机耐热钢缸体、阀体高端铸件‖项目科学技术专项资金400.00万元，其中380.00万元按购置相关资产的使用年限进行摊销计入营业外收入，2014年12月31日余额为250.46万元。", "spo_list": [{"predicate": "营业外支出", "object_type": "金额", "subject_type": "日期", "object": "380.00万元", "subject": "2013年12月", "subject_index": {"begin": 0, "end": 8}, "object_index": {"begin": 191, "end": 199}}]}
{"text": "2012年、2013年、2014年，公司应收账款周转率分别为2.40、2.20和2.14，应收账款周转率逐年下滑主要是由于应收账款余额的增长所致。公司客户主要为哈尔滨汽轮机厂有限责任公司、哈尔滨电机厂有限责任公司、东方电气集团东方汽轮机有限公司、美国通用电气等国内外知名企业，因此公司实行较为宽松的信用期政策，在公司销售收入略有增长的情况下，公司期末应收账款也有所增加，各期应收账款周转率略有下降。", "spo_list": [{"predicate": "应收账款周转率", "object_type": "日期", "subject_type": "比率", "object": "2014年", "subject": "2.14", "subject_index": {"begin": 40, "end": 44}, "object_index": {"begin": 12, "end": 17}}, {"predicate": "应收账款周转率", "object_type": "日期", "subject_type": "比率", "object": "2013年", "subject": "2.20", "subject_index": {"begin": 35, "end": 39}, "object_index": {"begin": 6, "end": 11}}, {"predicate": "应收账款周转率", "object_type": "日期", "subject_type": "比率", "object": "2012年", "subject": "2.40", "subject_index": {"begin": 30, "end": 34}, "object_index": {"begin": 0, "end": 5}}]}
{"text": "2012年、2013年、2014年，公司存货周转率分别为2.65、2.14和1.95，报告期内，公司各存货构成类别的周转情况如下：", "spo_list": [{"predicate": "存货周转率", "object_type": "日期", "subject_type": "比率", "object": "2014年", "subject": "1.95", "subject_index": {"begin": 38, "end": 42}, "object_index": {"begin": 12, "end": 17}}, {"predicate": "存货周转率", "object_type": "日期", "subject_type": "比率", "object": "2013年", "subject": "2.14", "subject_index": {"begin": 33, "end": 37}, "object_index": {"begin": 6, "end": 11}}, {"predicate": "存货周转率", "object_type": "日期", "subject_type": "比率", "object": "2012年", "subject": "2.65", "subject_index": {"begin": 28, "end": 32}, "object_index": {"begin": 0, "end": 5}}]}
{"text": "2014年发行人机械加工收入为1,152.20万元，较2013年略有上升", "spo_list": [{"predicate": "其他收入", "object_type": "金额", "subject_type": "日期", "object": "1,152.20万元", "subject": "2014年", "subject_index": {"begin": 0, "end": 5}, "object_index": {"begin": 15, "end": 25}}]}
{"text": "报告期内，公司国外销售金额持续上涨，2012-2014年分别为2,300.64万元、10,515.73万元和18,310.26万元。其主要原因为：公司在维护国内主要客户的同时，积极开发国外市场，2013年公司获得了法国阿尔斯通授予的―2013-2014最佳交付奖‖，随着国外客户对公司认可度的提高，海外订单量有所增加；公司同美国通用电气轨道交通部签订了转向架框架销售协议，随着公司生产工艺和熟练度的提高，公司转向架产品量产能力提高。", "spo_list": [{"predicate": "其他成本", "object_type": "金额", "subject_type": "日期", "object": "2,300.64万元", "subject": "2012-2014年", "subject_index": {"begin": 18, "end": 28}, "object_index": {"begin": 31, "end": 41}}, {"predicate": "其他成本", "object_type": "金额", "subject_type": "日期", "object": "10,515.73万元", "subject": "2012-2014年", "subject_index": {"begin": 18, "end": 28}, "object_index": {"begin": 42, "end": 53}}, {"predicate": "其他成本", "object_type": "金额", "subject_type": "日期", "object": "18,310.26万元", "subject": "2012-2014年", "subject_index": {"begin": 18, "end": 28}, "object_index": {"begin": 54, "end": 65}}]}
{"text": "2012-2014年，公司销售费用中的修理费金额分别为33.94万元、56.52万元和0元。公司主要产品为重大装备配套铸钢件，在产品出厂前均需通过与客户的联检程序。产品送抵客户后不存在重大缺陷，但可能会有少许砂眼、裂纹等轻微问题。此类问题修复成本较低且工艺简单，考虑到差旅费用，绝大部分由客户自行处理。在处理费用较高时，客户会与公司协商确定修理费，并由公司向客户支付。", "spo_list": [{"predicate": "其他成本", "object_type": "金额", "subject_type": "日期", "object": "33.94万元", "subject": "2012-2014年", "subject_index": {"begin": 0, "end": 10}, "object_index": {"begin": 27, "end": 34}}, {"predicate": "其他成本", "object_type": "金额", "subject_type": "日期", "object": "56.52万元", "subject": "2012-2014年", "subject_index": {"begin": 0, "end": 10}, "object_index": {"begin": 35, "end": 42}}]}
{"text": "2012年、2013年、2014年公司管理费用分别为1,930.83万元、1,938.25万元和1,988.47万元，整体呈稳步提升的态势。", "spo_list": [{"predicate": "管理费用", "object_type": "金额", "subject_type": "日期", "object": "1,988.47万元", "subject": "2014年", "subject_index": {"begin": 12, "end": 17}, "object_index": {"begin": 48, "end": 58}}, {"predicate": "管理费用", "object_type": "金额", "subject_type": "日期", "object": "1,938.25万元", "subject": "2013年", "subject_index": {"begin": 6, "end": 11}, "object_index": {"begin": 37, "end": 47}}, {"predicate": "管理费用", "object_type": "金额", "subject_type": "日期", "object": "1,930.83万元", "subject": "2012年", "subject_index": {"begin": 0, "end": 5}, "object_index": {"begin": 26, "end": 36}}]}
{"text": "2012年、2013年、2014年公司归属于公司普通股股东的非经常性损益分别为651.27万元、532.19万元和938.56万元，占各期归属于公司普通股股东的净利润的比例分别为14.09%、10.02%和16.68%，占比较小，对公司盈利能力的持续性和稳定性没有实质影响。", "spo_list": [{"predicate": "非经常性损益", "object_type": "金额", "subject_type": "日期", "object": "938.56万元", "subject": "2014年", "subject_index": {"begin": 12, "end": 17}, "object_index": {"begin": 57, "end": 65}}, {"predicate": "非经常性损益", "object_type": "金额", "subject_type": "日期", "object": "532.19万元", "subject": "2013年", "subject_index": {"begin": 6, "end": 11}, "object_index": {"begin": 48, "end": 56}}, {"predicate": "非经常性损益", "object_type": "金额", "subject_type": "日期", "object": "651.27万元", "subject": "2012年", "subject_index": {"begin": 0, "end": 5}, "object_index": {"begin": 39, "end": 47}}]}
{"text": "2012年、2013年、2014年，公司发生的重大资本性支出主要是根据公司发展规划，用于购建扩大生产规模所需的固定资产及无形资产。报告期各期，公司购建固定资产、无形资产和其他长期资产所支付的现金分别为7,299.83万元、5,263.30万元和4,338.31万元。公司的资本性支出对公司的营业收入以及利润增长产生了积极重大的影响。", "spo_list": [{"predicate": "无形资产", "object_type": "金额", "subject_type": "日期", "object": "5,263.30万元", "subject": "2013年", "subject_index": {"begin": 6, "end": 11}, "object_index": {"begin": 111, "end": 121}}]}
{"text": "本项目已投产，截至2014年12月31日，本项目完成固定资产投资8,898.08万元、无形资产投资237.13万元。", "spo_list": [{"predicate": "无形资产", "object_type": "金额", "subject_type": "日期", "object": "237.13万元", "subject": "2014年12月31日", "subject_index": {"begin": 9, "end": 20}, "object_index": {"begin": 49, "end": 57}}]}
