{"text": "本公司财务费用为长短期贷款利息，2003年、2002年、2001年分别支付利息206.8万元、256.7万元、347.0万元，财务费用分别为189.0万元、234.7万元、320.0万元，分别占当年主营业务收入的0.49%、0.65%、1.03%。财务费用2003年比2002年减少45.7万元，2002年比2001年减少85.3万元，财务费用减少主要是借款减少，利息支出相应减少。", "spo_list": [{"predicate": "应付利息", "object_type": "金额", "subject_type": "日期", "object": "206.8万元", "subject": "2003年", "subject_index": {"begin": 16, "end": 21}, "object_index": {"begin": 39, "end": 46}}, {"predicate": "应付利息", "object_type": "金额", "subject_type": "日期", "object": "256.7万元", "subject": "2002年", "subject_index": {"begin": 22, "end": 27}, "object_index": {"begin": 47, "end": 54}}, {"predicate": "应付利息", "object_type": "金额", "subject_type": "日期", "object": "347.0万元", "subject": "2001年", "subject_index": {"begin": 28, "end": 33}, "object_index": {"begin": 55, "end": 62}}]}
{"text": "截止2003年12月31日、2002年12月31日、2001年12月31日，应收账款分别为27,704,183.85元、26,302,896.89元、19,848,628.73元。2003年比2002年增长5.33%，低于主营业务收入的增幅；2002年比2001年增长32.52%，高于主营业务收入的增幅。应收账款主要为应收供电款，应收帐款增加的主要原因在于主营业务收入的增加，由于公司加强了对应收账款的管理，2003年的增幅降低较多，并低于主营业务收入增长。", "spo_list": [{"predicate": "长期应收款", "object_type": "金额", "subject_type": "日期", "object": "27,704,183.85元", "subject": "2003年12月31日", "subject_index": {"begin": 2, "end": 13}, "object_index": {"begin": 45, "end": 59}}, {"predicate": "长期应收款", "object_type": "金额", "subject_type": "日期", "object": "26,302,896.89元", "subject": "2002年12月31日", "subject_index": {"begin": 14, "end": 25}, "object_index": {"begin": 60, "end": 74}}, {"predicate": "长期应收款", "object_type": "金额", "subject_type": "日期", "object": "19,848,628.73元", "subject": "2001年12月31日", "subject_index": {"begin": 26, "end": 37}, "object_index": {"begin": 75, "end": 89}}]}
{"text": "截止2003年12月31日、2002年12月31日、2001年12月31日，预付款分别为1811.47万元（帐龄均在1年期以内）、318.86万元（帐龄均在1年期以内）、346.32万元（帐龄在1年期以内占88%）。预付账款余额2003年12月31日较2002年12月31日增加1,492.61万元，增幅为468.11%，主要系预付购买土地使用权款1,600万元所致。截止2003年12月31日无账龄超过1年的预付账款，持本公司90.44%表决权股份的重庆川东电力集团有限责任公司欠款1,548,978.04元。", "spo_list": [{"predicate": "预付款项", "object_type": "金额", "subject_type": "日期", "object": "1811.47万元", "subject": "2003年12月31日", "subject_index": {"begin": 2, "end": 13}, "object_index": {"begin": 44, "end": 53}}, {"predicate": "预付款项", "object_type": "金额", "subject_type": "日期", "object": "318.86万元", "subject": "2002年12月31日", "subject_index": {"begin": 14, "end": 25}, "object_index": {"begin": 65, "end": 73}}, {"predicate": "预付款项", "object_type": "金额", "subject_type": "日期", "object": "346.32万元", "subject": "2001年12月31日", "subject_index": {"begin": 26, "end": 37}, "object_index": {"begin": 85, "end": 93}}]}
{"text": "2003年度投资活动产生的现金流量净额为-47,285,494.37元，筹资活动产生的现金流量净额为-576,675.50元，现金及现金等价物净增加额为-19,186,002.14元。", "spo_list": [{"predicate": "公司投资活动产生的现金流量净额", "object_type": "金额", "subject_type": "日期", "object": "-47,285,494.37元", "subject": "2003年度", "subject_index": {"begin": 0, "end": 6}, "object_index": {"begin": 20, "end": 35}}, {"predicate": "公司筹资活动产生的现金流量净额", "object_type": "金额", "subject_type": "日期", "object": "-576,675.50元", "subject": "2003年度", "subject_index": {"begin": 0, "end": 6}, "object_index": {"begin": 50, "end": 62}}]}
{"text": "2003年12月31日原管理费用申报数为704.57万元，原报数为444.94万元，差异为259.63万元，原因是调增坏账准备211.79万元和调整未及时入账的费用47.85万元；财务费用申报数为319.96万元，原报数为355.86万元，差异为-35.90万元，调减多记的费用；所得税申报数为405.16万元，原报数为439.92万元，差异为-34.76万元，原因是利润总额调整对所得税的影响。", "spo_list": [{"predicate": "管理费用", "object_type": "金额", "subject_type": "日期", "object": "704.57万元", "subject": "2003年12月31日", "subject_index": {"begin": 0, "end": 11}, "object_index": {"begin": 20, "end": 28}}]}
{"text": "截止2001年12月31日，尚有未分配的利润19,515,421.51元，根据2001年度股东大会决议，该部分利润归本公司发起人享有。", "spo_list": [{"predicate": "未分配利润", "object_type": "金额", "subject_type": "日期", "object": "19,515,421.51元", "subject": "2001年12月31日", "subject_index": {"begin": 2, "end": 13}, "object_index": {"begin": 22, "end": 36}}]}
{"text": "本公司2003年投资收益是0.63万元，来自公司利用闲置资金投资证券投资基金的收益。", "spo_list": [{"predicate": "投资收益", "object_type": "金额", "subject_type": "日期", "object": "0.63万元", "subject": "2003年", "subject_index": {"begin": 3, "end": 8}, "object_index": {"begin": 13, "end": 19}}]}
{"text": "截止2003年12月31日、2002年12月31日、2001年12月31日，货币资金分别为31,193,728.96元、50,379,731.10元、51,425,081.49元，分别占当年期末流动资金的36.48%、58.72%、63.29%。货币资金余额2003年12月31日较2002年12月31日减少1,918.60万元，减幅为38.08%，主要系工程支出及预付账款增加所致。", "spo_list": [{"predicate": "货币资金余额", "object_type": "金额", "subject_type": "日期", "object": "31,193,728.96元", "subject": "2003年12月31日", "subject_index": {"begin": 2, "end": 13}, "object_index": {"begin": 45, "end": 59}}, {"predicate": "货币资金余额", "object_type": "金额", "subject_type": "日期", "object": "50,379,731.10元", "subject": "2002年12月31日", "subject_index": {"begin": 14, "end": 25}, "object_index": {"begin": 60, "end": 74}}, {"predicate": "货币资金余额", "object_type": "金额", "subject_type": "日期", "object": "51,425,081.49元", "subject": "2001年12月31日", "subject_index": {"begin": 26, "end": 37}, "object_index": {"begin": 75, "end": 89}}, {"predicate": "货币资金余额", "object_type": "金额", "subject_type": "日期", "object": "1,918.60万元", "subject": "2003年12月31日", "subject_index": {"begin": 129, "end": 140}, "object_index": {"begin": 154, "end": 164}}]}
{"text": "截止2003年12月31日、2002年12月31日、2001年12月31日，其他应收账款分别为373.32万元、391.87万元、254.93万元，除2002年有1.34%的账龄在1—2年外，其他账龄均在一年以内，对应计提的坏账准备分别为23.83万元、25.01万元、16.27万元。截止2003年12月31日，欠款金额前五名共欠款3,210,874.93万元，占其他应收款的80.85%，持本公司90.44%表决权股份的重庆川东电力集团有限责任公司欠款1,252,084.48元。", "spo_list": [{"predicate": "应付账款", "object_type": "金额", "subject_type": "日期", "object": "373.32万元", "subject": "2003年12月31日", "subject_index": {"begin": 2, "end": 13}, "object_index": {"begin": 47, "end": 55}}, {"predicate": "应付账款", "object_type": "金额", "subject_type": "日期", "object": "391.87万元", "subject": "2002年12月31日", "subject_index": {"begin": 14, "end": 25}, "object_index": {"begin": 56, "end": 64}}, {"predicate": "应付账款", "object_type": "金额", "subject_type": "日期", "object": "254.93万元", "subject": "2001年12月31日", "subject_index": {"begin": 26, "end": 37}, "object_index": {"begin": 65, "end": 73}}, {"predicate": "坏账准备", "object_type": "金额", "subject_type": "日期", "object": "23.83万元", "subject": "2003年12月31日", "subject_index": {"begin": 2, "end": 13}, "object_index": {"begin": 119, "end": 126}}, {"predicate": "坏账准备", "object_type": "金额", "subject_type": "日期", "object": "25.01万元", "subject": "2002年12月31日", "subject_index": {"begin": 14, "end": 25}, "object_index": {"begin": 127, "end": 134}}, {"predicate": "坏账准备", "object_type": "金额", "subject_type": "日期", "object": "16.27万元", "subject": "2001年12月31日", "subject_index": {"begin": 26, "end": 37}, "object_index": {"begin": 135, "end": 142}}]}
{"text": "2003年12月31日调价后对利润总额的影响为550万元，对净利润的影响为467.5万元，影响率为20.36%。", "spo_list": [{"predicate": "营业利润", "object_type": "金额", "subject_type": "日期", "object": "550万元", "subject": "2003年12月31日", "subject_index": {"begin": 0, "end": 11}, "object_index": {"begin": 23, "end": 28}}]}
{"text": "本公司应收账款近年来下降幅度较大，三年以上应收账款比例由2002年12月31日的12.62%降为2003年12月31日的8.85%；2003年应收账款周转率为13.13，应收账款质量较好。", "spo_list": [{"predicate": "应收账款周转率", "object_type": "日期", "subject_type": "比率", "object": "2003年", "subject": "13.13", "subject_index": {"begin": 79, "end": 84}, "object_index": {"begin": 66, "end": 71}}, {"predicate": "应收账款周转率", "object_type": "日期", "subject_type": "比率", "object": "2002年12月31日", "subject": "12.62%", "subject_index": {"begin": 40, "end": 46}, "object_index": {"begin": 28, "end": 39}}, {"predicate": "应收账款周转率", "object_type": "日期", "subject_type": "比率", "object": "2003年12月31日", "subject": "8.85%", "subject_index": {"begin": 60, "end": 65}, "object_index": {"begin": 48, "end": 59}}]}
