{"text": "2009年11月16日，北京海峡资产评估有限公司出具“海峡评报字[2009]第A-086号”《资产评估报告》，截至2009年10月31日，甘李有限净资产评估值为5,488.85万元。", "spo_list": [{"predicate": "净资产评估值", "object_type": "金额", "subject_type": "日期", "object": "5,488.85万元", "subject": "2009年10月31日", "subject_index": {"begin": 57, "end": 68}, "object_index": {"begin": 80, "end": 90}}]}
{"text": "2016年美国生物制药企业研发费用总计457亿美元，研发支出占销售收入的比例平均高达32.78%。然而，国内生物制药企业仍以生产仿制药和原料药为主，研发投入偏低，自主研发和创新能力较弱。", "spo_list": [{"predicate": "研发费用", "object_type": "金额", "subject_type": "日期", "object": "457亿美元", "subject": "2016年", "subject_index": {"begin": 0, "end": 5}, "object_index": {"begin": 19, "end": 25}}]}
{"text": "公司主要产品“长秀霖”、“速秀霖”及精蛋白锌重组赖脯胰岛素混合注射液（25R）分别于2005年、2007年及2014年上市。2017年至2019年，“长秀霖”制剂在国内分别实现销售收入216,917.40万元、226,179.89万元及254,513.76万元。", "spo_list": [{"predicate": "其他收益", "object_type": "金额", "subject_type": "日期", "object": "216,917.40万元", "subject": "2017年至2019年", "subject_index": {"begin": 62, "end": 73}, "object_index": {"begin": 92, "end": 104}}, {"predicate": "其他收益", "object_type": "金额", "subject_type": "日期", "object": "226,179.89万元", "subject": "2017年至2019年", "subject_index": {"begin": 62, "end": 73}, "object_index": {"begin": 105, "end": 117}}, {"predicate": "其他收益", "object_type": "金额", "subject_type": "日期", "object": "254,513.76万元", "subject": "2017年至2019年", "subject_index": {"begin": 62, "end": 73}, "object_index": {"begin": 118, "end": 130}}]}
{"text": "合并财务报表中2017年、2018年及2019年研究开发药品过程中产生的开发支出分别为47,733,155.89元、211,464,896.11元及173,061,583.84元，予以资本化计入“开发支出”项目。开发支出只有在同时满足本章之“四、主要会计政策和会计估计”之“（十五）无形资产”中所列的所有资本化条件时才能予以资本化。确定开发支出是否满足所有资本化条件需要管理层进行重大会计判断和估计。关于开发支出的披露请见本招股说明书“第十一节管理层讨论与分析”之“一、财务状况分析”之“2、主要资产构成项目分析”之“（11）开发支出”。", "spo_list": [{"predicate": "其他成本", "object_type": "金额", "subject_type": "日期", "object": "47,733,155.89元", "subject": "2017年", "subject_index": {"begin": 7, "end": 12}, "object_index": {"begin": 43, "end": 57}}, {"predicate": "其他成本", "object_type": "金额", "subject_type": "日期", "object": "211,464,896.11元", "subject": "2018年", "subject_index": {"begin": 13, "end": 18}, "object_index": {"begin": 58, "end": 73}}, {"predicate": "其他成本", "object_type": "金额", "subject_type": "日期", "object": "173,061,583.84元", "subject": "2019年", "subject_index": {"begin": 19, "end": 24}, "object_index": {"begin": 74, "end": 89}}]}
{"text": "截至2019年12月31日，本公司应付账款余额为3,065.03万元，主要系尚未支付的原辅材料、包装物、备品备件及耗材等采购款项，以及已部分确认完工的研发项目涉及的应付款项。", "spo_list": [{"predicate": "其他应付款", "object_type": "金额", "subject_type": "日期", "object": "3,065.03万元", "subject": "2019年12月31日", "subject_index": {"begin": 2, "end": 13}, "object_index": {"begin": 24, "end": 34}}]}
{"text": "截至2019年12月31日，本公司预收款项余额为9,068.56万元，主要为预收SandozAG（山德士）特许经营权转让款8,218.01万元。", "spo_list": [{"predicate": "预收款项", "object_type": "金额", "subject_type": "日期", "object": "9,068.56万元", "subject": "2019年12月31日", "subject_index": {"begin": 2, "end": 13}, "object_index": {"begin": 24, "end": 34}}]}
{"text": "报告期各期末非流动资产总额由2017年末的177,308.00万元增加至2019年末的291,658.28万元。", "spo_list": [{"predicate": "非流动资产", "object_type": "金额", "subject_type": "日期", "object": "177,308.00万元", "subject": "2017年末", "subject_index": {"begin": 14, "end": 20}, "object_index": {"begin": 21, "end": 33}}, {"predicate": "非流动资产", "object_type": "金额", "subject_type": "日期", "object": "291,658.28万元", "subject": "2019年末", "subject_index": {"begin": 36, "end": 42}, "object_index": {"begin": 43, "end": 55}}]}
{"text": "报告期各期末，2019.2018.2017年公司预付款项余额分别为1,874.18万元、3,027.74万元及3,690.97万元，主要包括预付原辅材料、包装材料、耗材等采购款、各项服务费等。", "spo_list": [{"predicate": "预付款项", "object_type": "金额", "subject_type": "日期", "object": "1,874.18万元", "subject": "2019", "subject_index": {"begin": 7, "end": 11}, "object_index": {"begin": 33, "end": 43}}, {"predicate": "预付款项", "object_type": "金额", "subject_type": "日期", "object": "3,027.74万元", "subject": "2018", "subject_index": {"begin": 12, "end": 16}, "object_index": {"begin": 44, "end": 54}}, {"predicate": "预付款项", "object_type": "金额", "subject_type": "日期", "object": "3,690.97万元", "subject": "2017年", "subject_index": {"begin": 17, "end": 22}, "object_index": {"begin": 55, "end": 65}}]}
{"text": "甘李药业分别于2010-2012年支付通化安泰克专利维持费400万元、800万元及100万元，共计1,300万元。", "spo_list": [{"predicate": "其他成本", "object_type": "金额", "subject_type": "日期", "object": "400万元", "subject": "2010-2012年", "subject_index": {"begin": 7, "end": 17}, "object_index": {"begin": 29, "end": 34}}, {"predicate": "其他成本", "object_type": "金额", "subject_type": "日期", "object": "800万元", "subject": "2010-2012年", "subject_index": {"begin": 7, "end": 17}, "object_index": {"begin": 35, "end": 40}}, {"predicate": "其他成本", "object_type": "金额", "subject_type": "日期", "object": "100万元", "subject": "2010-2012年", "subject_index": {"begin": 7, "end": 17}, "object_index": {"begin": 41, "end": 46}}]}
{"text": "报告期各期末，公司其他应付款余额分别为13,104.26万元、8,762.31万元及5,203.81万元，主要包括应付设备、工程款项和员工的报销款项等，具体构成如下：", "spo_list": [{"predicate": "其他应付款", "object_type": "金额", "subject_type": "日期", "object": "13,104.26万元", "subject": "报告期各期末", "subject_index": {"begin": 0, "end": 6}, "object_index": {"begin": 19, "end": 30}}, {"predicate": "其他应付款", "object_type": "金额", "subject_type": "日期", "object": "8,762.31万元", "subject": "报告期各期末", "subject_index": {"begin": 0, "end": 6}, "object_index": {"begin": 31, "end": 41}}, {"predicate": "其他应付款", "object_type": "金额", "subject_type": "日期", "object": "5,203.81万元", "subject": "报告期各期末", "subject_index": {"begin": 0, "end": 6}, "object_index": {"begin": 42, "end": 52}}]}
{"text": "2019年，信用减值损失为99.81万元，系应收账款坏账损失。", "spo_list": [{"predicate": "信用减值损失", "object_type": "金额", "subject_type": "日期", "object": "99.81万元", "subject": "2019年", "subject_index": {"begin": 0, "end": 5}, "object_index": {"begin": 13, "end": 20}}]}
{"text": "2017年末、2018年末及2019年末，公司非流动资产净额分别为177,308.00万元、225,079.00万元及291,658.28万元，2017年度、2018年度及2019年度购建固定资产、无形资产和其他长期资产支付的现金分别为43,102.38万元、51,344.08万元及40,663.30万元。报告期内资本性支出主要是胰岛素产业化项目工程建设及设备购置支出。", "spo_list": [{"predicate": "非流动资产", "object_type": "金额", "subject_type": "日期", "object": "177,308.00万元", "subject": "2017年末", "subject_index": {"begin": 0, "end": 6}, "object_index": {"begin": 33, "end": 45}}, {"predicate": "非流动资产", "object_type": "金额", "subject_type": "日期", "object": "225,079.00万元", "subject": "2018年末", "subject_index": {"begin": 7, "end": 13}, "object_index": {"begin": 46, "end": 58}}, {"predicate": "非流动资产", "object_type": "金额", "subject_type": "日期", "object": "291,658.28万元", "subject": "2019年末", "subject_index": {"begin": 14, "end": 20}, "object_index": {"begin": 59, "end": 71}}]}
{"text": "2017年至2019年，公司营业收入由2017年度的237,052.95万元增至2019年度的289,506.21万元；同期，公司净利润由2017年度的107,995.43万元增至2019年度的116,728.07万元。", "spo_list": [{"predicate": "营业外收入", "object_type": "金额", "subject_type": "日期", "object": "289,506.21万元", "subject": "2019年", "subject_index": {"begin": 6, "end": 11}, "object_index": {"begin": 47, "end": 59}}, {"predicate": "营业外收入", "object_type": "金额", "subject_type": "日期", "object": "237,052.95万元", "subject": "2017年", "subject_index": {"begin": 0, "end": 5}, "object_index": {"begin": 26, "end": 38}}]}
{"text": "近年来，我国医药行业保持了持续快速发展的势头。根据商务部数据，2017年，医药工业规模以上企业实现主营业务收入29,826.0亿元，同比增长12.2%；我国医药工业规模以上企业实现利润总额3,519.7亿元，同比增长16.6%。", "spo_list": [{"predicate": "营业外收入", "object_type": "金额", "subject_type": "日期", "object": "29,826.0亿元", "subject": "2017年", "subject_index": {"begin": 31, "end": 36}, "object_index": {"begin": 55, "end": 65}}]}
{"text": "公司胰岛素产品主要原辅材料为尿素、乙腈等化工原料，以及内外包装材料如卡式瓶、胶塞、铝盖等。甘甘科技生产秀霖笔主要原辅材料为笔芯组件、秀霖笔内包装盒等。2017年至2019年，公司胰岛素产品、秀霖笔原辅材料及主要包装材料采购金额合计分别为11,601.09万元、18,085.66万元和20,037.87万元。", "spo_list": [{"predicate": "其他成本", "object_type": "金额", "subject_type": "日期", "object": "11,601.09万元", "subject": "2017年至2019年", "subject_index": {"begin": 75, "end": 86}, "object_index": {"begin": 118, "end": 129}}, {"predicate": "其他成本", "object_type": "金额", "subject_type": "日期", "object": "18,085.66万元", "subject": "2017年至2019年", "subject_index": {"begin": 75, "end": 86}, "object_index": {"begin": 130, "end": 141}}, {"predicate": "其他成本", "object_type": "金额", "subject_type": "日期", "object": "20,037.87万元", "subject": "2017年至2019年", "subject_index": {"begin": 75, "end": 86}, "object_index": {"begin": 142, "end": 153}}]}
{"text": "于2017年12月31日、2018年12月31日及2019年12月31日，合并财务报表中使用寿命不确定的无形资产（开发支出）账面价值分别为76,864,819.47元、286,491,157.34元及459,484,780.01元。根据企业会计准则，对于尚未达到可使用状态但已资本化的开发支出，由于其价值通常具有较大的不确定性，管理层至少每年进行减值测试。减值测试以单项开发支出或其所属的资产组为基础估计其可回收金额。开发支出的可回收金额按照开发支出产生的预计未来现金流量的现值与资产的公允价值减去处置费用后的净额两者之间较高者确定。开发支出减值测试过程涉及重大判断和估计。", "spo_list": [{"predicate": "无形资产", "object_type": "金额", "subject_type": "日期", "object": "76,864,819.47元", "subject": "2017年12月31日", "subject_index": {"begin": 1, "end": 12}, "object_index": {"begin": 69, "end": 83}}, {"predicate": "无形资产", "object_type": "金额", "subject_type": "日期", "object": "286,491,157.34元", "subject": "2018年12月31日", "subject_index": {"begin": 13, "end": 24}, "object_index": {"begin": 84, "end": 99}}, {"predicate": "无形资产", "object_type": "金额", "subject_type": "日期", "object": "459,484,780.01元", "subject": "2019年12月31日", "subject_index": {"begin": 25, "end": 36}, "object_index": {"begin": 100, "end": 115}}]}
{"text": "截至2019年12月31日，本公司其他应付款余额为5,203.81万元，主要系应付设备工程供应商款项及个人费用。", "spo_list": [{"predicate": "长期应付款", "object_type": "金额", "subject_type": "日期", "object": "5,203.81万元", "subject": "2019年12月31日", "subject_index": {"begin": 2, "end": 13}, "object_index": {"begin": 25, "end": 35}}]}
{"text": "2012年2月29日为评估基准日的国融兴华评报字[2012]第063号《资产评估报告书》。经资产基础法评估，资产评估价值35,020.63万元，账面价值28,766.51万元，增值率21.74%，负债评估价值7,322.59万元，账面价值7,661.84万元，增值率-4.43%，股东全部权益评估价值27,698.04万元，账面价值21,104.67万元，增值率31.24%。", "spo_list": [{"predicate": "净资产评估值", "object_type": "金额", "subject_type": "日期", "object": "35,020.63万元", "subject": "2012年2月29日", "subject_index": {"begin": 0, "end": 10}, "object_index": {"begin": 60, "end": 71}}]}
{"text": "公司自2019年1月1日起实行新的会计政策，并对应收账款坏账准备按照新的确认计量准则的规定进行了调整。上述调整的影响金额为-3,551.44万元。", "spo_list": [{"predicate": "坏账准备", "object_type": "金额", "subject_type": "日期", "object": "-3,551.44万元", "subject": "2019年1月1日", "subject_index": {"begin": 3, "end": 12}, "object_index": {"begin": 61, "end": 72}}]}
{"text": "2017年末至2019年末，公司在建工程账面价值分别为73,337.30万元、60,133.45万元及38,072.20万元。2018年末在建工程账面价值降至60,133.45万元，主要原因为胰岛素产业化项目转固。2019年末，在建工程账面价值降低，主要原因为生物信息楼、东南楼等项目转固。", "spo_list": [{"predicate": "在建工程账面价值", "object_type": "金额", "subject_type": "日期", "object": "73,337.30万元", "subject": "2017年末至2019年末", "subject_index": {"begin": 0, "end": 13}, "object_index": {"begin": 27, "end": 38}}, {"predicate": "在建工程账面价值", "object_type": "金额", "subject_type": "日期", "object": "60,133.45万元", "subject": "2017年末至2019年末", "subject_index": {"begin": 0, "end": 13}, "object_index": {"begin": 39, "end": 50}}, {"predicate": "在建工程账面价值", "object_type": "金额", "subject_type": "日期", "object": "38,072.20万元", "subject": "2017年末至2019年末", "subject_index": {"begin": 0, "end": 13}, "object_index": {"begin": 51, "end": 62}}, {"predicate": "在建工程账面价值", "object_type": "金额", "subject_type": "日期", "object": "60,133.45万元", "subject": "2018年", "subject_index": {"begin": 63, "end": 68}, "object_index": {"begin": 79, "end": 90}}]}
{"text": "2017年7月，公司长期待摊费用金额为1.536.81万元，为自在建工程转入的糖尿病治疗配套医疗器械生产项目的装修改造费用。", "spo_list": [{"predicate": "长期待摊费用", "object_type": "金额", "subject_type": "日期", "object": "1.536.81万元", "subject": "2017年7月", "subject_index": {"begin": 0, "end": 7}, "object_index": {"begin": 19, "end": 29}}]}
{"text": "2018年度，公司销售费用较2017年增加12,731.01万元，增长21.48%，主要原因系为更好地覆盖基层细分市场，公司增加销售人员，销售费用支出增加。此外，为开发基层区域市场，公司增加各项学术活动投入。2019年度，公司研发费用较2018年增加9,256.48万元，增长64.73%，主要系公司继续加大研发投入强度所致。", "spo_list": [{"predicate": "销售费用", "object_type": "金额", "subject_type": "日期", "object": "12,731.01万元", "subject": "2018年度", "subject_index": {"begin": 0, "end": 6}, "object_index": {"begin": 21, "end": 32}}, {"predicate": "研发费用", "object_type": "金额", "subject_type": "日期", "object": "9,256.48万元", "subject": "2019年度", "subject_index": {"begin": 104, "end": 110}, "object_index": {"begin": 125, "end": 135}}]}
{"text": "2019年，公允价值变动损益金额为2,239.30万元，系公司保本浮动收益银行理财产品及结构性存款公允价值变动带来的收益。", "spo_list": [{"predicate": "公允价值变动损益", "object_type": "金额", "subject_type": "日期", "object": "2,239.30万元", "subject": "2019年", "subject_index": {"begin": 0, "end": 5}, "object_index": {"begin": 17, "end": 27}}]}
{"text": "2017年末、2018年末及2019年末本项目计划建设周期（包括准备期和施工工期）预计为3年，建设期第一年建设投资金额为355.79万元；建设期第二年预计建设投资金额为7,556.93万元；建设期第三年预计建设投资金额为704.82万元。项目流动资金将根据生产需要投入使用。", "spo_list": [{"predicate": "投资收益", "object_type": "金额", "subject_type": "日期", "object": "704.82万元", "subject": "2019年", "subject_index": {"begin": 14, "end": 19}, "object_index": {"begin": 110, "end": 118}}, {"predicate": "投资收益", "object_type": "金额", "subject_type": "日期", "object": "7,556.93万元", "subject": "2018年", "subject_index": {"begin": 7, "end": 12}, "object_index": {"begin": 84, "end": 94}}, {"predicate": "投资收益", "object_type": "金额", "subject_type": "日期", "object": "355.79万元", "subject": "2017年末", "subject_index": {"begin": 0, "end": 6}, "object_index": {"begin": 60, "end": 68}}]}
