{"text": "截至2014年6月30日，公司预收账款173,265,539.49元", "spo_list": [{"predicate": "预收款项", "object_type": "金额", "subject_type": "日期", "object": "173,265,539.49元", "subject": "2014年6月30日", "subject_index": {"begin": 2, "end": 12}, "object_index": {"begin": 19, "end": 34}}]}
{"text": "股份公司设立时，高能垫衬委托北京京都中新资产评估有限公司，以2009年8月31日为评估基准日，就高能垫衬拟设立股份公司之事宜对全部资产和负债进行了评估，并出具了京都评报字[2009]第054号《北京高能垫衬工程有限公司拟改制设立股份公司资产评估报告书》。高能垫衬资产账面价值12,098.38万元，评估值12,758.85万元，增值率5.46%；负债账面值8,129.15万元，评估值8,129.15万元，无增减值变动；净资产账面价值3,969.23万元，评估值4,629.55万元，增值率16.64%。", "spo_list": [{"predicate": "净资产评估值", "object_type": "金额", "subject_type": "日期", "object": "4,629.55万元", "subject": "2009年8月31日", "subject_index": {"begin": 30, "end": 40}, "object_index": {"begin": 231, "end": 241}}]}
{"text": "报告期各期末，公司应收账款期末账面净额分别为12,580.01万元、8,424.02万元、8,539.73万元和8,500.44万元，占各期末流动资产的比例分别为18.43%、11.40%、11.47%和11.56%。", "spo_list": [{"predicate": "应收账款净额", "object_type": "金额", "subject_type": "日期", "object": "12,580.01万元", "subject": "报告期各期末", "subject_index": {"begin": 0, "end": 6}, "object_index": {"begin": 22, "end": 33}}, {"predicate": "应收账款净额", "object_type": "金额", "subject_type": "日期", "object": "8,424.02万元", "subject": "报告期各期末", "subject_index": {"begin": 0, "end": 6}, "object_index": {"begin": 34, "end": 44}}, {"predicate": "应收账款净额", "object_type": "金额", "subject_type": "日期", "object": "8,539.73万元", "subject": "报告期各期末", "subject_index": {"begin": 0, "end": 6}, "object_index": {"begin": 45, "end": 55}}, {"predicate": "应收账款净额", "object_type": "金额", "subject_type": "日期", "object": "8,500.44万元", "subject": "报告期各期末", "subject_index": {"begin": 0, "end": 6}, "object_index": {"begin": 56, "end": 66}}]}
{"text": "截至2014年6月30日，公司工程施工余额1,000.00万以上项目具体情况如下", "spo_list": [{"predicate": "在建工程余额", "object_type": "金额", "subject_type": "日期", "object": "1,000.00万", "subject": "2014年6月30日", "subject_index": {"begin": 2, "end": 12}, "object_index": {"begin": 21, "end": 30}}]}
{"text": "2013年末、2014年6月30日，公司无形资产账面净值分别为23.56万元、3,660.93万元，占非流动资产的比重分别为0.03%、3.58%。2014年6月30日无形资产比2013年末增加3,637.37万元", "spo_list": [{"predicate": "无形资产", "object_type": "金额", "subject_type": "日期", "object": "23.56万元", "subject": "2013年末", "subject_index": {"begin": 0, "end": 6}, "object_index": {"begin": 31, "end": 38}}, {"predicate": "无形资产", "object_type": "金额", "subject_type": "日期", "object": "3,660.93万元", "subject": "2014年6月30日", "subject_index": {"begin": 7, "end": 17}, "object_index": {"begin": 39, "end": 49}}]}
{"text": "报告期各期末，公司应付账款期末余额分别为17,553.28万元、22,762.66万元、25,777.65万元和25,147.34万元，呈增长趋势。", "spo_list": [{"predicate": "应付账款余额", "object_type": "金额", "subject_type": "日期", "object": "17,553.28万元", "subject": "报告期各期末", "subject_index": {"begin": 0, "end": 6}, "object_index": {"begin": 20, "end": 31}}, {"predicate": "应付账款余额", "object_type": "金额", "subject_type": "日期", "object": "22,762.66万元", "subject": "报告期各期末", "subject_index": {"begin": 0, "end": 6}, "object_index": {"begin": 32, "end": 43}}, {"predicate": "应付账款余额", "object_type": "金额", "subject_type": "日期", "object": "25,777.65万元", "subject": "报告期各期末", "subject_index": {"begin": 0, "end": 6}, "object_index": {"begin": 44, "end": 55}}, {"predicate": "应付账款余额", "object_type": "金额", "subject_type": "日期", "object": "25,147.34万元", "subject": "报告期各期末", "subject_index": {"begin": 0, "end": 6}, "object_index": {"begin": 56, "end": 67}}]}
{"text": "报告期各期末，公司应交税费余额占负债总额的比重分别为7.19%、7.42%、5.53%和3.20%。2012年末、2013年末应交税费相比上年分别增加1,144.17万元、379.76万元，主要是因为营业收入持续增长和公司利润总额变化导致营业税金及附加、企业所得税相应变化。各期期末应交营业税金额较大的原因为公司在确认收入时即计提营业税，而通常在开具发票时实际缴纳营业税。2014年6月30日，应交税费余额较2013年年末减少989.09万元，主要是2014年5月公司完成了2013年度的企业所得税汇算清缴工作，并支付完毕。", "spo_list": [{"predicate": "应交税费", "object_type": "金额", "subject_type": "日期", "object": "1,144.17万元", "subject": "2012年末", "subject_index": {"begin": 50, "end": 56}, "object_index": {"begin": 75, "end": 85}}, {"predicate": "应交税费", "object_type": "金额", "subject_type": "日期", "object": "379.76万元", "subject": "2013年末", "subject_index": {"begin": 57, "end": 63}, "object_index": {"begin": 86, "end": 94}}]}
{"text": "报告期内，资产减值损失分别为403.00万元、-370.06万元、975.53万元和-630.05万元，均为公司计提或冲回的坏账准备。2012年由于公司应收账款余额下降，公司的坏账准备余额相应下降，因此资产减值损失冲回370.06万元。2013年，湖南省怀化工业园区垃圾无害化处理场项目、湖南省沅陵县城区垃圾无害化处理场项目、湖南省怀化通道县城区生活垃圾卫生填埋场项目等BT项目已竣工验收，公司对超过合同约定的回购款支付截止日的长期应收款计提坏账准备604.22万元。", "spo_list": [{"predicate": "资产减值损失", "object_type": "金额", "subject_type": "日期", "object": "403.00万元", "subject": "报告期内", "subject_index": {"begin": 0, "end": 4}, "object_index": {"begin": 14, "end": 22}}, {"predicate": "资产减值损失", "object_type": "金额", "subject_type": "日期", "object": "-370.06万元", "subject": "报告期内", "subject_index": {"begin": 0, "end": 4}, "object_index": {"begin": 23, "end": 32}}, {"predicate": "资产减值损失", "object_type": "金额", "subject_type": "日期", "object": "975.53万元", "subject": "报告期内", "subject_index": {"begin": 0, "end": 4}, "object_index": {"begin": 33, "end": 41}}, {"predicate": "资产减值损失", "object_type": "金额", "subject_type": "日期", "object": "-630.05万元", "subject": "报告期内", "subject_index": {"begin": 0, "end": 4}, "object_index": {"begin": 42, "end": 51}}]}
{"text": "2014年1-6月，公司利润总额为1,591.38万元，相当于2013年全年利润总额的10%，较2013年同期下降33.15%，主要由于发行人收入存在季节性因素和2014年上半年各项费用增幅较大所致。", "spo_list": [{"predicate": "营业利润", "object_type": "金额", "subject_type": "日期", "object": "1,591.38万元", "subject": "2014年1-6月", "subject_index": {"begin": 0, "end": 9}, "object_index": {"begin": 17, "end": 27}}]}
{"text": "2012年末，公司存货余额比上年末增加了17,246.03万元，增长幅度为65.42%，而存货增加的主要原因是本年末公司工程施工余额增加了18,202.19万元。工程施工余额增加，主要是由于公司已完成工程量，但尚未取得结算资料的项目较多所致。相应地，公司将未取得结算手续而回收的工程款计入了预收账款，2012年末预收账款余额为14,352.00万元，比上年末增加了9,504.07万元。", "spo_list": [{"predicate": "存货余额", "object_type": "金额", "subject_type": "日期", "object": "17,246.03万元", "subject": "2012年末", "subject_index": {"begin": 0, "end": 6}, "object_index": {"begin": 20, "end": 31}}, {"predicate": "预收账款余额", "object_type": "金额", "subject_type": "日期", "object": "14,352.00万元", "subject": "2012年末", "subject_index": {"begin": 150, "end": 156}, "object_index": {"begin": 163, "end": 174}}]}
{"text": "2013年末，公司存货余额比上年末增加了11,195.98万元，增长幅度为25.67%，而存货增加的主要原因是本年末公司工程施工余额增加了9,614.00万元。工程施工余额增加，主要是由于（1）公司承揽较大规模项目的数量明显增加，大项目的施工周期也相对较长，同时由于发包人主要根据完工进度办理价款结算，施工周期较长导致结算周期相应延长，从而使期末工程施工余额有所增长；（2）部分工程项目客户已支付工程款，因未办妥结算手续而将该款项计入预收账款，2013年末公司预收账款分别为16,530.76万元，较上年增加2,178.76元，增长15.18%。", "spo_list": [{"predicate": "存货余额", "object_type": "金额", "subject_type": "日期", "object": "11,195.98万元", "subject": "2013年末", "subject_index": {"begin": 0, "end": 6}, "object_index": {"begin": 20, "end": 31}}, {"predicate": "预收款项", "object_type": "金额", "subject_type": "日期", "object": "16,530.76万元", "subject": "2013年末", "subject_index": {"begin": 222, "end": 228}, "object_index": {"begin": 237, "end": 248}}]}
{"text": "2013年末，公司经营性应付项目比上年末增加5,330.46万元的主要原因是：一是随着公司经营规模扩大，公司应付账款余额相应增加了3,014.99万元，二是2013年末公司预收账款比上年末增加了2,178.76万元；三是本年末应交税费增加379.76万元。", "spo_list": [{"predicate": "预收款项", "object_type": "金额", "subject_type": "日期", "object": "2,178.76万元", "subject": "2013年末", "subject_index": {"begin": 78, "end": 84}, "object_index": {"begin": 97, "end": 107}}, {"predicate": "应交税费", "object_type": "金额", "subject_type": "日期", "object": "379.76万元", "subject": "2013年末", "subject_index": {"begin": 78, "end": 84}, "object_index": {"begin": 119, "end": 127}}]}
{"text": "经营性应收项目2014年1-6月增加11,700.75万元，主要是因为2014年1-6月BT项目形成的长期应收款余额增加了10,567.96万元。2014年1-6月公司营业收入中，BT项目形成的收入为15,915.65万元，因BT项目数量增加且需要持续投入，并且2014年收到的回购款小于投入金额，使得长期应收款余额增长较大。", "spo_list": [{"predicate": "应收账款账面余额", "object_type": "金额", "subject_type": "日期", "object": "10,567.96万元", "subject": "2014年1-6月", "subject_index": {"begin": 35, "end": 44}, "object_index": {"begin": 61, "end": 72}}]}
{"text": "截至2014年6月30日，公司应付账款余额251,473,442.19元，", "spo_list": [{"predicate": "应付账款余额", "object_type": "金额", "subject_type": "日期", "object": "251,473,442.19元", "subject": "2014年6月30日", "subject_index": {"begin": 2, "end": 12}, "object_index": {"begin": 21, "end": 36}}]}
{"text": "2012年末，公司的应收账款余额为9,729.13万元，较2011年末减少了30.58%，主要原因：一是随着公司经营模式的拓展，营业收入中BT项目的收入比重提高，该类项目的应收工程款计入了长期应收款；二是公司2012年加大工程款的催收力度，全年销售商品、提供劳务收到的现金为46,012.69万元，较上年增加38.55%。", "spo_list": [{"predicate": "应收账款账面余额", "object_type": "金额", "subject_type": "日期", "object": "9,729.13万元", "subject": "2012年末", "subject_index": {"begin": 0, "end": 6}, "object_index": {"begin": 17, "end": 27}}]}
{"text": "011年末、2012年末和2013年末，公司的工程施工余额分别为22,574.24万元、40,776.42万元和50,390.42万元，工程施工余额较上年年末增长较大的主要原因如下：（1）公司承揽较大规模项目的数量明显增加，大项目的施工周期也相对较长，同时由于发包人主要根据完工进度办理价款结算，施工周期较长导致结算周期相应延长，从而使期末工程施工余额有所增长；（2）部分工程项目客户已支付工程款，因未办妥结算手续而将该款项计入预收账款，2012年末、2013年末公司预收账款分别为14,352.00万元、16,530.76万元，较上年分别增加9,504.07万元、2,178.76万元，增长196.04%、15.18%。截至2014年6月30日，工程施工余额为43,292.46万元，较上年末减少7,097.96万元，下降14.09%，主要原因是受经营的季节性因素影响，2014年1-6月开工项目相对较少，相应增加的工程量也较少。", "spo_list": [{"predicate": "在建工程余额", "object_type": "金额", "subject_type": "日期", "object": "22,574.24万元", "subject": "011年末", "subject_index": {"begin": 0, "end": 5}, "object_index": {"begin": 32, "end": 43}}, {"predicate": "在建工程余额", "object_type": "金额", "subject_type": "日期", "object": "40,776.42万元", "subject": "2012年末", "subject_index": {"begin": 6, "end": 12}, "object_index": {"begin": 44, "end": 55}}, {"predicate": "在建工程余额", "object_type": "金额", "subject_type": "日期", "object": "50,390.42万元", "subject": "2013年末", "subject_index": {"begin": 13, "end": 19}, "object_index": {"begin": 56, "end": 67}}, {"predicate": "预收款项", "object_type": "金额", "subject_type": "日期", "object": "14,352.00万元", "subject": "2012年末", "subject_index": {"begin": 219, "end": 225}, "object_index": {"begin": 241, "end": 252}}, {"predicate": "预收款项", "object_type": "金额", "subject_type": "日期", "object": "16,530.76万元", "subject": "2013年末", "subject_index": {"begin": 226, "end": 232}, "object_index": {"begin": 253, "end": 264}}, {"predicate": "在建工程余额", "object_type": "金额", "subject_type": "日期", "object": "43,292.46万元", "subject": "2014年6月30日", "subject_index": {"begin": 313, "end": 323}, "object_index": {"begin": 331, "end": 342}}]}
{"text": "报告期各期末，公司预收账款期末余额分别为4,847.93万元、14,352.00万元、16,530.76万元和17,326.55万元，主要为公司承接工程时按合同约定收到的工程预付款、尚未办理结算的工程款，此外，2014年6月30日预收账款期末余额包含明水高能预收的垃圾处理费800.00万元。", "spo_list": [{"predicate": "预收账款余额", "object_type": "金额", "subject_type": "日期", "object": "16,530.76万元", "subject": "报告期各期末", "subject_index": {"begin": 0, "end": 6}, "object_index": {"begin": 43, "end": 54}}, {"predicate": "预付账款余额", "object_type": "金额", "subject_type": "日期", "object": "17,326.55万元", "subject": "报告期各期末", "subject_index": {"begin": 0, "end": 6}, "object_index": {"begin": 55, "end": 66}}, {"predicate": "预收账款余额", "object_type": "金额", "subject_type": "日期", "object": "14,352.00万元", "subject": "报告期各期末", "subject_index": {"begin": 0, "end": 6}, "object_index": {"begin": 31, "end": 42}}, {"predicate": "预收账款余额", "object_type": "金额", "subject_type": "日期", "object": "4,847.93万元", "subject": "报告期各期末", "subject_index": {"begin": 0, "end": 6}, "object_index": {"begin": 20, "end": 30}}]}
{"text": "2014年1-6月，发行人资产减值损失金额为-630.05万元，主要由计提或转回的应收款项坏账准备形成，其中：应收账款坏账准备转回558.83万元，其他应收款坏账准备计提130.62万元，长期应收款坏账准备转回201.85万元，具体如下：1、2014年1-6月应收账款坏账准备转回558.83万元，主要原因为本期收回账龄五年以上已全额计提坏账准备的武汉环境投资开发集团有限公司应收账款474.60万元，相应转回应收账款坏账准备474.60万元。2、2014年1-6月其他应收款坏账准备计提130.62万元，主要原因为本期650.00万元履约保证金及90.00万元农民工工资保证金账龄由2-3年增长为3-4年，相应补提坏账准备148.00万元。3、2014年1-6月长期应收款坏账准备转回201.84万元，主要原因为本期收回沅陵县经济建设投资有限公司应收账款600.00万元（其中账龄2-3年为561.34万元），相应转回坏账准备171.84万元。", "spo_list": [{"predicate": "应收帐款坏账准备", "object_type": "金额", "subject_type": "日期", "object": "474.60万元", "subject": "2014年1-6月", "subject_index": {"begin": 121, "end": 130}, "object_index": {"begin": 192, "end": 200}}, {"predicate": "应收帐款坏账准备", "object_type": "金额", "subject_type": "日期", "object": "558.83万元", "subject": "2014年1-6月", "subject_index": {"begin": 0, "end": 9}, "object_index": {"begin": 65, "end": 73}}, {"predicate": "应收帐款坏账准备", "object_type": "金额", "subject_type": "日期", "object": "130.62万元", "subject": "2014年1-6月", "subject_index": {"begin": 0, "end": 9}, "object_index": {"begin": 85, "end": 93}}, {"predicate": "应收帐款坏账准备", "object_type": "金额", "subject_type": "日期", "object": "201.85万元", "subject": "2014年1-6月", "subject_index": {"begin": 0, "end": 9}, "object_index": {"begin": 105, "end": 113}}, {"predicate": "应收帐款坏账准备", "object_type": "金额", "subject_type": "日期", "object": "558.83万元", "subject": "2014年1-6月", "subject_index": {"begin": 121, "end": 130}, "object_index": {"begin": 140, "end": 148}}, {"predicate": "应收帐款坏账准备", "object_type": "金额", "subject_type": "日期", "object": "474.60万元", "subject": "2014年1-6月", "subject_index": {"begin": 121, "end": 130}, "object_index": {"begin": 213, "end": 221}}, {"predicate": "应收帐款坏账准备", "object_type": "金额", "subject_type": "日期", "object": "130.62万元", "subject": "2014年1-6月", "subject_index": {"begin": 224, "end": 233}, "object_index": {"begin": 244, "end": 252}}, {"predicate": "坏账准备", "object_type": "金额", "subject_type": "日期", "object": "148.00万元", "subject": "2014年1-6月", "subject_index": {"begin": 224, "end": 233}, "object_index": {"begin": 312, "end": 320}}, {"predicate": "应收帐款坏账准备", "object_type": "金额", "subject_type": "日期", "object": "201.84万元", "subject": "2014年1-6月", "subject_index": {"begin": 323, "end": 332}, "object_index": {"begin": 343, "end": 351}}, {"predicate": "应收账款净额", "object_type": "金额", "subject_type": "日期", "object": "600.00万元", "subject": "2014年1-6月", "subject_index": {"begin": 323, "end": 332}, "object_index": {"begin": 378, "end": 386}}, {"predicate": "坏账准备", "object_type": "金额", "subject_type": "日期", "object": "171.84万元", "subject": "2014年1-6月", "subject_index": {"begin": 323, "end": 332}, "object_index": {"begin": 414, "end": 422}}]}
{"text": "公司货币资金由现金、银行存款和其他货币资金构成，其中，其他货币资金主要为公司开立的银行承兑汇票保证金和保函保证金。2011年年末、2012年年末、2013年年末，公司货币资金余额占流动资产的比例分别为32.24%、25.71%、10.08%，呈下降趋势。2013年货币资金期末余额比上年末减少了11,496.04万元，主要是由于2013年度克拉玛依生活垃圾填埋场二期工程、长春市餐厨垃圾处理项目等BT项目发生较大金额的工程款和材料采购支出，但是上述BT项目尚未到回购期，资金的占用较大，使得2013年期末的货币资金大幅减少。2014年6月30日，公司货币资金余额较2013年年末增加4,905.72万元，增幅为65.41%，主要是公司为拓展项目而增加了借款。", "spo_list": [{"predicate": "货币资金余额", "object_type": "金额", "subject_type": "日期", "object": "11,496.04万元", "subject": "2013年", "subject_index": {"begin": 127, "end": 132}, "object_index": {"begin": 147, "end": 158}}, {"predicate": "货币资金余额", "object_type": "金额", "subject_type": "日期", "object": "4,905.72万元", "subject": "2014年6月30日", "subject_index": {"begin": 262, "end": 272}, "object_index": {"begin": 291, "end": 301}}]}
{"text": "截至2014年6月30日，公司预付账款期末余额为775.10万元，其中前五名明细如下：单位：万元", "spo_list": [{"predicate": "预付款项余额", "object_type": "金额", "subject_type": "日期", "object": "775.10万元", "subject": "2014年6月30日", "subject_index": {"begin": 2, "end": 12}, "object_index": {"begin": 24, "end": 32}}]}
{"text": "近年来公司业务快速增长，承揽的工程项目不断增加，在建项目增多，导致期末未结算的工程施工余额呈增长趋势，2012年末及2013年末未结算工程施工余额分别较上年末增长18,202.18万元和9,614.00万元，是公司存货增加的主要原因。2014年6月末工程施工余额较2013年末有所减少，主要是受季节性因素影响，2014年1-6月工程施工量较少；从6月开始，公司为晋城市苇匠生活垃圾填埋场封场环境整治工程防渗系统专项工程、中委合资广东石化2000万短/年重油加工工程一级地管、罐区防渗工程等工程项目积极备货，使得原材料较上年末有所增长。", "spo_list": [{"predicate": "在建工程余额", "object_type": "金额", "subject_type": "日期", "object": "9,614.00万元", "subject": "2013年末", "subject_index": {"begin": 58, "end": 64}, "object_index": {"begin": 93, "end": 103}}, {"predicate": "在建工程余额", "object_type": "金额", "subject_type": "日期", "object": "18,202.18万元", "subject": "2012年末", "subject_index": {"begin": 51, "end": 57}, "object_index": {"begin": 81, "end": 92}}]}
{"text": "报告期内各期末，公司长期应收款余额分别为24,752.39万元、37,094.10万元、72,543.61万元和85,875.60万元，长期应收款的形成主要包括BT项目工程款和代垫项目前期费用两种情况。具体如下：", "spo_list": [{"predicate": "应收账款余额", "object_type": "金额", "subject_type": "日期", "object": "24,752.39万元", "subject": "报告期内各期末", "subject_index": {"begin": 0, "end": 7}, "object_index": {"begin": 20, "end": 31}}, {"predicate": "应收账款余额", "object_type": "金额", "subject_type": "日期", "object": "37,094.10万元", "subject": "报告期内各期末", "subject_index": {"begin": 0, "end": 7}, "object_index": {"begin": 32, "end": 43}}, {"predicate": "应收账款余额", "object_type": "金额", "subject_type": "日期", "object": "72,543.61万元", "subject": "报告期内各期末", "subject_index": {"begin": 0, "end": 7}, "object_index": {"begin": 44, "end": 55}}, {"predicate": "应收账款余额", "object_type": "金额", "subject_type": "日期", "object": "85,875.60万元", "subject": "报告期内各期末", "subject_index": {"begin": 0, "end": 7}, "object_index": {"begin": 56, "end": 67}}]}
{"text": "报告期各期末，公司应付职工薪酬分别为224.03万元、352.09万元、858.34万元和478.61万元，主要是各期末计提的当月员工薪酬，2013年末应付职工薪酬的余额较大系当年员工人数增加、薪酬水平提高且包含尚未支付的年终奖所致。", "spo_list": [{"predicate": "应付职工薪酬余额", "object_type": "金额", "subject_type": "日期", "object": "478.61万元", "subject": "报告期各期末", "subject_index": {"begin": 0, "end": 6}, "object_index": {"begin": 45, "end": 53}}, {"predicate": "应付职工薪酬余额", "object_type": "金额", "subject_type": "日期", "object": "858.34万元", "subject": "报告期各期末", "subject_index": {"begin": 0, "end": 6}, "object_index": {"begin": 36, "end": 44}}, {"predicate": "应付职工薪酬余额", "object_type": "金额", "subject_type": "日期", "object": "352.09万元", "subject": "报告期各期末", "subject_index": {"begin": 0, "end": 6}, "object_index": {"begin": 27, "end": 35}}, {"predicate": "应付职工薪酬余额", "object_type": "金额", "subject_type": "日期", "object": "224.03万元", "subject": "报告期各期末", "subject_index": {"begin": 0, "end": 6}, "object_index": {"begin": 18, "end": 26}}]}
{"text": "为验证收入确认的准确性，期末会计师会对发行人主要客户就项目的工作量进行函证，报告期客户直接回函确认的工程量对应的金额分别为55,508.25万元、62,868.62万元、76,660.77万元和21,705.55万元，占全部营业收入的比例在报告期间均在90%以上。可见，报告期内公司的收入确认依据充分。", "spo_list": [{"predicate": "在建工程账面价值", "object_type": "金额", "subject_type": "日期", "object": "55,508.25万元", "subject": "报告期", "subject_index": {"begin": 38, "end": 41}, "object_index": {"begin": 61, "end": 72}}, {"predicate": "在建工程账面价值", "object_type": "金额", "subject_type": "日期", "object": "62,868.62万元", "subject": "报告期", "subject_index": {"begin": 38, "end": 41}, "object_index": {"begin": 73, "end": 84}}, {"predicate": "在建工程账面价值", "object_type": "金额", "subject_type": "日期", "object": "76,660.77万元", "subject": "报告期", "subject_index": {"begin": 38, "end": 41}, "object_index": {"begin": 85, "end": 96}}, {"predicate": "在建工程账面价值", "object_type": "金额", "subject_type": "日期", "object": "21,705.55万元", "subject": "报告期", "subject_index": {"begin": 38, "end": 41}, "object_index": {"begin": 97, "end": 108}}]}
{"text": "2011年末，公司存货增加14,503.77万元，增幅较大，除由于经营规模扩大导致工程施工余额增加外，主要系受桂林市山口生活垃圾卫生填埋场项目影响所致，2011年度该项目实现营业收入18,119.06万元，但该项目结算周期较长，2011年度仅办理工程结算8,500万元，形成工程施工期末余额达9,535.05万元，占公司当期工程施工期末余额的42.24%，影响较大。", "spo_list": [{"predicate": "在建工程余额", "object_type": "金额", "subject_type": "日期", "object": "8,500万元", "subject": "2011年", "subject_index": {"begin": 114, "end": 119}, "object_index": {"begin": 127, "end": 134}}, {"predicate": "在建工程余额", "object_type": "金额", "subject_type": "日期", "object": "9,535.05万元", "subject": "2011年", "subject_index": {"begin": 114, "end": 119}, "object_index": {"begin": 146, "end": 156}}, {"predicate": "存货余额", "object_type": "金额", "subject_type": "日期", "object": "14,503.77万元", "subject": "2011年末", "subject_index": {"begin": 0, "end": 6}, "object_index": {"begin": 13, "end": 24}}, {"predicate": "其他收益", "object_type": "金额", "subject_type": "日期", "object": "18,119.06万元", "subject": "2011年度", "subject_index": {"begin": 76, "end": 82}, "object_index": {"begin": 91, "end": 102}}]}
