{"text": "截至2016年6月30日，本公司无形资产不存在减值情况，用于抵押或担保的无形资产账面价值为4,095.30万元。", "spo_list": [{"predicate": "无形资产", "object_type": "金额", "subject_type": "日期", "object": "4,095.30万元", "subject": "2016年6月30日", "subject_index": {"begin": 2, "end": 12}, "object_index": {"begin": 45, "end": 55}}]}
{"text": "截至2016年6月30日，公司预收账款余额为8,751.69万元，全部为客户预付的合同款项。", "spo_list": [{"predicate": "预收款项", "object_type": "金额", "subject_type": "日期", "object": "8,751.69万元", "subject": "2016年6月30日", "subject_index": {"begin": 2, "end": 12}, "object_index": {"begin": 22, "end": 32}}]}
{"text": "各报告期末，公司货币资金余额呈先下降后上升的态势，其中2014年末货币资金余额比2013年减少1,303.57万元，同比减少11.11%，主要是公司对于“年产欧式起重设备2.5万吨项目”及生产经营所需原材料持续投入所致。2015年末较2014年末货币资金余额增加7,891.82万元，增长75.65%，主要是当期生产经营积累和短期借款增加所致；2016年6月末货币资金余额较2015年末有所下降，主要原因系公司偿还了部分短期借款及生产经营所需原材料持续投入所致。", "spo_list": [{"predicate": "货币资金余额", "object_type": "金额", "subject_type": "日期", "object": "1,303.57万元", "subject": "2014年末", "subject_index": {"begin": 27, "end": 33}, "object_index": {"begin": 47, "end": 57}}, {"predicate": "货币资金余额", "object_type": "金额", "subject_type": "日期", "object": "7,891.82万元", "subject": "2015年末", "subject_index": {"begin": 110, "end": 116}, "object_index": {"begin": 131, "end": 141}}]}
{"text": "截至2016年6月末，公司长期待摊费用余额42.82万元，主要系办公楼装修、厂房修理费用的摊销。", "spo_list": [{"predicate": "长期待摊费用", "object_type": "金额", "subject_type": "日期", "object": "42.82万元", "subject": "2016年6月末", "subject_index": {"begin": 2, "end": 10}, "object_index": {"begin": 21, "end": 28}}]}
{"text": "2013年末至2016年6月末，公司其他应付款的余额分别为1,076.95万元、23.26万元、、74.82万元、69.01万元，其他应付款余额2013年末金额较大主要是2013年公司参股苏州烨华，截至年末公司尚有990.00万元投资款未支付。2014年末至2016年6月末其他应付款余额大幅下降，主要是股权投资款已支付完毕。", "spo_list": [{"predicate": "其他应付款", "object_type": "金额", "subject_type": "日期", "object": "1,076.95万元", "subject": "2013年末至2016年6月末", "subject_index": {"begin": 0, "end": 15}, "object_index": {"begin": 29, "end": 39}}, {"predicate": "其他应付款", "object_type": "金额", "subject_type": "日期", "object": "23.26万元", "subject": "2013年末至2016年6月末", "subject_index": {"begin": 0, "end": 15}, "object_index": {"begin": 40, "end": 47}}, {"predicate": "其他应付款", "object_type": "金额", "subject_type": "日期", "object": "74.82万元", "subject": "2013年末至2016年6月末", "subject_index": {"begin": 0, "end": 15}, "object_index": {"begin": 49, "end": 56}}, {"predicate": "其他应付款", "object_type": "金额", "subject_type": "日期", "object": "69.01万元", "subject": "2013年末至2016年6月末", "subject_index": {"begin": 0, "end": 15}, "object_index": {"begin": 57, "end": 64}}]}
{"text": "2014年度公司的销售费用较2013年度增加954.31万元，增长32.16%，主要是运输费和包装费的增加；2015年度销售费用较2014年度降低316.19万元，减少8.06%，主要是运输费和包装费的降低。", "spo_list": [{"predicate": "销售费用", "object_type": "金额", "subject_type": "日期", "object": "954.31万元", "subject": "2014年度", "subject_index": {"begin": 0, "end": 6}, "object_index": {"begin": 22, "end": 30}}, {"predicate": "销售费用", "object_type": "金额", "subject_type": "日期", "object": "316.19万元", "subject": "2015年度", "subject_index": {"begin": 54, "end": 60}, "object_index": {"begin": 73, "end": 81}}]}
{"text": "营业外收入主要由政府补助构成，2013年度至2016年上半年度分别为181.72万元、333.59万元、219.26万元、260.36万元，占营业外收入的比例为88.48%、88.89%、96.57%、99.10%。报告期内公司的政府补助明细如下", "spo_list": [{"predicate": "营业外收入", "object_type": "金额", "subject_type": "日期", "object": "181.72万元", "subject": "2013年度至2016年上半年度", "subject_index": {"begin": 15, "end": 31}, "object_index": {"begin": 34, "end": 42}}, {"predicate": "营业外收入", "object_type": "金额", "subject_type": "日期", "object": "333.59万元", "subject": "2013年度至2016年上半年度", "subject_index": {"begin": 15, "end": 31}, "object_index": {"begin": 43, "end": 51}}, {"predicate": "营业外收入", "object_type": "金额", "subject_type": "日期", "object": "219.26万元", "subject": "2013年度至2016年上半年度", "subject_index": {"begin": 15, "end": 31}, "object_index": {"begin": 52, "end": 60}}, {"predicate": "营业外收入", "object_type": "金额", "subject_type": "日期", "object": "260.36万元", "subject": "2013年度至2016年上半年度", "subject_index": {"begin": 15, "end": 31}, "object_index": {"begin": 61, "end": 69}}]}
{"text": "公司自成立以来非常重视对研发的投入，2013年度、2014年度、2015年度和2016年上半年度，公司研发投入分别为1,715.17万元、2,942.08万元、1,943.28万元和1,502.98万元，在技术研发方面取得了一系列重大成果。目前公司已拥有111项专利。公司FWD型通用桥式起重机于2013年9月获得国家火炬计划产业化示范项目证书。", "spo_list": [{"predicate": "研发费用", "object_type": "金额", "subject_type": "日期", "object": "1,715.17万元", "subject": "2013年度", "subject_index": {"begin": 18, "end": 24}, "object_index": {"begin": 58, "end": 68}}, {"predicate": "研发费用", "object_type": "金额", "subject_type": "日期", "object": "2,942.08万元", "subject": "2014年度", "subject_index": {"begin": 25, "end": 31}, "object_index": {"begin": 69, "end": 79}}, {"predicate": "研发费用", "object_type": "金额", "subject_type": "日期", "object": "1,943.28万元", "subject": "2015年度", "subject_index": {"begin": 32, "end": 38}, "object_index": {"begin": 80, "end": 90}}, {"predicate": "研发费用", "object_type": "金额", "subject_type": "日期", "object": "1,502.98万元", "subject": "2016年上半年度", "subject_index": {"begin": 39, "end": 48}, "object_index": {"begin": 91, "end": 101}}]}
{"text": "各报告期末，与期末未履行完毕订单相对应的存货分别为13,937.16万元、20,176.78万元、17,678.44万元、16,325.61万元，与期末未履行完毕订单相对应的预收账款余额分别为12,004.75万元、16,540.51万元、9,625.24万元、8,751.69万元，与各期末预收账款余额一致。", "spo_list": [{"predicate": "存货", "object_type": "金额", "subject_type": "日期", "object": "13,937.16万元", "subject": "各报告期末", "subject_index": {"begin": 0, "end": 5}, "object_index": {"begin": 25, "end": 36}}, {"predicate": "存货", "object_type": "金额", "subject_type": "日期", "object": "20,176.78万元", "subject": "各报告期末", "subject_index": {"begin": 0, "end": 5}, "object_index": {"begin": 37, "end": 48}}, {"predicate": "存货", "object_type": "金额", "subject_type": "日期", "object": "17,678.44万元", "subject": "各报告期末", "subject_index": {"begin": 0, "end": 5}, "object_index": {"begin": 49, "end": 60}}, {"predicate": "存货", "object_type": "金额", "subject_type": "日期", "object": "16,325.61万元", "subject": "各报告期末", "subject_index": {"begin": 0, "end": 5}, "object_index": {"begin": 61, "end": 72}}, {"predicate": "预付款项", "object_type": "金额", "subject_type": "日期", "object": "12,004.75万元", "subject": "各报告期末", "subject_index": {"begin": 0, "end": 5}, "object_index": {"begin": 96, "end": 107}}, {"predicate": "预付款项", "object_type": "金额", "subject_type": "日期", "object": "16,540.51万元", "subject": "各报告期末", "subject_index": {"begin": 0, "end": 5}, "object_index": {"begin": 108, "end": 119}}, {"predicate": "预付款项", "object_type": "金额", "subject_type": "日期", "object": "9,625.24万元", "subject": "各报告期末", "subject_index": {"begin": 0, "end": 5}, "object_index": {"begin": 120, "end": 130}}, {"predicate": "预付款项", "object_type": "金额", "subject_type": "日期", "object": "8,751.69万元", "subject": "各报告期末", "subject_index": {"begin": 0, "end": 5}, "object_index": {"begin": 131, "end": 141}}]}
{"text": "报告期内，公司起重机毛利分别为8,482.23万元、9,996.43万元、9,752.84万元、4,728.41万元，占主营业务毛利的比例分别为63.36%、69.46%、71.06%、79.57%，是公司盈利的主要来源。", "spo_list": [{"predicate": "毛利额", "object_type": "金额", "subject_type": "日期", "object": "8,482.23万元", "subject": "报告期内", "subject_index": {"begin": 0, "end": 4}, "object_index": {"begin": 15, "end": 25}}, {"predicate": "毛利额", "object_type": "金额", "subject_type": "日期", "object": "9,996.43万元", "subject": "报告期内", "subject_index": {"begin": 0, "end": 4}, "object_index": {"begin": 26, "end": 36}}, {"predicate": "毛利额", "object_type": "金额", "subject_type": "日期", "object": "9,752.84万元", "subject": "报告期内", "subject_index": {"begin": 0, "end": 4}, "object_index": {"begin": 37, "end": 47}}, {"predicate": "毛利额", "object_type": "金额", "subject_type": "日期", "object": "4,728.41万元", "subject": "报告期内", "subject_index": {"begin": 0, "end": 4}, "object_index": {"begin": 48, "end": 58}}]}
{"text": "报告期内，公司营业外收支净额分别为184.48万元、362.40万元、214.25万元、262.72万元，占利润总额的比例较小，分别为2.62%、5.21%、3.44%、10.77%。", "spo_list": [{"predicate": "营业外支出", "object_type": "金额", "subject_type": "日期", "object": "184.48万元", "subject": "报告期内", "subject_index": {"begin": 0, "end": 4}, "object_index": {"begin": 17, "end": 25}}, {"predicate": "营业外支出", "object_type": "金额", "subject_type": "日期", "object": "362.40万元", "subject": "报告期内", "subject_index": {"begin": 0, "end": 4}, "object_index": {"begin": 26, "end": 34}}, {"predicate": "营业外支出", "object_type": "金额", "subject_type": "日期", "object": "214.25万元", "subject": "报告期内", "subject_index": {"begin": 0, "end": 4}, "object_index": {"begin": 35, "end": 43}}, {"predicate": "营业外支出", "object_type": "金额", "subject_type": "日期", "object": "262.72万元", "subject": "报告期内", "subject_index": {"begin": 0, "end": 4}, "object_index": {"begin": 44, "end": 52}}]}
{"text": "报告期内，公司投资活动产生的现金流量净额分别为-5,335.26万元、-3,021.14万元、-1,600.06万元、-773.60万元。公司为抓住市场发展的机遇，满足业务快速增长、优化产品结构和增强竞争力的需要，加大了固定资产投资。报告期内，公司持续投资建设诺威厂房和三期厂房，购建长期资产支付的现金分别为5,203.52万元、3,404.85万元、1,718.39万元、934.44万元。", "spo_list": [{"predicate": "公司投资活动产生的现金流量净额", "object_type": "金额", "subject_type": "日期", "object": "-5,335.26万元", "subject": "报告期内", "subject_index": {"begin": 0, "end": 4}, "object_index": {"begin": 23, "end": 34}}, {"predicate": "公司投资活动产生的现金流量净额", "object_type": "金额", "subject_type": "日期", "object": "-3,021.14万元", "subject": "报告期内", "subject_index": {"begin": 0, "end": 4}, "object_index": {"begin": 35, "end": 46}}, {"predicate": "公司投资活动产生的现金流量净额", "object_type": "金额", "subject_type": "日期", "object": "-1,600.06万元", "subject": "报告期内", "subject_index": {"begin": 0, "end": 4}, "object_index": {"begin": 47, "end": 58}}, {"predicate": "公司投资活动产生的现金流量净额", "object_type": "金额", "subject_type": "日期", "object": "-773.60万元", "subject": "报告期内", "subject_index": {"begin": 0, "end": 4}, "object_index": {"begin": 59, "end": 68}}]}
{"text": "上述事项合计调增股改时净资产1,640,965.28元。上述调整事项已经公司2014年第三次临时股东大会审议通过，并经全体股东确认，不会影响股改时形成的股本金额，不会对公司的生产经营产生实质性的影响。调整后，苏州法兰泰克截至2012年6月30日财务报表净资产值为266,186,239.87元，股本总额不变，仍为120,000,000.00元。各发起股东按各自出资比例计算应持有的股数，其余146,186,239.87元列入股份公司资本公积和未分配利润，其中，列入资本公积的金额为144,545,274.59元，列入未分配利润的金额为1,640,965.28元。", "spo_list": [{"predicate": "未分配利润", "object_type": "金额", "subject_type": "日期", "object": "1,640,965.28元", "subject": "2012年6月30日", "subject_index": {"begin": 112, "end": 122}, "object_index": {"begin": 267, "end": 280}}]}
{"text": "截至2014年12月31日，公司在产品计提存货跌价准备98.67万元，主要原因系公司向润邦卡哥特科公司提供的超卷扬门式起重机属于公司的新产品，因此在合同投标时公司对项目实际产生的成本预估不足，合同报价偏低，造成此订单实际发生的生产成本大于合同金额，公司出于谨慎性原则，根据账面成本1,052.81万元和合同金额954.14万元的差额计提了存货跌价准备98.67万元。", "spo_list": [{"predicate": "存货跌价准备", "object_type": "金额", "subject_type": "日期", "object": "98.67万元", "subject": "2014年12月31日", "subject_index": {"begin": 2, "end": 13}, "object_index": {"begin": 27, "end": 34}}, {"predicate": "存货跌价准备", "object_type": "金额", "subject_type": "日期", "object": "98.67万元", "subject": "2014年12月31日", "subject_index": {"begin": 2, "end": 13}, "object_index": {"begin": 175, "end": 182}}]}
{"text": "公司销售费用主要包括销售商品支付的运输费、销售人员的薪酬、差旅费、售后服务费等。2013年度至2016年上半年度，公司运输费分别为693.89万元、1,364.80万元、1,243.33万元、403.00万元，占销售费用的比例分别为23.38%、34.80%、34.75%、25.09%，是销售费用中的最主要部分。其他费用主要包括广告费、监检费、咨询服务费、招标费和包装费等。", "spo_list": [{"predicate": "其他成本", "object_type": "金额", "subject_type": "日期", "object": "693.89万元", "subject": "2013年度至2016年", "subject_index": {"begin": 40, "end": 52}, "object_index": {"begin": 65, "end": 73}}, {"predicate": "其他成本", "object_type": "金额", "subject_type": "日期", "object": "1,364.80万元", "subject": "2013年度至2016年", "subject_index": {"begin": 40, "end": 52}, "object_index": {"begin": 74, "end": 84}}, {"predicate": "其他成本", "object_type": "金额", "subject_type": "日期", "object": "1,243.33万元", "subject": "2013年度至2016年", "subject_index": {"begin": 40, "end": 52}, "object_index": {"begin": 85, "end": 95}}, {"predicate": "其他成本", "object_type": "金额", "subject_type": "日期", "object": "403.00万元", "subject": "2013年度至2016年", "subject_index": {"begin": 40, "end": 52}, "object_index": {"begin": 96, "end": 104}}]}
