{"text": "本公司已按《厂房租赁合同》规定的期限分别支付2001年度及2002年1至6月份租金472,176.00元、236,088.00元", "spo_list": [{"predicate": "其他成本", "object_type": "金额", "subject_type": "日期", "object": "472,176.00元", "subject": "2001年度", "subject_index": {"begin": 22, "end": 28}, "object_index": {"begin": 41, "end": 52}}, {"predicate": "其他成本", "object_type": "金额", "subject_type": "日期", "object": "236,088.00元", "subject": "2002年1至6月", "subject_index": {"begin": 29, "end": 38}, "object_index": {"begin": 53, "end": 64}}]}
{"text": "公司的应收帐款周转率良好，公司2001年末、2002年6月30日、2002年10月31日（未审计）的应收帐款分别为84,072,184.19元、84,302,792.86元、82,592,867.67元，占当期主营业务收入比率分别为37.64%、70.54%、40.47%，公司2002年中期与2001年底相比应收帐款变化不大，2002年下半年开始，公司进一步加强对应收帐款的控制力度，取得了一定效果。目前，公司应收帐款。本公司的流动资产结构良好，可变现性强。截止2002年6月30日公司的固定资产总额为1.75亿元，占总资产的比例为45.7%。固定资产和无形资产均为公司所拥有并已取得有关权属证明，为公司正常生产经营所必须的资产，不存在重大不良资产。公司整体资产结构合理，可变现性强。", "spo_list": [{"predicate": "应收账款净额", "object_type": "金额", "subject_type": "日期", "object": "84,072,184.19元", "subject": "2001年末", "subject_index": {"begin": 15, "end": 21}, "object_index": {"begin": 57, "end": 71}}, {"predicate": "应收账款净额", "object_type": "金额", "subject_type": "日期", "object": "84,302,792.86元", "subject": "2002年6月30日", "subject_index": {"begin": 22, "end": 32}, "object_index": {"begin": 72, "end": 86}}, {"predicate": "应收账款净额", "object_type": "金额", "subject_type": "日期", "object": "82,592,867.67元", "subject": "2002年10月31日", "subject_index": {"begin": 33, "end": 44}, "object_index": {"begin": 87, "end": 101}}]}
{"text": "本公司2001年投资活动产生的现金流量为-4,919.62万元，其中购建固定资产产生的现金流出为4,929.62万元，主要为公司技术改造投资。", "spo_list": [{"predicate": "公司投资活动产生的现金流量净额", "object_type": "金额", "subject_type": "日期", "object": "-4,919.62万元", "subject": "2001年", "subject_index": {"begin": 3, "end": 8}, "object_index": {"begin": 20, "end": 31}}]}
{"text": "2000年8月30日，本公司与法拉总公司签定《关于土地前期投入补偿协议》。协议约定由本公司支付给法拉总公司土地前期投入补偿款2,947,529.00元。本公司已于2000年10月17日支付补偿款。", "spo_list": [{"predicate": "其他成本", "object_type": "金额", "subject_type": "日期", "object": "2,947,529.00元", "subject": "2000年8月30日", "subject_index": {"begin": 0, "end": 10}, "object_index": {"begin": 62, "end": 75}}]}
{"text": "截至2001年12月31日，公司拥有总资产3.92亿元，其中流动资产2.15亿元，占总资产比例为54.92%，流动资产中以货币现金、应收帐款和存货为主，公司的货币现金、应收帐款和存货分别占流动资产的19.09%、39.03%和29.56%；截至2002年6月30日，公司拥有总资产3.83亿元，其中流动资产1.99亿元，占总资产比例为51.94%，货币现金、应收帐款和存货分别占流动资产的19.1%、42.3%和24.8%；截至2002年10月31日（未经审计），公司拥有总资产3.87亿元，其中流动资产2.12亿元，占总资产比例为54.81%，货币现金、应收帐款和存货分别占流动资产的22.56%、38.87%和24.20%。", "spo_list": [{"predicate": "流动资产", "object_type": "金额", "subject_type": "日期", "object": "2.15亿元", "subject": "2001年12月31日", "subject_index": {"begin": 2, "end": 13}, "object_index": {"begin": 34, "end": 40}}, {"predicate": "流动资产", "object_type": "金额", "subject_type": "日期", "object": "2.12亿元", "subject": "2002年10月31日", "subject_index": {"begin": 214, "end": 225}, "object_index": {"begin": 252, "end": 258}}]}
{"text": "截至2001年12月31日，公司负债总额为1.65亿元，其中流动负债1.05亿元，占负债总额的63.64%；截至2002年6月30日，公司负债总额为1.35亿元，其中流动负债0.76亿元，占负债总额的56.32%，债务结构合理。公司无重大已到期仍未偿还之债务。公司2001年末资产负债率为42.16%,流动比率2.05，速动比率1.44；截止2002年6月30日，资产负债率为35.22%,流动比率2.62，速动比率1.97；截止2002年10月31日（未经审计），资产负债率为31.42%,资产负债结构合理；公司近三年帐龄在一年以内的应收帐款余额平均占当年应收帐款总额的95%，帐龄较短，呆、坏帐的可能性和比重较小，公司经营性资金周转正常，回款能力较强。公司1999、2000、2001年末以及2002年6月30日的货币现金余额分别为3,550.09万元、4,608.48万元、4,112.87万元和3,808.27万元，公司2001年度经营活动现金流量净额为6,080.28万元，每股经营活动现金流量为0.61元，显示公司偿债能力较强。", "spo_list": [{"predicate": "流动负债", "object_type": "金额", "subject_type": "日期", "object": "1.05亿元", "subject": "2001年12月31日", "subject_index": {"begin": 2, "end": 13}, "object_index": {"begin": 34, "end": 40}}, {"predicate": "流动负债", "object_type": "金额", "subject_type": "日期", "object": "0.76亿元", "subject": "2002年6月30日", "subject_index": {"begin": 56, "end": 66}, "object_index": {"begin": 87, "end": 93}}]}
{"text": "本公司2001年度经营活动产生的现金流量净额为6,080.28万元，其中销售商品及提供劳务受到的现金为25,808.19万元；2001年主营业务收入净增加额为2876万元（不含增值税），与2000年相比增长14.78%，经营性应收帐款增加1043万元，与2000年相比增加14.1%，应收帐款保持和销售收入同步增长，说明公司在2001年经营活动中的现金回笼及其他现金流量均属正常。", "spo_list": [{"predicate": "公司经营活动产生的现金流量净额", "object_type": "金额", "subject_type": "日期", "object": "6,080.28万元", "subject": "2001年度", "subject_index": {"begin": 3, "end": 9}, "object_index": {"begin": 23, "end": 33}}, {"predicate": "其他收益", "object_type": "金额", "subject_type": "日期", "object": "25,808.19万元", "subject": "2001年度", "subject_index": {"begin": 3, "end": 9}, "object_index": {"begin": 51, "end": 62}}, {"predicate": "主营业务收入", "object_type": "金额", "subject_type": "日期", "object": "2876万元", "subject": "2001年", "subject_index": {"begin": 63, "end": 68}, "object_index": {"begin": 79, "end": 85}}]}
{"text": "对销售收入及盈利能力的影响：若募集资金项目能按时顺利实施，本公司销售收入及盈利能力将大幅度增长，预计2005年本公司将新增销售收入达到3.7亿元左右，新增净利润6,200万元。", "spo_list": [{"predicate": "其他收入", "object_type": "金额", "subject_type": "日期", "object": "3.7亿元", "subject": "2005年", "subject_index": {"begin": 50, "end": 55}, "object_index": {"begin": 67, "end": 72}}]}
{"text": "根据中共厦门市委厦委发[1999]018号《关于贯彻中共中央、国务院关于加强技术创新，发展高科技，实现产业化的决定的实施意见》，本公司按销售收入（含主营业务收入和其他业务收入）的6%提取技术开发费，本公司2000年度、2001年度及2002年1至6月份计提的技术开发费分别为13,322,191.54元、13,740,617.06元、7,261,458.78元。2002年6月30日技术开发费余额为6,562,201.46元", "spo_list": [{"predicate": "研发费用", "object_type": "金额", "subject_type": "日期", "object": "6,562,201.46元", "subject": "2002年6月30日", "subject_index": {"begin": 181, "end": 191}, "object_index": {"begin": 199, "end": 212}}, {"predicate": "研发费用", "object_type": "金额", "subject_type": "日期", "object": "7,261,458.78元", "subject": "2002年1至6月", "subject_index": {"begin": 116, "end": 125}, "object_index": {"begin": 167, "end": 180}}, {"predicate": "研发费用", "object_type": "金额", "subject_type": "日期", "object": "13,740,617.06元", "subject": "2001年度", "subject_index": {"begin": 109, "end": 115}, "object_index": {"begin": 152, "end": 166}}, {"predicate": "研发费用", "object_type": "金额", "subject_type": "日期", "object": "13,322,191.54元", "subject": "2000年度", "subject_index": {"begin": 102, "end": 108}, "object_index": {"begin": 137, "end": 151}}]}
{"text": "本公司2001年筹资活动产生的现金流量为-1,652.9万元，主要为公司与银行借贷过程中产生的。", "spo_list": [{"predicate": "公司筹资活动产生的现金流量净额", "object_type": "金额", "subject_type": "日期", "object": "-1,652.9万元", "subject": "2001年", "subject_index": {"begin": 3, "end": 8}, "object_index": {"begin": 20, "end": 30}}]}
