{"text": "2002年上述五家公司实现轮胎销售收入分别为307,369万元、247,716万元、243,485万元、212,917万元和208,795万元。同以上公司相比，2002年度公司实现销售收入136,154万元，列居行业第9位。在其它指标中，", "spo_list": [{"predicate": "其他收益", "object_type": "金额", "subject_type": "日期", "object": "307,369万元", "subject": "2002年", "subject_index": {"begin": 0, "end": 5}, "object_index": {"begin": 22, "end": 31}}, {"predicate": "其他收益", "object_type": "金额", "subject_type": "日期", "object": "247,716万元", "subject": "2002年", "subject_index": {"begin": 0, "end": 5}, "object_index": {"begin": 32, "end": 41}}, {"predicate": "其他收益", "object_type": "金额", "subject_type": "日期", "object": "243,485万元", "subject": "2002年", "subject_index": {"begin": 0, "end": 5}, "object_index": {"begin": 42, "end": 51}}, {"predicate": "其他收益", "object_type": "金额", "subject_type": "日期", "object": "212,917万元", "subject": "2002年", "subject_index": {"begin": 0, "end": 5}, "object_index": {"begin": 52, "end": 61}}, {"predicate": "其他收益", "object_type": "金额", "subject_type": "日期", "object": "208,795万元", "subject": "2002年", "subject_index": {"begin": 0, "end": 5}, "object_index": {"begin": 62, "end": 71}}]}
{"text": "公司2000年、2001年、2002年及2003年1～5月分别向集团公司支付土地租赁费38.14万元、38.14万元、38.14万元、9,54万元。2001年7月30日公司就机修分厂用地与集团公司签订了《国有土地使用权租赁合同》，土地租赁面积为9,217平方米，租赁期限为48年，租金1.86元/年/平方米，2001年公司向集团公司支付土地租赁费5,714.57元，2002年及2003年1～5月分别向集团公司支付土地租赁费1.71万元，0.43万元。", "spo_list": [{"predicate": "其他成本", "object_type": "金额", "subject_type": "日期", "object": "38.14万元", "subject": "2000年", "subject_index": {"begin": 2, "end": 7}, "object_index": {"begin": 43, "end": 50}}, {"predicate": "其他成本", "object_type": "金额", "subject_type": "日期", "object": "38.14万元", "subject": "2001年", "subject_index": {"begin": 8, "end": 13}, "object_index": {"begin": 51, "end": 58}}, {"predicate": "其他成本", "object_type": "金额", "subject_type": "日期", "object": "38.14万元", "subject": "2002年", "subject_index": {"begin": 14, "end": 19}, "object_index": {"begin": 59, "end": 66}}, {"predicate": "其他成本", "object_type": "金额", "subject_type": "日期", "object": "9,54万元", "subject": "2003年1～5月", "subject_index": {"begin": 20, "end": 29}, "object_index": {"begin": 67, "end": 73}}]}
{"text": "2000年度本公司向集团公司支付资产租赁费26.67万元，2001年度支付1,067.33万元（其中2001年1～4月支付13.33万元；5～12月支付1,054.00万元，占5～12月载重子午胎销售收入的7%），2002年度支付2,560.58万元，2003年1～5月支付1,544.02万元。", "spo_list": [{"predicate": "其他成本", "object_type": "金额", "subject_type": "日期", "object": "26.67万元", "subject": "2000年度", "subject_index": {"begin": 0, "end": 6}, "object_index": {"begin": 21, "end": 28}}, {"predicate": "其他成本", "object_type": "金额", "subject_type": "日期", "object": "1,067.33万元", "subject": "2001年度", "subject_index": {"begin": 29, "end": 35}, "object_index": {"begin": 37, "end": 47}}, {"predicate": "其他成本", "object_type": "金额", "subject_type": "日期", "object": "2,560.58万元", "subject": "2002年度", "subject_index": {"begin": 107, "end": 113}, "object_index": {"begin": 115, "end": 125}}, {"predicate": "其他成本", "object_type": "金额", "subject_type": "日期", "object": "1,544.02万元", "subject": "2003年1～5月", "subject_index": {"begin": 126, "end": 135}, "object_index": {"begin": 137, "end": 147}}]}
{"text": "集团公司2001年9月份以前没有专门的采购部门，子午胎建设所需设备由本公司代为采购，再由本公司按原采购价格出售给集团公司。2001年9月份以后不再发生代理采购设备情况，集团公司所需设备均由其自行采购。2000年、2001年分别代理采购931.97万元、2,535.09万元，分别占本公司当期采购额的1.27%、2.95%。", "spo_list": [{"predicate": "其他成本", "object_type": "金额", "subject_type": "日期", "object": "931.97万元", "subject": "2000年", "subject_index": {"begin": 100, "end": 105}, "object_index": {"begin": 117, "end": 125}}, {"predicate": "其他成本", "object_type": "金额", "subject_type": "日期", "object": "2,535.09万元", "subject": "2001年", "subject_index": {"begin": 106, "end": 111}, "object_index": {"begin": 126, "end": 136}}]}
{"text": "公司应付集团公司款项2000年、2001年、2002年及2003年5月末分别为44.43万元、0万元、40.73万元、0.08万元；应付集团公司全资子公司——焦作市豫轮大酒店有限公司住宿费2001年、2002年和2003年5月末分别为16.36万元、1.17万元、4.49万元；应收集团公司全资子公司——焦作市普宁物业管理有限公司款项2002年和2003年5月末分别为29.14万元、59.32万元。", "spo_list": [{"predicate": "应付账款", "object_type": "金额", "subject_type": "日期", "object": "44.43万元", "subject": "2000年", "subject_index": {"begin": 10, "end": 15}, "object_index": {"begin": 39, "end": 46}}, {"predicate": "应付账款", "object_type": "金额", "subject_type": "日期", "object": "0万元", "subject": "2001年", "subject_index": {"begin": 16, "end": 21}, "object_index": {"begin": 47, "end": 50}}, {"predicate": "应付账款", "object_type": "金额", "subject_type": "日期", "object": "40.73万元", "subject": "2002年", "subject_index": {"begin": 22, "end": 27}, "object_index": {"begin": 51, "end": 58}}, {"predicate": "应付账款", "object_type": "金额", "subject_type": "日期", "object": "0.08万元", "subject": "2003年5月末", "subject_index": {"begin": 28, "end": 36}, "object_index": {"begin": 59, "end": 65}}, {"predicate": "其他应付款", "object_type": "金额", "subject_type": "日期", "object": "16.36万元", "subject": "2001年", "subject_index": {"begin": 94, "end": 99}, "object_index": {"begin": 117, "end": 124}}, {"predicate": "其他应付款", "object_type": "金额", "subject_type": "日期", "object": "1.17万元", "subject": "2002年", "subject_index": {"begin": 100, "end": 105}, "object_index": {"begin": 125, "end": 131}}, {"predicate": "其他应付款", "object_type": "金额", "subject_type": "日期", "object": "4.49万元", "subject": "2003年5月末", "subject_index": {"begin": 106, "end": 114}, "object_index": {"begin": 132, "end": 138}}, {"predicate": "其他应收款净额", "object_type": "金额", "subject_type": "日期", "object": "29.14万元", "subject": "2002年", "subject_index": {"begin": 167, "end": 172}, "object_index": {"begin": 184, "end": 191}}, {"predicate": "其他应收款净额", "object_type": "金额", "subject_type": "日期", "object": "59.32万元", "subject": "2003年5月末", "subject_index": {"begin": 173, "end": 181}, "object_index": {"begin": 192, "end": 199}}]}
{"text": "公司2002年和2001年的主营业务成本分别为102,902.07万元、78,515.54万元，主营业务成本较2001年增长31.06%；增长的主要原因是2002年主营业务收入增长28.30%，相应主营业务成本同比提高，此外主要原材料如橡胶等价格上涨也使成本增加。", "spo_list": [{"predicate": "主营业务成本", "object_type": "金额", "subject_type": "日期", "object": "102,902.07万元", "subject": "2002年", "subject_index": {"begin": 2, "end": 7}, "object_index": {"begin": 23, "end": 35}}, {"predicate": "主营业务成本", "object_type": "金额", "subject_type": "日期", "object": "78,515.54万元", "subject": "2001年", "subject_index": {"begin": 8, "end": 13}, "object_index": {"begin": 36, "end": 47}}]}
{"text": "公司利润总额2002年较2001年增加609.89万元，增幅为10.56%。利润总额增幅低于主营业务收入增长水平的主要原因是成本费用水平上升。2002年主营业务利润率为17.97%，比2001年的18.48%下降了0.51个百分点。", "spo_list": [{"predicate": "营业利润", "object_type": "金额", "subject_type": "日期", "object": "609.89万元", "subject": "2002年", "subject_index": {"begin": 6, "end": 11}, "object_index": {"begin": 19, "end": 27}}]}
{"text": "流动资产主要包括货币资金、应收账款、应收票据、其他应收款、存货。2003年5月31日及2002年、2001年、2000年末公司流动资产分别为：68,801.26万元、61,509.84万元、57,302.80万元、50,860.56万元。流动资产具体情况如下：", "spo_list": [{"predicate": "流动资产", "object_type": "金额", "subject_type": "日期", "object": "68,801.26万元", "subject": "2003年5月31日", "subject_index": {"begin": 32, "end": 42}, "object_index": {"begin": 71, "end": 82}}, {"predicate": "流动资产", "object_type": "金额", "subject_type": "日期", "object": "61,509.84万元", "subject": "2002年", "subject_index": {"begin": 43, "end": 48}, "object_index": {"begin": 83, "end": 94}}, {"predicate": "流动资产", "object_type": "金额", "subject_type": "日期", "object": "57,302.80万元", "subject": "2001年", "subject_index": {"begin": 49, "end": 54}, "object_index": {"begin": 95, "end": 106}}, {"predicate": "流动资产", "object_type": "金额", "subject_type": "日期", "object": "50,860.56万元", "subject": "2000年末", "subject_index": {"begin": 55, "end": 61}, "object_index": {"begin": 107, "end": 118}}]}
{"text": "2003年5月31日及2002年、2001年、2000年末公司应收账款净额分别为：27,533.01万元、17,312.35万元、12,323.12万元、18,715.10万元，分别占当年流动资产总额的40.02%、28.15%、21.51%、36.80%。2001年末较2000年末应收账款降低34.15%，主要是公司加大催款力度、采取灵活的销售政策所致；同时公司采用商业发票贴现业务取得了现款5,000万元。", "spo_list": [{"predicate": "应收账款净额", "object_type": "金额", "subject_type": "日期", "object": "27,533.01万元", "subject": "2003年5月31日", "subject_index": {"begin": 0, "end": 10}, "object_index": {"begin": 41, "end": 52}}, {"predicate": "应收账款净额", "object_type": "金额", "subject_type": "日期", "object": "17,312.35万元", "subject": "2002年", "subject_index": {"begin": 11, "end": 16}, "object_index": {"begin": 53, "end": 64}}, {"predicate": "应收账款净额", "object_type": "金额", "subject_type": "日期", "object": "12,323.12万元", "subject": "2001年", "subject_index": {"begin": 17, "end": 22}, "object_index": {"begin": 65, "end": 76}}, {"predicate": "应收账款净额", "object_type": "金额", "subject_type": "日期", "object": "18,715.10万元", "subject": "2000年末", "subject_index": {"begin": 23, "end": 29}, "object_index": {"begin": 77, "end": 88}}]}
{"text": "2003年5月31日及2002年、2001年、2000年末公司其他应收款净额分别为：1,565.65万元、1,357.36万元、1,035.19万元、3,867.98万元，分别占当年流动资产总额的2.28%、2.21%、1.81%、7.61%。2001年末其他应收款较2000年末减少73.24%，主要是采用债务重组方式减少了焦作市金虎轮胎厂的欠款所致。2002年末较2001年末增加335万元，增长了31.36%，主要是往来款项增加。2003年5月31日，本公司的其他应收款余额中，无持有本公司5%或以上股份股东单位的欠款。2003年5月31日其他应收款前5名债务人金额合计为1,390.38万元，占其他应收款净额的比例为85.68%，其中上市费用719.07万元，包括审计费、律师费、评估费、辅导费等。", "spo_list": [{"predicate": "应收账款净额", "object_type": "金额", "subject_type": "日期", "object": "1,565.65万元", "subject": "2003年5月31日", "subject_index": {"begin": 0, "end": 10}, "object_index": {"begin": 42, "end": 52}}, {"predicate": "应收账款净额", "object_type": "金额", "subject_type": "日期", "object": "1,357.36万元", "subject": "2002年", "subject_index": {"begin": 11, "end": 16}, "object_index": {"begin": 53, "end": 63}}, {"predicate": "应收账款净额", "object_type": "金额", "subject_type": "日期", "object": "1,035.19万元", "subject": "2001年", "subject_index": {"begin": 17, "end": 22}, "object_index": {"begin": 64, "end": 74}}, {"predicate": "应收账款净额", "object_type": "金额", "subject_type": "日期", "object": "3,867.98万元", "subject": "2000年末", "subject_index": {"begin": 23, "end": 29}, "object_index": {"begin": 75, "end": 85}}]}
{"text": "截止2003年5月31日，公司无形资产为80.58万元,主要为公司于2002年在国外新注册的“风神”牌、“河南”牌商标及公司购买的财务软件。公司已对无形资产期末价值进行逐项核查，不存在需要计提减值准备情况。", "spo_list": [{"predicate": "无形资产", "object_type": "金额", "subject_type": "日期", "object": "80.58万元", "subject": "2003年5月31日", "subject_index": {"begin": 2, "end": 12}, "object_index": {"begin": 20, "end": 27}}]}
{"text": "2003年5月31日及2002年、2001年、2000年末公司的应付票据分别为9,739.06万元、7,692.62万元、2,318.99万元、2,848.00万元。2002年末较2001年末增加231.7%，主要原因是公司在购买原材料时，较多的采取了银行承兑汇票的结算方式。以上银行承兑汇票共33笔，均在2003年到期。", "spo_list": [{"predicate": "应付票据", "object_type": "金额", "subject_type": "日期", "object": "9,739.06万元", "subject": "003年5月31日", "subject_index": {"begin": 1, "end": 10}, "object_index": {"begin": 39, "end": 49}}, {"predicate": "应付票据", "object_type": "金额", "subject_type": "日期", "object": "7,692.62万元", "subject": "2002年", "subject_index": {"begin": 11, "end": 16}, "object_index": {"begin": 50, "end": 60}}, {"predicate": "应付票据", "object_type": "金额", "subject_type": "日期", "object": "2,318.99万元", "subject": "2001年", "subject_index": {"begin": 17, "end": 22}, "object_index": {"begin": 61, "end": 71}}, {"predicate": "应付票据", "object_type": "金额", "subject_type": "日期", "object": "2,848.00万元", "subject": "2000年末", "subject_index": {"begin": 23, "end": 29}, "object_index": {"begin": 72, "end": 82}}]}
{"text": "2003年5月31日及2002年、2001年、2000年末公司的应付账款分别为16,045.75万元、11,786.39万元、13,829.00万元、9,693.04万元。2001年末较2000年末增长42.67%，主要是公司2001年度材料采购量增加，欠款相应增加所致。2003年5月31日，应付帐款无持有本公司5%（含5%）以上股份的股东的款项，前5名债权人金额合计为5,877.92万元，占应付帐款总额的比例为36.63%。", "spo_list": [{"predicate": "应付账款", "object_type": "金额", "subject_type": "日期", "object": "16,045.75万元", "subject": "2003年5月31日", "subject_index": {"begin": 0, "end": 10}, "object_index": {"begin": 39, "end": 50}}, {"predicate": "应付账款", "object_type": "金额", "subject_type": "日期", "object": "11,786.39万元", "subject": "2002年", "subject_index": {"begin": 11, "end": 16}, "object_index": {"begin": 51, "end": 62}}, {"predicate": "应付账款", "object_type": "金额", "subject_type": "日期", "object": "13,829.00万元", "subject": "2001年", "subject_index": {"begin": 17, "end": 22}, "object_index": {"begin": 63, "end": 74}}, {"predicate": "应付账款", "object_type": "金额", "subject_type": "日期", "object": "9,693.04万元", "subject": "2000年末", "subject_index": {"begin": 23, "end": 29}, "object_index": {"begin": 75, "end": 85}}]}
{"text": "2003年5月31日及2002年、2001年、2000年末公司应交税金分别为1,867.81万元、2,438.69万元、182.93万元、-251.47万元。其中，2001年末和2000年末应缴所得税期末余额分别为-508.48万元、-582.10万元，所得税为负数的原因主要是按《企业会计准则》和《企业会计制度》的有关规定，对以前年度的利润进行追溯调整并根据公司成本核算政策进行成本核算验证后调整成本、费用，相应减少所得税所致。", "spo_list": [{"predicate": "应交税费", "object_type": "金额", "subject_type": "日期", "object": "1,867.81万元", "subject": "2003年5月31日", "subject_index": {"begin": 0, "end": 10}, "object_index": {"begin": 38, "end": 48}}, {"predicate": "应交税费", "object_type": "金额", "subject_type": "日期", "object": "2,438.69万元", "subject": "2002年", "subject_index": {"begin": 11, "end": 16}, "object_index": {"begin": 49, "end": 59}}, {"predicate": "应交税费", "object_type": "金额", "subject_type": "日期", "object": "182.93万元", "subject": "2001年", "subject_index": {"begin": 17, "end": 22}, "object_index": {"begin": 60, "end": 68}}, {"predicate": "应交税费", "object_type": "金额", "subject_type": "日期", "object": "-251.47万元", "subject": "2000年末", "subject_index": {"begin": 23, "end": 29}, "object_index": {"begin": 69, "end": 78}}]}
{"text": "2001年第二次临时股东大会通过了关于“2001年1～10月份利润及2001年11月至发行日前利润分配的预案”的议案：2001年1～10月份实现的净利润33,356,593.20元，提取10%的法定盈余公积金和5%的法定公益金，加上年初未分配利润10,664,825.67元，可供分配利润为39,017,929.89元，向全体股东按持股比例派发现金股利39,017,929.89元。2001年11月1日以后至公司股票发行上市日前利润由新老股东共享。此次应向全体股东支付的股利扣减1999年度多分股利后，于2002年1月开始支付，并于1月29日全部支付完毕。", "spo_list": [{"predicate": "未分配利润", "object_type": "金额", "subject_type": "日期", "object": "10,664,825.67元", "subject": "2001年1～10月份", "subject_index": {"begin": 59, "end": 70}, "object_index": {"begin": 123, "end": 137}}]}
{"text": "2002年度公司投资活动产生的现金流量净额为-1,579.00万元，系购建固定资产、无形资产和其他长期资产所支付的现金。2003年1～5月公司投资活动产生的现金流量净额为-1,606.90万元，其中，处置固定资产、无形资产和其他长期资产所收回的现金为27.86万元，购建固定资产、无形资产和其他长期资产所支付的现金为1,634.75万元。", "spo_list": [{"predicate": "公司投资活动产生的现金流量净额", "object_type": "金额", "subject_type": "日期", "object": "-1,579.00万元", "subject": "2002年度", "subject_index": {"begin": 0, "end": 6}, "object_index": {"begin": 22, "end": 33}}, {"predicate": "公司投资活动产生的现金流量净额", "object_type": "金额", "subject_type": "日期", "object": "-1,606.90万元", "subject": "2003年1～5月", "subject_index": {"begin": 60, "end": 69}, "object_index": {"begin": 85, "end": 96}}]}
{"text": "2002年度公司筹资活动产生的现金流量净额为-7,103.44万元，其中：借款所收到的现金为80,144.36万元，偿还债务所支付的现金为81,425.52万元，分配股利、利润或偿付利息所支付的现金为5,614.80万元，支付与其他筹资活动有关的现金为207.47万元。2003年1～5月公司筹资活动产生的现金流量净额为261.69万元，其中：借款所收到的现金为34,301.41万元，偿还债务所支付的现金为33,301.41万元，分配股利、利润或偿付利息所支付的现金为735.34万元，支付与其他筹资活动有关的现金为2.97万元。", "spo_list": [{"predicate": "公司筹资活动产生的现金流量净额", "object_type": "金额", "subject_type": "日期", "object": "-7,103.44万元", "subject": "2002年度", "subject_index": {"begin": 0, "end": 6}, "object_index": {"begin": 22, "end": 33}}, {"predicate": "公司筹资活动产生的现金流量净额", "object_type": "金额", "subject_type": "日期", "object": "261.69万元", "subject": "2003年1～5月", "subject_index": {"begin": 135, "end": 144}, "object_index": {"begin": 160, "end": 168}}]}
{"text": "公司2002年度营业费用为5,420万元，较2001年的4,322万元增加25.40%；营业费用占主营业务收入的比重2002年度为3.98%，比2001年度的4.07%降低了0.09个百分点，比2002年度行业50家平均水平5.21%低1.23个百分点。", "spo_list": [{"predicate": "其他成本", "object_type": "金额", "subject_type": "日期", "object": "5,420万元", "subject": "2002年度", "subject_index": {"begin": 2, "end": 8}, "object_index": {"begin": 13, "end": 20}}]}
{"text": "公司2002年度管理费用为10,351万元，较2001年的5,945万元增加74.11%；管理费用占主营业务收入的比重2002年度为7.60%，比2001年度的5.60%上升了2个百分点，与2002年度行业50家平均水平5.97%相比高1.63个百分点。", "spo_list": [{"predicate": "管理费用", "object_type": "金额", "subject_type": "日期", "object": "10,351万元", "subject": "2002年度", "subject_index": {"begin": 2, "end": 8}, "object_index": {"begin": 13, "end": 21}}]}
{"text": "根据公司以往的经验并基于三年及最近一期应收账款周转率指标（该指标2003年1～5月、2002年、2001年、2000年分别为3.46次、9.19次、6.84次、4.04次）分析，公司认为应收账款发生坏帐的可能性较小，公司回收资金的能力较强。此外，存货是公司流动资产的重要组成部分，财务报表显示2003年5月31日存货期末净额较年初有所减少，主要是：本期销售形势较好，销量增加；此外，由于上年度原材料采购充足，本期采购的原材料等相对减少。", "spo_list": [{"predicate": "应收账款周转率", "object_type": "日期", "subject_type": "比率", "object": "2003年1～5月", "subject": "3.46次", "subject_index": {"begin": 62, "end": 67}, "object_index": {"begin": 32, "end": 41}}, {"predicate": "应收账款周转率", "object_type": "日期", "subject_type": "比率", "object": "2002年", "subject": "9.19次", "subject_index": {"begin": 68, "end": 73}, "object_index": {"begin": 42, "end": 47}}, {"predicate": "应收账款周转率", "object_type": "日期", "subject_type": "比率", "object": "2001年", "subject": "6.84次", "subject_index": {"begin": 74, "end": 79}, "object_index": {"begin": 48, "end": 53}}, {"predicate": "应收账款周转率", "object_type": "日期", "subject_type": "比率", "object": "2000年", "subject": "4.04次", "subject_index": {"begin": 80, "end": 85}, "object_index": {"begin": 54, "end": 59}}]}
{"text": "截止2003年5月31日公司的负债总额为76,624.60万元，其中流动负债71,136.60万元，占负债总额的92.84%；长期负债5,488.00万元，占负债总额的7.16%。本公司目前为中国工商银行焦作分行授予的AAA级信用单位，持续融资能力较强，具备较强的清偿能力。自公司成立以来，从未拖欠过银行利息，无重大已到期仍未偿还的债务。", "spo_list": [{"predicate": "流动负债", "object_type": "金额", "subject_type": "日期", "object": "71,136.60万元", "subject": "2003年5月31日", "subject_index": {"begin": 2, "end": 12}, "object_index": {"begin": 38, "end": 49}}]}
{"text": "截止2002年12月31日，集团公司（母公司）的负债总额为78,098.40万元，主要包括短期借款、长期借款、其他应付款等。短期借款、长期借款分别为22,100万元、43,494万元，其中子午胎项目借款43,494万元。长期应付款7,095.61万元，主要为应付设备款。", "spo_list": [{"predicate": "长期应付款", "object_type": "金额", "subject_type": "日期", "object": "7,095.61万元", "subject": "2002年12月31日", "subject_index": {"begin": 2, "end": 13}, "object_index": {"begin": 115, "end": 125}}]}
{"text": "截止2002年12月31日集团公司是一家政府授权的国有资产投资主体，目前主要业务是持有下属公司股权及建设子午胎项目，2002年度主营业务收入及主营业务成本为0。管理费用844.52万元，其中：与子午胎项目相关的折旧、保险等费用合计为402.06万元，日常管理性支出442.46万元。财务费用1,018.88万元，系集团公司的贷款利息。投资收益3,354.89万元，主要是对下属单位的投资收益，其中对股份公司的投资收益为3,493.90万元。", "spo_list": [{"predicate": "投资收益", "object_type": "金额", "subject_type": "日期", "object": "3,493.90万元", "subject": "2002年12月31日", "subject_index": {"begin": 2, "end": 13}, "object_index": {"begin": 209, "end": 219}}, {"predicate": "投资收益", "object_type": "金额", "subject_type": "日期", "object": "3,354.89万元", "subject": "2002年12月31日", "subject_index": {"begin": 2, "end": 13}, "object_index": {"begin": 171, "end": 181}}]}
{"text": "因2000年5月1日至2001年4月30日是调试、试生产期间，公司只需向集团公司支付资产租赁费人民币40万元；自2001年5月1日至合同期满，公司以子午胎销售收入的7%向集团公司支付资产租赁费。2003年2月22日，公司与集团公司签订《租赁合同》，公司继续租赁经营集团公司80万套载重子午胎项目中后续的50万套子午胎生产线，合同期限为2003年2月22日至2006年2月21日，公司以子午胎销售收入的7%向集团公司支付资产租赁费。", "spo_list": [{"predicate": "其他成本", "object_type": "金额", "subject_type": "日期", "object": "40万元", "subject": "2000年5月1日至2001年4月30日", "subject_index": {"begin": 1, "end": 21}, "object_index": {"begin": 50, "end": 54}}]}
{"text": "根据上述协议，股份公司2000年、2001年、2002年、2003年1～5月分别向集团公司支付的综合服务费用分别为391.28万元、416.95万元、268.50万元、109.35万元。2000年、2001年集团公司分别向本公司支付能源费111.76万元、155.42万元，2002年及2003年1～5月集团公司下属子公司普宁物业管理有限公司向本公司支付能源费143.45万元、60.71万元。", "spo_list": [{"predicate": "其他成本", "object_type": "金额", "subject_type": "日期", "object": "109.35万元", "subject": "2003年1～5月", "subject_index": {"begin": 29, "end": 38}, "object_index": {"begin": 84, "end": 92}}, {"predicate": "其他成本", "object_type": "金额", "subject_type": "日期", "object": "268.50万元", "subject": "2002年", "subject_index": {"begin": 23, "end": 28}, "object_index": {"begin": 75, "end": 83}}, {"predicate": "其他成本", "object_type": "金额", "subject_type": "日期", "object": "416.95万元", "subject": "2001年", "subject_index": {"begin": 17, "end": 22}, "object_index": {"begin": 66, "end": 74}}, {"predicate": "其他成本", "object_type": "金额", "subject_type": "日期", "object": "391.28万元", "subject": "2000年", "subject_index": {"begin": 11, "end": 16}, "object_index": {"begin": 57, "end": 65}}, {"predicate": "其他成本", "object_type": "金额", "subject_type": "日期", "object": "60.71万元", "subject": "2003年1～5月", "subject_index": {"begin": 143, "end": 152}, "object_index": {"begin": 189, "end": 196}}, {"predicate": "其他成本", "object_type": "金额", "subject_type": "日期", "object": "143.45万元", "subject": "2002年", "subject_index": {"begin": 137, "end": 142}, "object_index": {"begin": 180, "end": 188}}, {"predicate": "其他成本", "object_type": "金额", "subject_type": "日期", "object": "155.42万元", "subject": "2001年", "subject_index": {"begin": 99, "end": 104}, "object_index": {"begin": 128, "end": 136}}, {"predicate": "其他成本", "object_type": "金额", "subject_type": "日期", "object": "111.76万元", "subject": "2000年", "subject_index": {"begin": 93, "end": 98}, "object_index": {"begin": 119, "end": 127}}]}
{"text": "邯郸中喜会计师事务所有限公司对股份公司本次拟收购的30万套载重子午胎生产线进行了评估（评估基准日为2001年9月30日），并出具了邯会评报字（2001）第126号资产评估报告书，该资产评估值为40,787.36万元，评估结果已经河南省财政厅豫企财[2001]162号文确认。", "spo_list": [{"predicate": "净资产评估值", "object_type": "金额", "subject_type": "日期", "object": "40,787.36万元", "subject": "2001年9月30日", "subject_index": {"begin": 49, "end": 59}, "object_index": {"begin": 96, "end": 107}}]}
{"text": "公司2000、2001、2002年及2003年1～5月分别支付集团公司资产租赁费26.67万元、1,067.33万元、2,560.58万元、1,544.02万元。公司支付集团公司的子午胎资产租赁费用是合理的，充分考虑了下列因素：", "spo_list": [{"predicate": "其他成本", "object_type": "金额", "subject_type": "日期", "object": "1,544.02万元", "subject": "2003年1～5月", "subject_index": {"begin": 18, "end": 27}, "object_index": {"begin": 70, "end": 80}}, {"predicate": "其他成本", "object_type": "金额", "subject_type": "日期", "object": "2,560.58万元", "subject": "2002年", "subject_index": {"begin": 12, "end": 17}, "object_index": {"begin": 59, "end": 69}}, {"predicate": "其他成本", "object_type": "金额", "subject_type": "日期", "object": "1,067.33万元", "subject": "2001", "subject_index": {"begin": 7, "end": 11}, "object_index": {"begin": 48, "end": 58}}, {"predicate": "其他成本", "object_type": "金额", "subject_type": "日期", "object": "26.67万元", "subject": "2000", "subject_index": {"begin": 2, "end": 6}, "object_index": {"begin": 40, "end": 47}}]}
{"text": "2000年5月1日至2001年4月30日公司共支付资产租赁费40万元，主要考虑子午胎生产线尚处于调试、试生产期间，设备产能不能正常发挥。由于15万套生产线2000年7月安装调试完毕，并开始试生产，公司2000年度仅生产载重子午胎3.17万套；2001年4月底形成年产30万套的生产能力，2001年度仅生产载重子午胎18.91万套。2001年5-12月公司支付资产租赁费1,054万元，租赁经营的子午胎资产集团公司计提折旧1501.51万元；2002年生产载重子午胎31.68万套，支付资产租赁费2,560.58万元，租赁经营的子午胎资产集团公司计提折旧2,550.00万元；2003年1～5月生产载重子午胎18.90万套，支付资产租赁费1,544.02万元，租赁经营的子午胎资产集团公司计提折旧1,063.00万元，公司支付资产租赁费超过集团公司计提的折旧。", "spo_list": [{"predicate": "其他成本", "object_type": "金额", "subject_type": "日期", "object": "40万元", "subject": "2000年5月1日至2001年4月30日", "subject_index": {"begin": 0, "end": 20}, "object_index": {"begin": 30, "end": 34}}, {"predicate": "其他成本", "object_type": "金额", "subject_type": "日期", "object": "1,054万元", "subject": "2001年5-12月", "subject_index": {"begin": 165, "end": 175}, "object_index": {"begin": 184, "end": 191}}, {"predicate": "息税折旧摊销前利润", "object_type": "金额", "subject_type": "日期", "object": "1501.51万元", "subject": "2001年5-12月", "subject_index": {"begin": 165, "end": 175}, "object_index": {"begin": 210, "end": 219}}, {"predicate": "其他成本", "object_type": "金额", "subject_type": "日期", "object": "2,560.58万元", "subject": "2002年", "subject_index": {"begin": 220, "end": 225}, "object_index": {"begin": 247, "end": 257}}, {"predicate": "息税折旧摊销前利润", "object_type": "金额", "subject_type": "日期", "object": "2,550.00万元", "subject": "2002年", "subject_index": {"begin": 220, "end": 225}, "object_index": {"begin": 276, "end": 286}}, {"predicate": "其他成本", "object_type": "金额", "subject_type": "日期", "object": "1,544.02万元", "subject": "2003年1～5月", "subject_index": {"begin": 287, "end": 296}, "object_index": {"begin": 318, "end": 328}}, {"predicate": "息税折旧摊销前利润", "object_type": "金额", "subject_type": "日期", "object": "1,063.00万元", "subject": "2003年1～5月", "subject_index": {"begin": 287, "end": 296}, "object_index": {"begin": 347, "end": 357}}]}
{"text": "公司2001年主营业务收入较2000年增加28,992.57万元，增长37.59%，增长的主要原因：一是大力开拓销售市场，建立完善、高效的营销网络，提高产品市场占有率；二是适应市场需求，加快产品结构调整，增加载重子午胎销售。2001年载重子午胎销售数量为19.14万套，载重子午胎销售收入较2000年增长1,068.01%。", "spo_list": [{"predicate": "营业外收入", "object_type": "金额", "subject_type": "日期", "object": "28,992.57万元", "subject": "2001年", "subject_index": {"begin": 2, "end": 7}, "object_index": {"begin": 21, "end": 32}}]}
{"text": "公司2001年和2000年的主营业务成本分别为78,515.54万元、58,086.52万元，主营业务成本较2000年增长35.17%；由于自2001年1月1日起国家对子午胎免征消费税，公司主营业务税金及附加2001年比2000年增长11.09%，主营业务利润率由2000年的15.36%上升到2001年的18.48%。2001年三项费用合计增长率20.79%，低于公司主营业务收入增长幅度。", "spo_list": [{"predicate": "其他成本", "object_type": "金额", "subject_type": "日期", "object": "58,086.52万元", "subject": "2000年", "subject_index": {"begin": 8, "end": 13}, "object_index": {"begin": 35, "end": 46}}, {"predicate": "其他成本", "object_type": "金额", "subject_type": "日期", "object": "78,515.54万元", "subject": "2001年", "subject_index": {"begin": 2, "end": 7}, "object_index": {"begin": 23, "end": 34}}]}
{"text": "公司利润总额2001年较2000年增加3,991.69万元，增幅为223.81%，增加的原因主要是成本费用水平降低。2001年公司销售成本费用率为86.60%，比2000年的89.68%降低3.08个百分点。主要原因是：（1）原材料及燃料实行招标采购，有效降低了原材料及燃料采购成本；（2）公司2001年轮胎产量较2000年增长40.29%，产量增长导致单位成本固定费用降低，单位制造费用和人工成本下降，有效地降低了成本；（3）与同行业相比，公司人员少、劳动效率高、工资成本低。公司2001年万元产值工资含量为288元，而同行业50家企业2001年度万元产值工资含量平均值为347元，其中三家上市公司平均值为445元，公司分别比同行业和三家上市公司低59元和157元，按全年产值计算，分别节约人力成本948万元和2,524万元；（4）子午胎自2001年1月1日起免征消费税，相应增加利润1,722万元。", "spo_list": [{"predicate": "营业利润", "object_type": "金额", "subject_type": "日期", "object": "3,991.69万元", "subject": "2001年", "subject_index": {"begin": 6, "end": 11}, "object_index": {"begin": 19, "end": 29}}, {"predicate": "营业利润", "object_type": "金额", "subject_type": "日期", "object": "1,722万元", "subject": "2001年1月1日", "subject_index": {"begin": 371, "end": 380}, "object_index": {"begin": 393, "end": 400}}]}
{"text": "公司2002年主营业务收入较2001年增加30,036.50万元，增长28.30%，增长的主要原因是载重子午胎销售增加，载重子午胎销售收入较2001年增加16,830.71万元，增长率达77.49%。", "spo_list": [{"predicate": "营业外收入", "object_type": "金额", "subject_type": "日期", "object": "30,036.50万元", "subject": "2002年", "subject_index": {"begin": 2, "end": 7}, "object_index": {"begin": 21, "end": 32}}, {"predicate": "其他收入", "object_type": "金额", "subject_type": "日期", "object": "16,830.71万元", "subject": "2002年", "subject_index": {"begin": 2, "end": 7}, "object_index": {"begin": 77, "end": 88}}]}
{"text": "公司2002年营业费用较2001年增加了1,097.45万元，增幅达25.40%，主要是销售收入增长后相应的运费随之增加，同时公司本年度加大了宣传力度，广告费也相应增加。公司2002年管理费用较2001年增加了4,405.78万元，增幅达74.11%，其中由于2002年工资核算办法改变以及管理人员调整工资，使工资及相应福利费、工会经费、教育经费以及社会统筹费等较2001年增加1,439.60万元；由于销量增加三包胎费用比2001年增加1,470.40万元；坏账准备金及其他费用较2001年增加974万元。公司2002年财务费用较2001年减少了79.67万元，降幅达2.56%。2002年三项费用合计增长率40.51%。", "spo_list": [{"predicate": "管理费用", "object_type": "金额", "subject_type": "日期", "object": "4,405.78万元", "subject": "2002年", "subject_index": {"begin": 87, "end": 92}, "object_index": {"begin": 105, "end": 115}}, {"predicate": "其他成本", "object_type": "金额", "subject_type": "日期", "object": "1,097.45万元", "subject": "2002年", "subject_index": {"begin": 2, "end": 7}, "object_index": {"begin": 20, "end": 30}}, {"predicate": "其他成本", "object_type": "金额", "subject_type": "日期", "object": "1,439.60万元", "subject": "2002年", "subject_index": {"begin": 130, "end": 135}, "object_index": {"begin": 189, "end": 199}}, {"predicate": "坏账准备", "object_type": "金额", "subject_type": "日期", "object": "974万元", "subject": "较2001年", "subject_index": {"begin": 240, "end": 246}, "object_index": {"begin": 248, "end": 253}}]}
{"text": "2003年5月末较2002年同期应收账款增加7,382.32万元，增幅为36.64%，主要原因是：公司对配套厂家轮胎销售量较去年同期增加；2003年公司出口收入较去年同期增长47.81%，由于信用付款期未到，部分货款尚未回收；公司生产规模扩大，2003年1-5月主营业务收入较去年同期增长44.66%，从而导致应收账款增加，但同期应收账款占主营业务收入的比重由37.57%下降至35.49%。", "spo_list": [{"predicate": "长期应收款", "object_type": "金额", "subject_type": "日期", "object": "7,382.32万元", "subject": "2003年5月", "subject_index": {"begin": 0, "end": 7}, "object_index": {"begin": 22, "end": 32}}]}
{"text": "2003年5月31日及2002年、2001年、2000年末公司应收票据分别为：2,225.20万元、300.00万元、78.00万元、1,354.49万元，分别占当年流动资产的3.23%、0.49%、0.14%、2.66%。随着公司之间结算形式的多样化以及为加速货款回收，公司在销售货款的结算中银行承兑汇票比例逐渐增大，公司为降低资金成本，在付款时首先考虑银行承兑汇票背书转让方式，其次再考虑现金付款方式。", "spo_list": [{"predicate": "应收票据", "object_type": "金额", "subject_type": "日期", "object": "2,225.20万元", "subject": "2003年5月31日", "subject_index": {"begin": 0, "end": 10}, "object_index": {"begin": 39, "end": 49}}, {"predicate": "应收票据", "object_type": "金额", "subject_type": "日期", "object": "300.00万元", "subject": "2002年", "subject_index": {"begin": 11, "end": 16}, "object_index": {"begin": 50, "end": 58}}, {"predicate": "应收票据", "object_type": "金额", "subject_type": "日期", "object": "78.00万元", "subject": "2001年", "subject_index": {"begin": 17, "end": 22}, "object_index": {"begin": 59, "end": 66}}, {"predicate": "应收票据", "object_type": "金额", "subject_type": "日期", "object": "1,354.49万元", "subject": "2000年末", "subject_index": {"begin": 23, "end": 29}, "object_index": {"begin": 67, "end": 77}}]}
{"text": "2003年5月31日及2002年、2001年、2000年末公司应收补贴款分别为0万元、0万元、92.74万元、327.97万元，分别占当年流动资产总额的0%、0%、0.16%、0.64%。应收补贴款余额为应收出口退税，根据财政部、国家税务总局财税字[1997]50号文，本公司出口产品增值税采用免、抵、退方法，由于出口产品单证未能及时获得，尚未清算，暂记入应收补贴款—应收出口退税科目，其会计核算符合《企业会计制度——会计科目和会计报表》应收补贴款、应交税金科目核算规定。公司应收出口退税已于2002年6月清理完毕。", "spo_list": [{"predicate": "应收账款净额", "object_type": "金额", "subject_type": "日期", "object": "327.97万元", "subject": "2000年末", "subject_index": {"begin": 23, "end": 29}, "object_index": {"begin": 55, "end": 63}}, {"predicate": "应收账款净额", "object_type": "金额", "subject_type": "日期", "object": "92.74万元", "subject": "2001年", "subject_index": {"begin": 17, "end": 22}, "object_index": {"begin": 47, "end": 54}}]}
{"text": "2003年5月31日及2002年、2001年、2000年末公司的预收账款分别为2,075.90万元、1,173.95万元、1,201.19万元、815.96万元，无欠持有本公司5%(含5%)以上股份股东单位的款项。2001年末较2000年末增长47%，增加的原因主要是国内经销单位购货余款暂挂帐385万元。2003年5月31日较2002年末增长76.80%，主要是因为随着销售规模的加大，经销单位购货余款同时加大。", "spo_list": [{"predicate": "预收款项", "object_type": "金额", "subject_type": "日期", "object": "815.96万元", "subject": "2000年末", "subject_index": {"begin": 23, "end": 29}, "object_index": {"begin": 72, "end": 80}}, {"predicate": "预收款项", "object_type": "金额", "subject_type": "日期", "object": "1,201.19万元", "subject": "2001年", "subject_index": {"begin": 17, "end": 22}, "object_index": {"begin": 61, "end": 71}}, {"predicate": "预收款项", "object_type": "金额", "subject_type": "日期", "object": "1,173.95万元", "subject": "2002年", "subject_index": {"begin": 11, "end": 16}, "object_index": {"begin": 50, "end": 60}}, {"predicate": "预收款项", "object_type": "金额", "subject_type": "日期", "object": "2,075.90万元", "subject": "2003年5月31日", "subject_index": {"begin": 0, "end": 10}, "object_index": {"begin": 39, "end": 49}}]}
{"text": "2003年5月31日及2002年、2001年、2000年末公司的其他应付款分别为1,028.82万元、575.89万元、254.72万元、785.43万元。2001年末较2000年末降低68%，主要是支付原欠工程款、保证金和维修费等。2002年末较2001年末增加247.9万元,增长97.32%，主要是宽基无内胎工程项目贴息及采购招标押金增加。2003年5月31日较2002年末增加452.9万元,增长78.6%，主要是电费及职工教育经费暂挂账所致。2003年5月31日，本公司的其他应付款余额中，欠集团公司往来款40.73万元。此外公司无欠持有本公司5%(含5%)以上股份股东单位的款项。", "spo_list": [{"predicate": "长期应付款", "object_type": "金额", "subject_type": "日期", "object": "785.43万元", "subject": "2000年", "subject_index": {"begin": 23, "end": 28}, "object_index": {"begin": 69, "end": 77}}, {"predicate": "长期应付款", "object_type": "金额", "subject_type": "日期", "object": "254.72万元", "subject": "2001年", "subject_index": {"begin": 17, "end": 22}, "object_index": {"begin": 60, "end": 68}}, {"predicate": "长期应付款", "object_type": "金额", "subject_type": "日期", "object": "575.89万元", "subject": "2002年", "subject_index": {"begin": 11, "end": 16}, "object_index": {"begin": 51, "end": 59}}, {"predicate": "长期应付款", "object_type": "金额", "subject_type": "日期", "object": "1,028.82万元", "subject": "2003年5月31日", "subject_index": {"begin": 0, "end": 10}, "object_index": {"begin": 40, "end": 50}}]}
{"text": "2002年公司现金及现金等价物净增加额为-5,766.61万元，主要是：公司本期经营活动中应收帐款增加5,190万元，使经营活动收到的现金相对减少；另外，公司本期集中支付了2,833.17万元现金股利，使筹资活动支出的现金相对增加。", "spo_list": [{"predicate": "其他应收款净额", "object_type": "金额", "subject_type": "日期", "object": "-5,766.61万元", "subject": "2002年", "subject_index": {"begin": 0, "end": 5}, "object_index": {"begin": 20, "end": 31}}, {"predicate": "长期应收款", "object_type": "金额", "subject_type": "日期", "object": "5,190万元", "subject": "2002年", "subject_index": {"begin": 0, "end": 5}, "object_index": {"begin": 51, "end": 58}}]}
{"text": "对上述会计政策变更，本公司采用追溯调整法，调整了2001年初留存收益及相关项目。上述会计政策变更的累积影响数为10,176,473.58元，其中坏账准备计提比例变更的累积影响数为7,563,219.51元，债务重组核算政策变更的累积影响数为2,613,254.07元；上述会计政策变更减少了1999年盈余公积1,102,856.94元、未分配利润6,249,522.67元，减少了2000年盈余公积423,614.10元、未分配利润2,400,479.87元。", "spo_list": [{"predicate": "坏账准备", "object_type": "金额", "subject_type": "日期", "object": "7,563,219.51元", "subject": "2001年", "subject_index": {"begin": 24, "end": 29}, "object_index": {"begin": 89, "end": 102}}, {"predicate": "盈余公积", "object_type": "金额", "subject_type": "日期", "object": "423,614.10元", "subject": "2000年", "subject_index": {"begin": 190, "end": 195}, "object_index": {"begin": 199, "end": 210}}, {"predicate": "未分配利润", "object_type": "金额", "subject_type": "日期", "object": "2,400,479.87元", "subject": "2000年", "subject_index": {"begin": 190, "end": 195}, "object_index": {"begin": 216, "end": 229}}, {"predicate": "盈余公积", "object_type": "金额", "subject_type": "日期", "object": "1,102,856.94元", "subject": "1999年", "subject_index": {"begin": 145, "end": 150}, "object_index": {"begin": 154, "end": 167}}, {"predicate": "未分配利润", "object_type": "金额", "subject_type": "日期", "object": "6,249,522.67元", "subject": "1999年", "subject_index": {"begin": 145, "end": 150}, "object_index": {"begin": 173, "end": 186}}]}
{"text": "2003年5月31日及2002年、2001年、2000年末流动比率分别为0.97、1.12、0.94、0.86；速动比率分别为0.64、0.63、0.49、0.55，流动比率和速动比率两项指标逐年提高，但流动比率和速动比率两项指标总体偏低，说明公司有一定的短期偿债压力和短期偿债风险。", "spo_list": [{"predicate": "速动比率", "object_type": "日期", "subject_type": "比率", "object": "2000年末", "subject": "0.55", "subject_index": {"begin": 78, "end": 82}, "object_index": {"begin": 23, "end": 29}}, {"predicate": "速动比率", "object_type": "日期", "subject_type": "比率", "object": "2001年", "subject": "0.49", "subject_index": {"begin": 73, "end": 77}, "object_index": {"begin": 17, "end": 22}}, {"predicate": "速动比率", "object_type": "日期", "subject_type": "比率", "object": "2002年", "subject": "0.63", "subject_index": {"begin": 68, "end": 72}, "object_index": {"begin": 11, "end": 16}}, {"predicate": "速动比率", "object_type": "日期", "subject_type": "比率", "object": "2003年5月31日", "subject": "0.64", "subject_index": {"begin": 63, "end": 67}, "object_index": {"begin": 0, "end": 10}}]}
{"text": "2003年5月31日及2002年、2001年、2000年末公司货币资金余额分别为8,795.91万元、5,451.73万元、11,218.34万元、1,968.03万元。2001年末货币资金余额较2000年末增长470.03%。2001年以来国内轮胎行业整体走出低谷，同时公司通过发展主业、加大催收欠款力度，情况大有好转。2002年末较2001年末降低了51%，主要原因是支付了2001年度分配的现金股利及预付材料款增加所致。2002年及2003年1～5月经营活动产生的现金流量净额为2,927.13万元、4,692.63万元，每股经营活动产生的现金流量净额为0.163元、0.261元。2002年公司经营活动产生的现金流量净额相对较少是因为：2001年年末商业发票贴现业务增加经营活动现金流量5000万元，2002年没有新增该业务，同比相差5000万元；2001年推迟支付应付款增加经营活动现金流量4100万元，2002年支付推迟支付的应付款，相应减少经营活动现金流量4100万元；支付职工工资及其相关费用较上年增长1000多万元。", "spo_list": [{"predicate": "货币资金余额", "object_type": "金额", "subject_type": "日期", "object": "1,968.03万元", "subject": "2000年", "subject_index": {"begin": 23, "end": 28}, "object_index": {"begin": 74, "end": 84}}, {"predicate": "货币资金余额", "object_type": "金额", "subject_type": "日期", "object": "11,218.34万元", "subject": "2001年", "subject_index": {"begin": 17, "end": 22}, "object_index": {"begin": 62, "end": 73}}, {"predicate": "货币资金余额", "object_type": "金额", "subject_type": "日期", "object": "5,451.73万元", "subject": "2002年", "subject_index": {"begin": 11, "end": 16}, "object_index": {"begin": 51, "end": 61}}, {"predicate": "货币资金余额", "object_type": "金额", "subject_type": "日期", "object": "8,795.91万元", "subject": "2003年5月31日", "subject_index": {"begin": 0, "end": 10}, "object_index": {"begin": 40, "end": 50}}]}
{"text": "截止2002年12月31日，集团公司（母公司）的资产总额为143,087.26万元，主要包括货币资金、长期投资、固定资产、在建工程等。货币资金8,108.84万元，主要是日常周转用现金及银行存款。长期投资39,706.04万元，包括对股份公司及其他全资、控股、参股公司的投资。固定资产原值48,904.90万元，净值42,626.31万元。包括子午胎项目固定资产47,600.53万元，三产等固定资产1,304.37万元。在建工程18,374.44万元，全部为子午胎项目的在建工程。", "spo_list": [{"predicate": "货币资金余额", "object_type": "金额", "subject_type": "日期", "object": "8,108.84万元", "subject": "2002年12月31日", "subject_index": {"begin": 2, "end": 13}, "object_index": {"begin": 71, "end": 81}}, {"predicate": "在建工程净额", "object_type": "金额", "subject_type": "日期", "object": "18,374.44万元", "subject": "2002年12月31日", "subject_index": {"begin": 2, "end": 13}, "object_index": {"begin": 215, "end": 226}}]}
{"text": "经公司2001年第二次临时股东大会决议，2001年1～10月份实现的净利润由老股东享有，2001年1～10月份实现的净利润33,356,593.20元，提取10%的法定盈余公积金和5%的法定公益金，加上年初未分配利润10,664,825.67元，可供分配利润为39,017,929.89元，向全体股东按持股比例派发现金股利39,017,929.89元。该次股利分配于2002年1月29日全部支付完毕。", "spo_list": [{"predicate": "未分配利润", "object_type": "金额", "subject_type": "日期", "object": "10,664,825.67元", "subject": "2001年1～10月", "subject_index": {"begin": 20, "end": 30}, "object_index": {"begin": 108, "end": 122}}, {"predicate": "未分配利润", "object_type": "金额", "subject_type": "日期", "object": "39,017,929.89元", "subject": "2001年1～10月", "subject_index": {"begin": 20, "end": 30}, "object_index": {"begin": 130, "end": 144}}]}
