{"text": "2007年、2008年、2009年和2010年1-6月公司能源支出分别为722.89万元、1,069.14万元、1,429.96万元和1,093.02万元，详细情况及占营业总成本的比重如下：", "spo_list": [{"predicate": "其他成本", "object_type": "金额", "subject_type": "日期", "object": "722.89万元", "subject": "2007年", "subject_index": {"begin": 0, "end": 5}, "object_index": {"begin": 36, "end": 44}}, {"predicate": "其他成本", "object_type": "金额", "subject_type": "日期", "object": "1,069.14万元", "subject": "2008年", "subject_index": {"begin": 6, "end": 11}, "object_index": {"begin": 45, "end": 55}}, {"predicate": "其他成本", "object_type": "金额", "subject_type": "日期", "object": "1,429.96万元", "subject": "2009年", "subject_index": {"begin": 12, "end": 17}, "object_index": {"begin": 56, "end": 66}}, {"predicate": "其他成本", "object_type": "金额", "subject_type": "日期", "object": "1,093.02万元", "subject": "2010年1-6月", "subject_index": {"begin": 18, "end": 27}, "object_index": {"begin": 67, "end": 77}}]}
{"text": "截至2010年6月30日，公司递延所得税资产31,633,554.49元，较上年年底19,344,980.11元增加63.52%，主要是因为资产减值损失准备增加所致。", "spo_list": [{"predicate": "递延所得税资产", "object_type": "金额", "subject_type": "日期", "object": "31,633,554.49元", "subject": "2010年6月30日", "subject_index": {"begin": 2, "end": 12}, "object_index": {"begin": 22, "end": 36}}]}
{"text": "截至2010年6月30日，公司应付账款余额为122,364,474.24元，无欠持有本公司5%以上（含5%）表决权股份股东的款项。", "spo_list": [{"predicate": "应付账款", "object_type": "金额", "subject_type": "日期", "object": "122,364,474.24元", "subject": "2010年6月30日", "subject_index": {"begin": 2, "end": 12}, "object_index": {"begin": 22, "end": 37}}]}
{"text": "截至2010年6月30日，公司预收账款294,795,755.60元，", "spo_list": [{"predicate": "预收款项", "object_type": "金额", "subject_type": "日期", "object": "294,795,755.60元", "subject": "2010年6月30日", "subject_index": {"begin": 2, "end": 12}, "object_index": {"begin": 19, "end": 34}}]}
{"text": "2010年1-6月、2009年末、2008年末和2007年末，应收账款净值分别为35,486.18万元、24,615.41万元、15,102.36万元和15,375.95万元，占各期末流动资产的比例分别为30.60%、19.25%、16.00%和23.18%。虽然公司应收账款占各期末流动资产的比例较大，但由于公司从事的超高压、特高压电网建设均为国家计划内的重大建设项目，主要客户为国家电网公司及其下属各电网公司、南方电网公司及其下属各电网公司，客户信用较高并与公司建立了良好的长期合作关系，因此公司管理层认为应收账款资产质量较高、坏账风险较小。具体分析如下：", "spo_list": [{"predicate": "应收账款净额", "object_type": "金额", "subject_type": "日期", "object": "35,486.18万元", "subject": "2010年1-6月", "subject_index": {"begin": 0, "end": 9}, "object_index": {"begin": 40, "end": 51}}, {"predicate": "应收账款净额", "object_type": "金额", "subject_type": "日期", "object": "24,615.41万元", "subject": "2009年末", "subject_index": {"begin": 10, "end": 16}, "object_index": {"begin": 52, "end": 63}}, {"predicate": "应收账款净额", "object_type": "金额", "subject_type": "日期", "object": "15,102.36万元", "subject": "2008年末", "subject_index": {"begin": 17, "end": 23}, "object_index": {"begin": 64, "end": 75}}, {"predicate": "应收账款净额", "object_type": "金额", "subject_type": "日期", "object": "15,375.95万元", "subject": "2007年末", "subject_index": {"begin": 24, "end": 30}, "object_index": {"begin": 76, "end": 87}}]}
{"text": "截至2010年6月30日，预付账款合计7,094.36万元，具体账龄分析如下：", "spo_list": [{"predicate": "预付款项", "object_type": "金额", "subject_type": "日期", "object": "7,094.36万元", "subject": "2010年6月30日", "subject_index": {"begin": 2, "end": 12}, "object_index": {"begin": 19, "end": 29}}]}
{"text": "从账龄构成上来看，公司预付账款的账龄普遍较短，2010年6月30日、2009年末、2008年末和2007年末账龄在1年以内的预付账款占全部预付账款的比例分别为62.41%、98.69%、97.87%和98.93%。截至2010年6月30日，账龄在1年以内的预付账款为4,427.53万元，占全部预付账款的62.41%；账龄在1-2年的预付账款为2,518.46万元，占全部预付账款的35.50%；账龄在2年以上的预付账款仅占全部预付账款的2.09%。", "spo_list": [{"predicate": "预付款项", "object_type": "金额", "subject_type": "日期", "object": "4,427.53万元", "subject": "2010年6月30日", "subject_index": {"begin": 109, "end": 119}, "object_index": {"begin": 133, "end": 143}}]}
{"text": "公司于2006年、2007年为江苏鑫达等三公司向银行借款提供连带责任的担保，鉴于江苏鑫达等三公司财务状况严重恶化、生产经营无法正常进行从而无法偿付到期债务，公司因此承担连带担保责任，履行代为清偿义务，依据公司执行的会计政策于2007年全额计提了该等其他应收款的坏帐准备52,825.63万元，其中，2006年计提3,728.20万元，2007年增加计提坏账准备1,554.36万元。", "spo_list": [{"predicate": "坏账准备", "object_type": "金额", "subject_type": "日期", "object": "52,825.63万元", "subject": "2007年", "subject_index": {"begin": 112, "end": 117}, "object_index": {"begin": 134, "end": 145}}]}
{"text": "截至2009年12月31日，公司预收账款余额42,400.19万元，比2008年底19,002.38万元增加了123.13%，比2010年6月30日预收账款增加了43.83%，主要是2009年公司中标了乌吐线、吐哈线工程、葛沪线工程、向上线及向上线大跨越项目等几项较大的工程，由于工程周期较长，铁塔加工量大，预收了部分款项。", "spo_list": [{"predicate": "预收款项", "object_type": "金额", "subject_type": "日期", "object": "42,400.19万元", "subject": "2009年12月31日", "subject_index": {"begin": 2, "end": 13}, "object_index": {"begin": 22, "end": 33}}]}
{"text": "2010年6月30日公司其他应付款为135.81万元、2009年末为53.87万元，较2008年、2007年大幅下降。2007年末公司其他应付款金额较大，主要是由于公司向员工借款2,233万元和向四川立鹤电力开发有限公司借款3,000万元，该两项借款已于2008年内全部还清。", "spo_list": [{"predicate": "其他应付款", "object_type": "金额", "subject_type": "日期", "object": "135.81万元", "subject": "2010年6月30日", "subject_index": {"begin": 0, "end": 10}, "object_index": {"begin": 18, "end": 26}}, {"predicate": "其他应付款", "object_type": "金额", "subject_type": "日期", "object": "53.87万元", "subject": "2009年末", "subject_index": {"begin": 27, "end": 33}, "object_index": {"begin": 34, "end": 41}}]}
{"text": "报告期内利润总额从2007年度的3,877.33万元增长到2009年度的17,664.22万元，2010年1-6月利润总额已达到13,125.57万元，而利息支出从2007年度的2,516.52万元增加到2009年度的3,197.80万元，2010年1-6月利息支出为1,598.31万元，利润增长明显高于利息支出的增长。", "spo_list": [{"predicate": "营业利润", "object_type": "金额", "subject_type": "日期", "object": "3,877.33万元", "subject": "2007年度", "subject_index": {"begin": 9, "end": 15}, "object_index": {"begin": 16, "end": 26}}, {"predicate": "营业利润", "object_type": "金额", "subject_type": "日期", "object": "17,664.22万元", "subject": "2009年度", "subject_index": {"begin": 29, "end": 35}, "object_index": {"begin": 36, "end": 47}}, {"predicate": "营业利润", "object_type": "金额", "subject_type": "日期", "object": "13,125.57万元", "subject": "2010年1-6月", "subject_index": {"begin": 48, "end": 57}, "object_index": {"begin": 64, "end": 75}}]}
{"text": "公司2010年6月30日应收账款净额为35,486.18万元，其相对应客户主要包括上海市电力公司、中国机械设备进出口公司、新疆新能物资集团有限责任公司、江苏省电力公司物资采购与配送中心等，该等客户信誉好、实力强，根据以往应收账款回收情况来看，应收账款的安全性有良好的保证。", "spo_list": [{"predicate": "应收账款净额", "object_type": "金额", "subject_type": "日期", "object": "35,486.18万元", "subject": "2010年6月30日", "subject_index": {"begin": 2, "end": 12}, "object_index": {"begin": 19, "end": 30}}]}
{"text": "2010年1-6月2009年度2008年度2007年度报告期内公司年存货周转率分别为0.90、1.46、2.12和3.63，呈下降趋势，主要系报告期内各年公司经营规模扩张较快，期末存货余额不断增长所致。2009年末和2008年末产成品余额较高的主要原因请参见本章“一、财务状况分析”之“（一）资产构成”之存货分析部分。", "spo_list": [{"predicate": "存货周转率", "object_type": "日期", "subject_type": "比率", "object": "2010年1-6月", "subject": "0.90", "subject_index": {"begin": 42, "end": 46}, "object_index": {"begin": 0, "end": 9}}, {"predicate": "存货周转率", "object_type": "日期", "subject_type": "比率", "object": "2009年度", "subject": "1.46", "subject_index": {"begin": 47, "end": 51}, "object_index": {"begin": 9, "end": 15}}, {"predicate": "存货周转率", "object_type": "日期", "subject_type": "比率", "object": "2008年度", "subject": "2.12", "subject_index": {"begin": 52, "end": 56}, "object_index": {"begin": 15, "end": 21}}, {"predicate": "存货周转率", "object_type": "日期", "subject_type": "比率", "object": "2007年度", "subject": "3.63", "subject_index": {"begin": 57, "end": 61}, "object_index": {"begin": 21, "end": 27}}]}
{"text": "2007年、2008年、2009年和2010年1-6月发行人出口销售额分别为9,813.27万元、15,368.26万元、4,392.36万元和3,134.52万元，2009年出口销售下滑的主要是因为海外市场受金融危机影响，还没有恢复到2008年金融危机前的需求水平，另外快速攀升的国内需求已经使公司铁塔的产能接近饱和。公司在国际市场上有良好的客户基础和销售网络，虽然相对于国内业务国际业务的销售规模较小，但国际业务的拓展有很大的市场空间，对提高公司的盈利能力有积极作用，2010年1-6月，公司的出口业务已经逐步增加。", "spo_list": [{"predicate": "其他收益", "object_type": "金额", "subject_type": "日期", "object": "9,813.27万元", "subject": "2007年", "subject_index": {"begin": 0, "end": 5}, "object_index": {"begin": 38, "end": 48}}, {"predicate": "其他收益", "object_type": "金额", "subject_type": "日期", "object": "15,368.26万元", "subject": "2008年", "subject_index": {"begin": 6, "end": 11}, "object_index": {"begin": 49, "end": 60}}, {"predicate": "其他收益", "object_type": "金额", "subject_type": "日期", "object": "4,392.36万元", "subject": "2009年", "subject_index": {"begin": 12, "end": 17}, "object_index": {"begin": 61, "end": 71}}, {"predicate": "其他收益", "object_type": "金额", "subject_type": "日期", "object": "3,134.52万元", "subject": "2010年1-6月", "subject_index": {"begin": 18, "end": 27}, "object_index": {"begin": 72, "end": 82}}]}
{"text": "相比于销售收入规模，2007年发行人净利润较少，主要原因一是2007年公司对因担保形成的5,282.56万元其他应收款增加计提了1,554.36万元坏账准备；二是2007年公司产品销售单价低于齐星铁塔，导致毛利率低于齐星铁塔；", "spo_list": [{"predicate": "坏账准备", "object_type": "金额", "subject_type": "日期", "object": "1,554.36万元", "subject": "2007年", "subject_index": {"begin": 30, "end": 35}, "object_index": {"begin": 64, "end": 74}}]}
{"text": "2010年1-6月2009年2008年2007年报告期内，公司的销售费用分别为2,485.72万元、7,073.29万元、4,382.24万元、3,048.29万元，总体上销售费用随着销售规模的扩大而增加。2009年比2008年销售费用增长了61.41%，主要原因是销售量增加和销售区域扩大导致运输费增加，2009年各种铁塔销量合计14.15万吨，比上年同期11.40万吨增加了24.12%，2009年运输费较2008年就增加了1,533.41万元，运输费用大幅增加是因为2009年公司产品在新疆、四川等西部地区的销售量大幅增加，产品运输距离远，特别是四川境内由于地震灾后重建，铁路运力十分紧张，为满足交货工期的要求，公司改用公路运输，运输费用大幅增加。", "spo_list": [{"predicate": "销售费用", "object_type": "金额", "subject_type": "日期", "object": "2,485.72万元", "subject": "2010年1-6月", "subject_index": {"begin": 0, "end": 9}, "object_index": {"begin": 39, "end": 49}}, {"predicate": "销售费用", "object_type": "金额", "subject_type": "日期", "object": "7,073.29万元", "subject": "2009年", "subject_index": {"begin": 9, "end": 14}, "object_index": {"begin": 50, "end": 60}}, {"predicate": "销售费用", "object_type": "金额", "subject_type": "日期", "object": "4,382.24万元", "subject": "2008年", "subject_index": {"begin": 14, "end": 19}, "object_index": {"begin": 61, "end": 71}}, {"predicate": "销售费用", "object_type": "金额", "subject_type": "日期", "object": "3,048.29万元", "subject": "2007年", "subject_index": {"begin": 19, "end": 24}, "object_index": {"begin": 72, "end": 82}}]}
{"text": "2008年比2007年销售费用增长1,333.95万元，增长幅度为43.64%，主要系2008年运输费较上年同期增长了1,242.79万元。运输费的增加主要有以下几个原因：①2008年较2007年在东北、华中和南方五省的销售量均增长了50%以上，由于运输路途较长，运费也相应增加。②公司2008年出口销量19,900.14吨,较2007年出口销量13,343.10吨增加了49.14%，相应的航运运输费增加。", "spo_list": [{"predicate": "销售费用", "object_type": "金额", "subject_type": "日期", "object": "1,333.95万元", "subject": "2008年", "subject_index": {"begin": 0, "end": 5}, "object_index": {"begin": 17, "end": 27}}]}
{"text": "2010年1-6月、2009年、2008年和2007年，公司的管理费用分别为2,373.48万元、4,645.41万元、2,288.87万元、1,443.08万元。", "spo_list": [{"predicate": "管理费用", "object_type": "金额", "subject_type": "日期", "object": "2,373.48万元", "subject": "2010年1-6月", "subject_index": {"begin": 0, "end": 9}, "object_index": {"begin": 38, "end": 48}}, {"predicate": "管理费用", "object_type": "金额", "subject_type": "日期", "object": "4,645.41万元", "subject": "2009年", "subject_index": {"begin": 10, "end": 15}, "object_index": {"begin": 49, "end": 59}}, {"predicate": "管理费用", "object_type": "金额", "subject_type": "日期", "object": "2,288.87万元", "subject": "2008年", "subject_index": {"begin": 16, "end": 21}, "object_index": {"begin": 60, "end": 70}}, {"predicate": "管理费用", "object_type": "金额", "subject_type": "日期", "object": "1,443.08万元", "subject": "2007年", "subject_index": {"begin": 22, "end": 27}, "object_index": {"begin": 71, "end": 81}}]}
{"text": "2009年公司锁价采购金额达28,650.00万元，占采购总金额的58.27%，较2008年的35.94%有了较大幅度上升。从公司2009年锁价采购合同签订日期及同期钢材价格走势来看，公司2009年锁价采购运用十分成功，有效地降低了原材料采购成本，从而使得毛利率继续上升。", "spo_list": [{"predicate": "其他成本", "object_type": "金额", "subject_type": "日期", "object": "28,650.00万元", "subject": "2009年", "subject_index": {"begin": 0, "end": 5}, "object_index": {"begin": 14, "end": 25}}]}
{"text": "2009年公司净利润为13,192.44万元，但经营活动产生的现金流量净额为-4,915.23的主要原因是因为存货比2008年增加18,948.89万元、经营性应收项目增加14,530.25万元和经营性应付项目增加10,701.80万元。经营性应收项目比2008年增加14,530.25万元的主要原因为应收账款增加9,510.05万元、预付账款增加5,576.51万元。经营性应付项目比2008年增加10,701.80万元主要是应付票据减少18,503.55万元、预收账款增加23,397.81万元、应付账款增加5,031.67万元和应缴税费增加2,925.71万元所致。", "spo_list": [{"predicate": "长期应收款", "object_type": "金额", "subject_type": "日期", "object": "9,510.05万元", "subject": "2009年", "subject_index": {"begin": 0, "end": 5}, "object_index": {"begin": 157, "end": 167}}, {"predicate": "预付款项", "object_type": "金额", "subject_type": "日期", "object": "5,576.51万元", "subject": "2009年", "subject_index": {"begin": 0, "end": 5}, "object_index": {"begin": 174, "end": 184}}]}
{"text": "截至2008年12月31日，公司盈余公积金65,432,029.49元，按出资比例向全体股东转增17,000,000.00元。", "spo_list": [{"predicate": "盈余公积", "object_type": "金额", "subject_type": "日期", "object": "65,432,029.49元", "subject": "2008年12月31日", "subject_index": {"begin": 2, "end": 13}, "object_index": {"begin": 21, "end": 35}}]}
{"text": "在公司改制基准日（2009年7月31日），公司总资产为1,589,566,849.49元，净资产为375,002,736.98元，流动资产为1,331,585,138.72元，固定资产为120,399,778.16元，长期股权投资为9,800,000.00元。", "spo_list": [{"predicate": "流动资产", "object_type": "金额", "subject_type": "日期", "object": "1,331,585,138.72元", "subject": "2009年7月31日", "subject_index": {"begin": 9, "end": 19}, "object_index": {"begin": 70, "end": 87}}, {"predicate": "投资收益", "object_type": "金额", "subject_type": "日期", "object": "9,800,000.00元", "subject": "2009年7月31日", "subject_index": {"begin": 9, "end": 19}, "object_index": {"begin": 116, "end": 129}}]}
{"text": "2007年末公司对杨俊、范立义、范建刚的其他应付款为职工借款，本息于2008年11月全部支付完毕，在代扣个人所得税后，2007年向杨俊、范立义、范建刚支付利息74.27万元，2008年向杨俊、范立义、范建刚支付利息108.73万元。", "spo_list": [{"predicate": "应付利息", "object_type": "金额", "subject_type": "日期", "object": "74.27万元", "subject": "2008年11月", "subject_index": {"begin": 34, "end": 42}, "object_index": {"begin": 79, "end": 86}}, {"predicate": "应付利息", "object_type": "金额", "subject_type": "日期", "object": "108.73万元", "subject": "2007年末", "subject_index": {"begin": 0, "end": 6}, "object_index": {"begin": 107, "end": 115}}]}
{"text": "2008年11月26日公司（甲方）与江苏通源（乙方）签订《资产兼并收购协议书》：根据上海上会资产评估有限公司以2008年10月31日为评估基准日的资产评估报告书，甲方收购乙方的资产总额为87,370,264.73元。其中：土地面积为106,667平方米，土地评估值为27,200,085.00元；在建工程（综合楼）评估值为12,288,906.00元；房屋和地上建筑物（厂房）为30,686,929.53元；机器设备评估值为17,194,344.20元。上述资产交割日的账面价值为85,239,373.63元。", "spo_list": [{"predicate": "在建工程账面价值", "object_type": "金额", "subject_type": "日期", "object": "27,200,085.00元", "subject": "2008年10月31日", "subject_index": {"begin": 55, "end": 66}, "object_index": {"begin": 133, "end": 147}}, {"predicate": "在建工程账面价值", "object_type": "金额", "subject_type": "日期", "object": "12,288,906.00元", "subject": "2008年10月31日", "subject_index": {"begin": 55, "end": 66}, "object_index": {"begin": 161, "end": 175}}, {"predicate": "在建工程账面价值", "object_type": "金额", "subject_type": "日期", "object": "17,194,344.20元", "subject": "2008年10月31日", "subject_index": {"begin": 55, "end": 66}, "object_index": {"begin": 212, "end": 226}}]}
{"text": "2010年6月30日扣除质保金后应收账款总额为18,757.33万元，占当期应收账款账面余额的47.68%，占当期流动资产的16.18%，且账龄在1年之内的占97.50%，公司应收账款流动性好，坏账风险较小。管理层认为应收账款占各期末流动资产的比例符合公司所处的业务模式和行业结算特点。", "spo_list": [{"predicate": "应收账款净额", "object_type": "金额", "subject_type": "日期", "object": "18,757.33万元", "subject": "2010年6月30日", "subject_index": {"begin": 0, "end": 10}, "object_index": {"begin": 23, "end": 34}}]}
{"text": "截至2010年6月30日，账龄在1年以内的应收账款余额合计32,514.92万元，占应收账款余额的82.66%；账龄在1-2年的应收账款余额合计6,037.65万元，占应收账款余额的15.35%；账龄超过2年的应收账款账面余额合计783.89万元，仅占应收账款余额的1.99%。", "spo_list": [{"predicate": "长期应收款", "object_type": "金额", "subject_type": "日期", "object": "32,514.92万元", "subject": "2010年6月30日", "subject_index": {"begin": 2, "end": 12}, "object_index": {"begin": 29, "end": 40}}, {"predicate": "长期应收款", "object_type": "金额", "subject_type": "日期", "object": "6,037.65万元", "subject": "2010年6月30日", "subject_index": {"begin": 2, "end": 12}, "object_index": {"begin": 72, "end": 82}}]}
{"text": "截至2010年6月30日，预付账款前五名客户期末余额合计为3,286.59万元，占全部预付账款余额46.33%，预付账款中无持有本公司5%以上（含5%）表决权股份的股东欠款。", "spo_list": [{"predicate": "预付款项", "object_type": "金额", "subject_type": "日期", "object": "3,286.59万元", "subject": "2010年6月30日", "subject_index": {"begin": 2, "end": 12}, "object_index": {"begin": 29, "end": 39}}]}
{"text": "公司2009年土地使用权增加主要系2009年4月2日受让江苏鑫达合计138,952平方米两块土地使用权，该土地使用权已经常熟市常信土地评估咨询有限公司评估，并出具了常信土估[2009]第268号和第028号《土地估价报告》，评估价总计为3,996.57万元，该土地使用权已经过户到公司名下，并办理了常国用（2009）字第08708号《国有土地使用证》。", "spo_list": [{"predicate": "在建工程账面价值", "object_type": "金额", "subject_type": "日期", "object": "3,996.57万元", "subject": "2009年", "subject_index": {"begin": 2, "end": 7}, "object_index": {"begin": 118, "end": 128}}]}
{"text": "2010年1-6月、2009年度和2008年度公司净利润分别为9,811.33万元、13,192.44万元和7,934.78万元，一定程度上缓解了公司业务发展对银行贷款资金的依赖程度。", "spo_list": [{"predicate": "营业利润", "object_type": "金额", "subject_type": "日期", "object": "7,934.78万元", "subject": "2008年度", "subject_index": {"begin": 17, "end": 23}, "object_index": {"begin": 54, "end": 64}}, {"predicate": "营业利润", "object_type": "金额", "subject_type": "日期", "object": "13,192.44万元", "subject": "2009年度", "subject_index": {"begin": 10, "end": 16}, "object_index": {"begin": 42, "end": 53}}, {"predicate": "营业利润", "object_type": "金额", "subject_type": "日期", "object": "9,811.33万元", "subject": "2010年1-6月", "subject_index": {"begin": 0, "end": 9}, "object_index": {"begin": 31, "end": 41}}]}
{"text": "公司2010年6月30日应收账款净额为35,486.18万元，其相对应客户主要包括上海市电力公司、中国机械设备进出口公司、新疆新能物资集团有限责任公司、江苏省电力公司物资采购与配送中心等，该等客户信誉好、实力强，根据以往应收账款回收情况来看，应收账款的安全性有良好的保证。", "spo_list": [{"predicate": "应收账款净额", "object_type": "金额", "subject_type": "日期", "object": "35,486.18万元", "subject": "2010年6月30日", "subject_index": {"begin": 2, "end": 12}, "object_index": {"begin": 19, "end": 30}}]}
{"text": "2010年1-6月/1-3月2009年度2008年度2007年度报告期内公司应收账款周转率分别为2.41、5.73、5.79和4.77，总体上高于齐星铁塔、梅泰诺，低于五洲明珠，由于公司与五洲明珠在产品结构、客户对象和结算方式的不同，导致相互之间应收账款周期率差异较大。与同行业公司相比，公司的应收账款周转率处于正常水平。", "spo_list": [{"predicate": "应收账款周转率", "object_type": "日期", "subject_type": "比率", "object": "2007年度", "subject": "4.77", "subject_index": {"begin": 63, "end": 67}, "object_index": {"begin": 26, "end": 32}}, {"predicate": "应收账款周转率", "object_type": "日期", "subject_type": "比率", "object": "2008年度", "subject": "5.79", "subject_index": {"begin": 58, "end": 62}, "object_index": {"begin": 20, "end": 26}}, {"predicate": "应收账款周转率", "object_type": "日期", "subject_type": "比率", "object": "2009年度", "subject": "5.73", "subject_index": {"begin": 53, "end": 57}, "object_index": {"begin": 14, "end": 20}}, {"predicate": "应收账款周转率", "object_type": "日期", "subject_type": "比率", "object": "2010年1-6月", "subject": "2.41", "subject_index": {"begin": 48, "end": 52}, "object_index": {"begin": 0, "end": 9}}]}
{"text": "2010年1-6月公司主营业务毛利总额为19,982.46万元；2009年公司主营业务毛利总额32,010.02万元，较2008年17,567.84万元增长82.21%；2008年主营业务毛利总额较2007年的11,206.87万元增长56.76%，报告期内主营业务毛利随着销售规模的增长而快速增加。公司主要利润来源于国内销售，特别在2008年金融危机后，面对国内电网建设投资规模迅速扩大的机遇，公司充分发挥了多年来在国内市场上树立起的领先优势，在国网公司2009年招标中中标量居行业第一位，主营业务内销毛利在2009年度达到30,057.92万元，比上年同期增加了96.13%，2010年1-6月达到18,779.01万元。", "spo_list": [{"predicate": "毛利额", "object_type": "金额", "subject_type": "日期", "object": "19,982.46万元", "subject": "2010年1-6月", "subject_index": {"begin": 0, "end": 9}, "object_index": {"begin": 20, "end": 31}}, {"predicate": "毛利额", "object_type": "金额", "subject_type": "日期", "object": "32,010.02万元", "subject": "2009年", "subject_index": {"begin": 32, "end": 37}, "object_index": {"begin": 47, "end": 58}}, {"predicate": "毛利额", "object_type": "金额", "subject_type": "日期", "object": "17,567.84万元", "subject": "2009年", "subject_index": {"begin": 32, "end": 37}, "object_index": {"begin": 65, "end": 76}}, {"predicate": "毛利额", "object_type": "金额", "subject_type": "日期", "object": "11,206.87万元", "subject": "2008年", "subject_index": {"begin": 85, "end": 90}, "object_index": {"begin": 105, "end": 116}}, {"predicate": "毛利额", "object_type": "金额", "subject_type": "日期", "object": "30,057.92万元", "subject": "2009年", "subject_index": {"begin": 255, "end": 260}, "object_index": {"begin": 263, "end": 274}}]}
{"text": "2007年、2008年、2009年和2010年1-6月原材料成本分别为53,051.71万元、61,011.59万元、65,913.07万元和43,982.80万元，分别占主营业务成本的86.44%、88.19%、81.90%和85.26%，其中角钢在报告期内平均占到主营业务成本的53.41%，呈逐渐增长的趋势", "spo_list": [{"predicate": "其他成本", "object_type": "金额", "subject_type": "日期", "object": "53,051.71万元", "subject": "2007年", "subject_index": {"begin": 0, "end": 5}, "object_index": {"begin": 35, "end": 46}}, {"predicate": "其他成本", "object_type": "金额", "subject_type": "日期", "object": "61,011.59万元", "subject": "2008年", "subject_index": {"begin": 6, "end": 11}, "object_index": {"begin": 47, "end": 58}}, {"predicate": "其他成本", "object_type": "金额", "subject_type": "日期", "object": "65,913.07万元", "subject": "2009年", "subject_index": {"begin": 12, "end": 17}, "object_index": {"begin": 59, "end": 70}}, {"predicate": "其他成本", "object_type": "金额", "subject_type": "日期", "object": "43,982.80万元", "subject": "2010年1-6月", "subject_index": {"begin": 18, "end": 27}, "object_index": {"begin": 71, "end": 82}}]}
{"text": "2008年较2007年管理费用增加了845.79万元，主要系公司在盈利持续增长的环境下提高了员工待遇福利，其中工资增加了244.13万元，职工保险费增加了162.50万元。", "spo_list": [{"predicate": "管理费用", "object_type": "金额", "subject_type": "日期", "object": "845.79万元", "subject": "2008年", "subject_index": {"begin": 0, "end": 5}, "object_index": {"begin": 18, "end": 26}}]}
{"text": "2008年和2007年相比，公司产品结构发生了一些变化，最主要的是750KV以上特高压铁塔产品大幅增长，销售收入从2007年的621.06万元上升到7,840.96万元。由于特高压铁塔产品销售价格较高，从而导致公司毛利率有所上升。", "spo_list": [{"predicate": "其他收入", "object_type": "金额", "subject_type": "日期", "object": "621.06万元", "subject": "2007年", "subject_index": {"begin": 57, "end": 62}, "object_index": {"begin": 63, "end": 71}}, {"predicate": "其他收入", "object_type": "金额", "subject_type": "日期", "object": "7,840.96万元", "subject": "2007年", "subject_index": {"begin": 57, "end": 62}, "object_index": {"begin": 74, "end": 84}}]}
{"text": "预收款项比2009年减少12,920.62万元的主要原因是2009年公司招投标中标位居行业之首，在与电网公司签订购销合同并按规定支付了履约保证金后，收到各电网公司按合同规定支付的购货预付款数额较大，2010年上半年，随着工程完工商品交付手续完毕，实现销售收入后，预收账款逐步减少。主要包括上海市电力公司向上线、向上线大跨越预付款10,794.62万元、湖南电力线路器材厂的郴永线铁塔预付款2,950万元，上述工程均已于2010年上半年实现销售收入。", "spo_list": [{"predicate": "预收款项", "object_type": "金额", "subject_type": "日期", "object": "12,920.62万元", "subject": "2009年", "subject_index": {"begin": 5, "end": 10}, "object_index": {"begin": 12, "end": 23}}, {"predicate": "预付款项", "object_type": "金额", "subject_type": "日期", "object": "10,794.62万元", "subject": "2010年", "subject_index": {"begin": 99, "end": 104}, "object_index": {"begin": 164, "end": 175}}, {"predicate": "预付款项", "object_type": "金额", "subject_type": "日期", "object": "2,950万元", "subject": "2010年", "subject_index": {"begin": 99, "end": 104}, "object_index": {"begin": 194, "end": 201}}]}
{"text": "预收账款增加23,397.81万元的主要原因是2009年公司招投标位居行业之首，在与电网公司签订购销合同并按规定支付履约保证金后，收到各电网公司按合同规定支付的购货预付款有较大幅度的增加。主要包括上海市电力公司预付向上线10,794.64万元、特变电工股份有限公司预付埃塞俄比亚项目7,500万元、国家电网公司预付葛泸线5,560万元等。", "spo_list": [{"predicate": "预付款项", "object_type": "金额", "subject_type": "日期", "object": "10,794.64万元", "subject": "2009年", "subject_index": {"begin": 23, "end": 28}, "object_index": {"begin": 110, "end": 121}}, {"predicate": "预付款项", "object_type": "金额", "subject_type": "日期", "object": "7,500万元", "subject": "2009年", "subject_index": {"begin": 23, "end": 28}, "object_index": {"begin": 141, "end": 148}}, {"predicate": "预付款项", "object_type": "金额", "subject_type": "日期", "object": "5,560万元", "subject": "2009年", "subject_index": {"begin": 23, "end": 28}, "object_index": {"begin": 160, "end": 167}}]}
