{"text": "截止至2002年6月30日，本公司总资产为24,924.31万元，无形资产为87.00万元，待摊费用为39.25万元，长期待摊费用无余额，有形资产净值为24,798.06万元。", "spo_list": [{"predicate": "无形资产", "object_type": "金额", "subject_type": "日期", "object": "87.00万元", "subject": "2002年6月30日", "subject_index": {"begin": 3, "end": 13}, "object_index": {"begin": 38, "end": 45}}, {"predicate": "长期待摊费用", "object_type": "金额", "subject_type": "日期", "object": "39.25万元", "subject": "2002年6月30日", "subject_index": {"begin": 3, "end": 13}, "object_index": {"begin": 51, "end": 58}}]}
{"text": "鉴于公司2001年及2000年存货周转率分别达4.72和4.56，存货资产存在因长期积压毁损而大幅跌价的可能性不大。", "spo_list": [{"predicate": "存货周转率", "object_type": "日期", "subject_type": "比率", "object": "2001年", "subject": "4.72", "subject_index": {"begin": 23, "end": 27}, "object_index": {"begin": 4, "end": 9}}, {"predicate": "存货周转率", "object_type": "日期", "subject_type": "比率", "object": "2000年存", "subject": "4.56", "subject_index": {"begin": 28, "end": 32}, "object_index": {"begin": 10, "end": 16}}]}
{"text": "截止2002年6月30日，累计提取的坏帐准备余额为475.68万元，应收补贴款主要为公司产品出口应向税务局收取的出口增值税退税款，款项本身的安全回收系数很高。", "spo_list": [{"predicate": "坏账准备", "object_type": "金额", "subject_type": "日期", "object": "475.68万元", "subject": "2002年6月30日", "subject_index": {"begin": 2, "end": 12}, "object_index": {"begin": 25, "end": 33}}]}
{"text": "截至2002年8月31日，公司资产总额为24,229.13万元，其中流动资产17,489.83万元，占总资产72.19%，长期股权投资-261.27万元，固定资产净额6,915.98万元，占总资产28.54%，无形资产84.58万元，占总资产0.35%。", "spo_list": [{"predicate": "流动资产", "object_type": "金额", "subject_type": "日期", "object": "17,489.83万元", "subject": "2002年8月31日", "subject_index": {"begin": 2, "end": 12}, "object_index": {"begin": 38, "end": 49}}, {"predicate": "无形资产", "object_type": "金额", "subject_type": "日期", "object": "84.58万元", "subject": "2002年8月31日", "subject_index": {"begin": 2, "end": 12}, "object_index": {"begin": 109, "end": 116}}]}
{"text": "2002年8月31日，公司其他应付款为489.17万元，较2002年6月30日减少272.30万元，原因主要为公司缴纳公积金和土地局租金所致。", "spo_list": [{"predicate": "其他应付款", "object_type": "金额", "subject_type": "日期", "object": "489.17万元", "subject": "2002年8月31日", "subject_index": {"begin": 0, "end": 10}, "object_index": {"begin": 19, "end": 27}}]}
{"text": "截止2002年6月30日，公司的资产总额为24,924.31万元，其中流动资产18,197.25万元，占总资产73.01%，长期股权投资-343.03万元，固定资产净额6,983.09万元，占总资产28.02%，无形资产87.00万元，占总资产0.35%。", "spo_list": [{"predicate": "流动资产", "object_type": "金额", "subject_type": "日期", "object": "18,197.25万元", "subject": "2002年6月30日", "subject_index": {"begin": 2, "end": 12}, "object_index": {"begin": 39, "end": 50}}, {"predicate": "无形资产", "object_type": "金额", "subject_type": "日期", "object": "87.00万元", "subject": "2002年6月30日", "subject_index": {"begin": 2, "end": 12}, "object_index": {"begin": 110, "end": 117}}]}
{"text": "本公司2000年、2001年及2002年1-6月现金流量净增加额分别为2,867.83万元、1,376.92万元及1,923.16万元，期间波动较大。", "spo_list": [{"predicate": "公司经营活动产生的现金流量净额", "object_type": "金额", "subject_type": "日期", "object": "2,867.83万元", "subject": "2000年", "subject_index": {"begin": 3, "end": 8}, "object_index": {"begin": 35, "end": 45}}, {"predicate": "公司经营活动产生的现金流量净额", "object_type": "金额", "subject_type": "日期", "object": "1,376.92万元", "subject": "2001年", "subject_index": {"begin": 9, "end": 14}, "object_index": {"begin": 46, "end": 56}}, {"predicate": "公司经营活动产生的现金流量净额", "object_type": "金额", "subject_type": "日期", "object": "1,923.16万", "subject": "2002年1-6月", "subject_index": {"begin": 15, "end": 24}, "object_index": {"begin": 57, "end": 66}}]}
{"text": "公司2002年1-8月现金流量净增加额为1,231.30万元，同期间经营活动产生的现金流量净额为1,783.97万元，公司主营产品产生的现金净流入保持稳定的增长态势，足以确保公司整体业务经营与发展的需要。", "spo_list": [{"predicate": "公司经营活动产生的现金流量净额", "object_type": "金额", "subject_type": "日期", "object": "1,231.30万元", "subject": "2002年1-8月", "subject_index": {"begin": 2, "end": 11}, "object_index": {"begin": 20, "end": 30}}, {"predicate": "公司经营活动产生的现金流量净额", "object_type": "金额", "subject_type": "日期", "object": "1,783.97万元", "subject": "2002年1-8月", "subject_index": {"begin": 2, "end": 11}, "object_index": {"begin": 48, "end": 58}}]}
{"text": "本公司2000年、2001年及2002年1-6月期间内筹资活动产生的现金流量净额分别为34,859,607.51元、5,203,413.16元和5,367,462.70元，产生变动的主要原因是公司运用自有资金偿还银行到期借款的比重逐年加大所致。", "spo_list": [{"predicate": "公司筹资活动产生的现金流量净额", "object_type": "金额", "subject_type": "日期", "object": "5,367,462.70元", "subject": "2002年1-6月", "subject_index": {"begin": 15, "end": 24}, "object_index": {"begin": 72, "end": 85}}, {"predicate": "公司筹资活动产生的现金流量净额", "object_type": "金额", "subject_type": "日期", "object": "5,203,413.16元", "subject": "2001年", "subject_index": {"begin": 9, "end": 14}, "object_index": {"begin": 58, "end": 71}}, {"predicate": "公司筹资活动产生的现金流量净额", "object_type": "金额", "subject_type": "日期", "object": "34,859,607.51元", "subject": "2000年", "subject_index": {"begin": 3, "end": 8}, "object_index": {"begin": 43, "end": 57}}]}
{"text": "2000年至2002年1-6月，公司投资活动产生的现金净支出累计达2,537.43万元，表明公司近年来发展迅速，对原有技术设备的投入很大，而且本次募资投建项目的市场前景看好，产品附加值较高，将给公司带来新的利润增长点；同期间筹资活动产生的现金净流量平均达1,514.35万元，主要因公司经营业务发展向银行借款所致，说明借助资本市场直接或间接融资，已成为公司谋求更大发展的重要手段。", "spo_list": [{"predicate": "公司投资活动产生的现金流量净额", "object_type": "金额", "subject_type": "日期", "object": "2,537.43万元", "subject": "2000年至2002年1-6月", "subject_index": {"begin": 0, "end": 15}, "object_index": {"begin": 33, "end": 43}}, {"predicate": "公司筹资活动产生的现金流量净额", "object_type": "金额", "subject_type": "日期", "object": "1,514.35万元", "subject": "2000年至2002年1-6月", "subject_index": {"begin": 0, "end": 15}, "object_index": {"begin": 127, "end": 137}}]}
{"text": "2002年8月31日，公司应收票据为159.60万元，较2002年6月30日减少788.13万元的原因为：公司一方面通过商业手段加快了票据的回收；另一方面，为适应主营收入大幅增长的形势，公司大力拓展国内市场，并适当增加了主营产品赊销比重所致。", "spo_list": [{"predicate": "应收票据", "object_type": "金额", "subject_type": "日期", "object": "159.60万元", "subject": "2002年8月31日", "subject_index": {"begin": 0, "end": 10}, "object_index": {"begin": 18, "end": 26}}]}
{"text": "2002年1-8月，公司流动比率及速动比率分别为1.50及1.27，应收账款周转率和存货周转率分别为1.85和3.14，同期间利息保障倍数亦达到5.45，各指标均高于2002年1-6月的水平。公司对自有资产的管理能力较强，无任何资产对外担保情况，资产的整体流动性和偿债能力均高于同行业公司平均水平。", "spo_list": [{"predicate": "速动比率", "object_type": "日期", "subject_type": "比率", "object": "2002年1-8月", "subject": "1.27", "subject_index": {"begin": 29, "end": 33}, "object_index": {"begin": 0, "end": 9}}, {"predicate": "应收账款周转率", "object_type": "日期", "subject_type": "比率", "object": "2002年1-8月", "subject": "1.85", "subject_index": {"begin": 50, "end": 54}, "object_index": {"begin": 0, "end": 9}}, {"predicate": "存货周转率", "object_type": "日期", "subject_type": "比率", "object": "2002年1-8月", "subject": "3.14", "subject_index": {"begin": 55, "end": 59}, "object_index": {"begin": 0, "end": 9}}]}
