{"text": "本公司2000年末及2001年末的其他应收款余额分别为591.52万元、697.12万元。2001年，其他应收款余额较以前年度增长较快，是由于随着合同订单的增加，投标保证金和履约保证金相应增加所致。", "spo_list": [{"predicate": "其他应收款净额", "object_type": "金额", "subject_type": "日期", "object": "591.52万元", "subject": "2000年末", "subject_index": {"begin": 3, "end": 9}, "object_index": {"begin": 27, "end": 35}}, {"predicate": "其他应收款净额", "object_type": "金额", "subject_type": "日期", "object": "697.12万元", "subject": "2001年末", "subject_index": {"begin": 10, "end": 16}, "object_index": {"begin": 36, "end": 44}}]}
{"text": "1998年、1999年、2000年存货周转率分别为1.32、1.41、1.59，呈上升趋势，2001年存货周转率为1.60。", "spo_list": [{"predicate": "存货周转率", "object_type": "日期", "subject_type": "比率", "object": "1998年", "subject": "1.32", "subject_index": {"begin": 25, "end": 29}, "object_index": {"begin": 0, "end": 5}}, {"predicate": "存货周转率", "object_type": "日期", "subject_type": "比率", "object": "1999年", "subject": "1.41", "subject_index": {"begin": 30, "end": 34}, "object_index": {"begin": 6, "end": 11}}, {"predicate": "存货周转率", "object_type": "日期", "subject_type": "比率", "object": "2000年", "subject": "1.59", "subject_index": {"begin": 35, "end": 39}, "object_index": {"begin": 12, "end": 17}}, {"predicate": "存货周转率", "object_type": "日期", "subject_type": "比率", "object": "2001年", "subject": "1.60", "subject_index": {"begin": 57, "end": 61}, "object_index": {"begin": 46, "end": 51}}]}
{"text": "2000年末及2001年末，本公司的应交税金分别为1,495.04万元、527.33万元。", "spo_list": [{"predicate": "应交税费", "object_type": "金额", "subject_type": "日期", "object": "1,495.04万元", "subject": "2000年末", "subject_index": {"begin": 0, "end": 6}, "object_index": {"begin": 25, "end": 35}}, {"predicate": "应交税费", "object_type": "金额", "subject_type": "日期", "object": "527.33万元", "subject": "2001年末", "subject_index": {"begin": 7, "end": 13}, "object_index": {"begin": 36, "end": 44}}]}
{"text": "本公司2000年度的经营活动产生的现金流量净额为-1,745.81万元,筹资活动产生的现金流量净额为1,169.51万元，投资活动产生的现金流量净额为-71.92万元，现金流量净额为-648.48万元。之所以2000年度经营活动产生的现金流量为负数，主要系2000年度本公司业务规模扩张，合同总量增加，生产投入较大，相当部分合同项目处于前期生产阶段，尚未交付，存货余额增加；同时相应货款催收力度不够，未能及时回笼货款，致使经营活动产生的现金流量出现负数。2001年本公司已采取措施，加强了对业务部门货款催收的监督考核，并尝试将收款情况作为财务人员和营销人员的重要考核指标，与收入分配直接挂钩。采用了该措施后，收款情况有了很大改善，本公司2001年12月31日的现金流量情况如下：经营活动产生的现金流量净额为1,104.36万元,筹资活动产生的现金流量净额为1,940.40万元，投资活动产生的现金流量净额为-182.63万元，现金流量净额为2,862.13万元。", "spo_list": [{"predicate": "公司筹资活动产生的现金流量净额", "object_type": "金额", "subject_type": "日期", "object": "1,169.51万元", "subject": "2000年度", "subject_index": {"begin": 3, "end": 9}, "object_index": {"begin": 50, "end": 60}}, {"predicate": "公司筹资活动产生的现金流量净额", "object_type": "金额", "subject_type": "日期", "object": "-71.92万元", "subject": "2000年度", "subject_index": {"begin": 3, "end": 9}, "object_index": {"begin": 75, "end": 83}}, {"predicate": "公司筹资活动产生的现金流量净额", "object_type": "金额", "subject_type": "日期", "object": "1,940.40万元", "subject": "2001年12月31日", "subject_index": {"begin": 318, "end": 329}, "object_index": {"begin": 378, "end": 388}}, {"predicate": "公司投资活动产生的现金流量净额", "object_type": "金额", "subject_type": "日期", "object": "-182.63万元", "subject": "2001年12月31日", "subject_index": {"begin": 318, "end": 329}, "object_index": {"begin": 403, "end": 412}}]}
{"text": "本次评估增值部分主要是固定资产和土地使用权，净增值7,342,568.97元，公司在2000年8月31日建帐时未对2000年1－8月评估增值计提折旧和摊销。2000年9月30日，公司补摊2000年1-8月无形资产－土地使用权评估增值额106,620.03元；2000年10月16日，公司补提2000年1-8月固定资产评估增值额折旧667,367.10元。除上述补提折旧和补摊土地使用权外，其他与评估相关的资产在2000年1-8月无重大变化。", "spo_list": [{"predicate": "无形资产", "object_type": "金额", "subject_type": "日期", "object": "106,620.03元", "subject": "2000年1-8月", "subject_index": {"begin": 93, "end": 102}, "object_index": {"begin": 117, "end": 128}}]}
{"text": "根据浙江天健会计师事务所的审计报告，公司2001年度实现净利润21,414,539.07元；提取10％的法定盈余公积金计2,141,453.91元；提取5％的法定公益金计1,070,726.95元，合计3,212,180.86元，期末可供股东分配利润为18,202,358.21元，并计上年度可供股东分配利润为12,502,066.80元，累计可供股东分配利润为30,704,425.01元。", "spo_list": [{"predicate": "盈余公积", "object_type": "金额", "subject_type": "日期", "object": "2,141,453.91元", "subject": "2001年度", "subject_index": {"begin": 20, "end": 26}, "object_index": {"begin": 60, "end": 73}}]}
{"text": "本公司主营产品电除尘器和气力输送设备属大型环保机械设备，价值高，生产周期及合同履行期限较长，导致存货占流动资产的比例较高。2000年末及2001年末，存货余额分别为11,461.43万元、14,399.33万元。存货余额较大在一定程度上影响了公司的资金周转。", "spo_list": [{"predicate": "存货", "object_type": "金额", "subject_type": "日期", "object": "11,461.43万元", "subject": "2000年末", "subject_index": {"begin": 61, "end": 67}, "object_index": {"begin": 82, "end": 93}}, {"predicate": "存货", "object_type": "金额", "subject_type": "日期", "object": "14,399.33万元", "subject": "2001年末", "subject_index": {"begin": 68, "end": 74}, "object_index": {"begin": 94, "end": 105}}]}
{"text": "本公司2000年末及2001年末的预付账款分别为1,836.58万元、1,383.57万元。", "spo_list": [{"predicate": "预付款项", "object_type": "金额", "subject_type": "日期", "object": "1,836.58万元", "subject": "2000年末", "subject_index": {"begin": 3, "end": 9}, "object_index": {"begin": 24, "end": 34}}, {"predicate": "预付款项", "object_type": "金额", "subject_type": "日期", "object": "1,383.57万元", "subject": "2001年末", "subject_index": {"begin": 10, "end": 16}, "object_index": {"begin": 35, "end": 45}}]}
{"text": "截至2001年12月31日，本公司的负债合计为17,927.80万元，其中流动负债16,227.80万元,长期负债1700万元。流动负债主要包括应付账款、预收账款、应交税金、其他应付款。", "spo_list": [{"predicate": "流动负债", "object_type": "金额", "subject_type": "日期", "object": "16,227.80万元", "subject": "2001年12月31日", "subject_index": {"begin": 2, "end": 13}, "object_index": {"begin": 41, "end": 52}}]}
{"text": "。2000年末及2001年末，本公司的预收账款分别为6,743.57万元、7,203.17万元，资产负债率分别为66.33%和65.10%。本公司一向注重合同管理，严格按照合同规定的时间完成交货，按期结转销售收入，以冲抵预收帐款余额，降低资产负债率。", "spo_list": [{"predicate": "预收款项", "object_type": "金额", "subject_type": "日期", "object": "6,743.57万元、", "subject": "2000年末", "subject_index": {"begin": 1, "end": 7}, "object_index": {"begin": 26, "end": 37}}, {"predicate": "预收款项", "object_type": "金额", "subject_type": "日期", "object": "7,203.17万元", "subject": "2001年末", "subject_index": {"begin": 8, "end": 14}, "object_index": {"begin": 37, "end": 47}}]}
{"text": "2000年末及2001年末，本公司的其他应付款分别为1537.57万元和236.46万元。2000年期末数较期初数增长3.16倍，主要是本公司应付集团及集团下属子公司的产品委托加工费增加。", "spo_list": [{"predicate": "其他应付款", "object_type": "金额", "subject_type": "日期", "object": "1537.57万元", "subject": "2000年末", "subject_index": {"begin": 0, "end": 6}, "object_index": {"begin": 26, "end": 35}}, {"predicate": "其他应付款", "object_type": "金额", "subject_type": "日期", "object": "236.46万元", "subject": "2001年末", "subject_index": {"begin": 7, "end": 13}, "object_index": {"begin": 36, "end": 44}}]}
{"text": "截止2001年12月31日止，本公司资产总额为27,540.08万元，固定资产2,655.31万元,流动资产为24,176.08万元，其中，货币资金为3,847.25万元，应收账款为3,712.02万元，其他应收款为697.12万元，应收票据为130.95万元，预付账款为1,383.57万元，存货为11,399.33万元,待摊费用为5.83万元。其中应收账款账龄在1年之内的占89.22%，账龄在1-2年内的占9.01%，账龄在2-3年的占1.02%,造成坏帐损失的可能性比较小。本公司流动比率为1.49；在流动资产中，货币资金、应收账款、预付账款、存货的比重分别为：15.91%、15.35%、5.72%、59.56%，显然，存货在流动资产中的比重较大，主要是因为本公司生产的电除尘器和气力输送设备属大型环保机械设备，价值高，生产周期及合同履行期限较长。本公司产品都是以销定产，期末存货没有发生积压或陈旧过时、滞销及销售价格下降情况，所以期末没有提取存货跌价准备。", "spo_list": [{"predicate": "流动资产", "object_type": "金额", "subject_type": "日期", "object": "24,176.08万元", "subject": "2001年12月31日", "subject_index": {"begin": 2, "end": 13}, "object_index": {"begin": 55, "end": 66}}, {"predicate": "应付账款", "object_type": "金额", "subject_type": "日期", "object": "3,712.02万元", "subject": "2001年12月31日", "subject_index": {"begin": 2, "end": 13}, "object_index": {"begin": 91, "end": 101}}, {"predicate": "其他应收款净额", "object_type": "金额", "subject_type": "日期", "object": "697.12万元", "subject": "2001年12月31日", "subject_index": {"begin": 2, "end": 13}, "object_index": {"begin": 108, "end": 116}}, {"predicate": "应收票据", "object_type": "金额", "subject_type": "日期", "object": "130.95万元", "subject": "2001年12月31日", "subject_index": {"begin": 2, "end": 13}, "object_index": {"begin": 122, "end": 130}}, {"predicate": "预付款项", "object_type": "金额", "subject_type": "日期", "object": "1,383.57万元", "subject": "2001年12月31日", "subject_index": {"begin": 2, "end": 13}, "object_index": {"begin": 136, "end": 146}}, {"predicate": "存货", "object_type": "金额", "subject_type": "日期", "object": "11,399.33万元,", "subject": "2001年12月31日", "subject_index": {"begin": 2, "end": 13}, "object_index": {"begin": 150, "end": 162}}, {"predicate": "长期待摊费用", "object_type": "金额", "subject_type": "日期", "object": "5.83万元", "subject": "2001年12月31日", "subject_index": {"begin": 2, "end": 13}, "object_index": {"begin": 167, "end": 173}}]}
{"text": "公司2001年度、2000年度、1999年度和1998年度的应收账款周转率分别为：7.46、8.51、17.09和18.22。1998年度、1999年度应收账款周转率比较接近；2000年应收账款周转率较1998年度和1999年度下降，主要原因系本公司成立后，业务规模扩张较快，而货款催收力度没有相应加大，致使2000年12月31日应收账款余额增大，导致应收账款周转率下降；2001年本公司加大了对业务部门催收货款工作的监督考核，货款回笼比较及时。由于2000年12月31日应收账款余额较大，在计算2001年应收账款周转率时仍引用该数据，导致应收账款余额平均数过大，致使2001年的应收账款周转率指标偏低。", "spo_list": [{"predicate": "应收账款周转率", "object_type": "日期", "subject_type": "比率", "object": "1998年度", "subject": "18.22", "subject_index": {"begin": 57, "end": 62}, "object_index": {"begin": 23, "end": 29}}, {"predicate": "应收账款周转率", "object_type": "日期", "subject_type": "比率", "object": "1999年度", "subject": "17.09", "subject_index": {"begin": 51, "end": 56}, "object_index": {"begin": 16, "end": 22}}, {"predicate": "应收账款周转率", "object_type": "日期", "subject_type": "比率", "object": "2000年度", "subject": "8.51", "subject_index": {"begin": 46, "end": 50}, "object_index": {"begin": 9, "end": 15}}, {"predicate": "应收账款周转率", "object_type": "日期", "subject_type": "比率", "object": "2001年度", "subject": "7.46", "subject_index": {"begin": 41, "end": 45}, "object_index": {"begin": 2, "end": 8}}]}
{"text": "从2001年12月31日现金流量表可以看出，经营活动现金流量净额为1,104.36万元，筹资活动产生的现金流量净额为1,940.40万元，经营活动现金流量净额小于筹资活动产生的现金流量净额，但从现金流量总量比较，经营活动现金流入为34720万元，筹资活动现金流入为5240万元，表明公司现金流量主要为主营业务收入流入；另外，从2001年末的资产负债表可以看出，货币资金余额为3847.25万元，而相对应流动负债中的短期借款为550万元，长期借款为1700万元，且长期借款期限为2001年6月27日至2005年4月26日，本公司货币资金可完全偿还借款，现金流量能够满足公司正常生产经营需要。", "spo_list": [{"predicate": "公司筹资活动产生的现金流量净额", "object_type": "金额", "subject_type": "日期", "object": "1,940.40万元", "subject": "2001年12月31日", "subject_index": {"begin": 1, "end": 12}, "object_index": {"begin": 58, "end": 68}}, {"predicate": "公司筹资活动产生的现金流量净额", "object_type": "金额", "subject_type": "日期", "object": "5240万元", "subject": "2001年12月31日", "subject_index": {"begin": 1, "end": 12}, "object_index": {"begin": 132, "end": 138}}]}
{"text": "本公司2000年度实现净利润调整为14,708,313.88元；提取10％的法定盈余公积金计1,470,831.38元；提取5％的法定公益金计735,415.70元，合计2,206,247.08元，期末可供股东分配利润为12,502,066.80元，根据2000年度股东大会的决议，该部分可供股东分配的利润结转至2001年度。", "spo_list": [{"predicate": "盈余公积", "object_type": "金额", "subject_type": "日期", "object": "1,470,831.38元", "subject": "2000年", "subject_index": {"begin": 3, "end": 8}, "object_index": {"begin": 46, "end": 59}}]}
{"text": "菲达环保2002年度预测可确认产品销售收入29,000万元，其中可能受影响项目中尚可确认产品销售收入1,382.4万元，占2002年度预测可确认产品销售收入的4.77%，所占比重较小，不会对菲达环保股票公开发行与上市的条件构成实质性影响。”", "spo_list": [{"predicate": "其他收益", "object_type": "金额", "subject_type": "日期", "object": "29,000万元", "subject": "2002年", "subject_index": {"begin": 4, "end": 9}, "object_index": {"begin": 21, "end": 29}}, {"predicate": "其他收益", "object_type": "金额", "subject_type": "日期", "object": "1,382.4万元", "subject": "2002年", "subject_index": {"begin": 4, "end": 9}, "object_index": {"begin": 50, "end": 59}}]}
