{"text": "亚太集团会计师事务所有限公司1999年11月12日出具的亚会证验字(1999)第005号报告摘录如下", "spo_list": [{"predicate": "出具日期", "object_type": "日期", "subject_type": "文件", "object": "1999年11月12日", "subject": "亚会证验字(1999)第005号", "subject_index": {"begin": 28, "end": 44}, "object_index": {"begin": 14, "end": 25}}]}
{"text": "1发行人中文名称深圳太太药业股份有限公司英文名称ShenzhenTaiTaiPharmaceuticalCompanyLimited2本公司成立日期1999年11月24日3发行人注册地址深圳市南山区第五工业区太太药业工业大厦", "spo_list": [{"predicate": "成立日期", "object_type": "日期", "subject_type": "公司", "object": "1999年11月24日", "subject": "深圳太太药业股份有限公司", "subject_index": {"begin": 8, "end": 20}, "object_index": {"begin": 74, "end": 85}}]}
{"text": "深圳太太药业股份有限公司是经深圳市人民政府深府1999197号文批准由深圳太太药业有限公司依法变更而成的股份有限公司", "spo_list": [{"predicate": "关联方", "object_type": "公司", "subject_type": "公司", "object": "深圳太太药业有限公司", "subject": "深圳太太药业股份有限公司", "subject_index": {"begin": 0, "end": 12}, "object_index": {"begin": 35, "end": 45}}]}
{"text": "本公司是由原公司深圳太太药业有限公司变更而来原公司之前身深圳爱迷尔食品有限公司经深圳市工商行政管理局核准于1992年12月18日设立股东为河南新乡机床厂和香港国丰国际发展有限公司分别持有64%和36%的股份注册资金55万美元公司主要从事太太口服液的生产和销售", "spo_list": [{"predicate": "关联方", "object_type": "公司", "subject_type": "公司", "object": "香港国丰国际发展有限公司", "subject": "深圳爱迷尔食品有限公司", "subject_index": {"begin": 28, "end": 39}, "object_index": {"begin": 77, "end": 89}}, {"predicate": "关联方", "object_type": "公司", "subject_type": "公司", "object": "河南新乡机床厂", "subject": "深圳爱迷尔食品有限公司", "subject_index": {"begin": 28, "end": 39}, "object_index": {"begin": 69, "end": 76}}, {"predicate": "成立日期", "object_type": "日期", "subject_type": "公司", "object": "1992年12月18日", "subject": "深圳爱迷尔食品有限公司", "subject_index": {"begin": 28, "end": 39}, "object_index": {"begin": 53, "end": 64}}, {"predicate": "注册资本", "object_type": "金额", "subject_type": "日期", "object": "55万美元", "subject": "1992年12月18日", "subject_index": {"begin": 53, "end": 64}, "object_index": {"begin": 107, "end": 112}}]}
{"text": "1994年4月24日香港国丰国际发展有限公司将其持有36%的股份转让给香港鸿信行有限公司1994年10月8日北京市通大高技术公司将其持有的27%的股份转让给香港鸿信行有限公司此次股权转让完成后深圳太太保健食品有限公司的股东及持股比例为香港鸿信行有限公司持有63%的股份焦作市九里山化工厂持有37%的股份", "spo_list": [{"predicate": "转让日期", "object_type": "日期", "subject_type": "公司", "object": "1994年4月24日", "subject": "香港国丰国际发展有限公司", "subject_index": {"begin": 10, "end": 22}, "object_index": {"begin": 0, "end": 10}}, {"predicate": "关联方", "object_type": "公司", "subject_type": "公司", "object": "香港鸿信行有限公司", "subject": "香港国丰国际发展有限公司", "subject_index": {"begin": 10, "end": 22}, "object_index": {"begin": 35, "end": 44}}, {"predicate": "持有5%以上股份的主要股东", "object_type": "公司", "subject_type": "公司", "object": "香港鸿信行有限公司", "subject": "香港国丰国际发展有限公司", "subject_index": {"begin": 10, "end": 22}, "object_index": {"begin": 35, "end": 44}}, {"predicate": "关联方", "object_type": "公司", "subject_type": "公司", "object": "香港鸿信行有限公司", "subject": "北京市通大高技术公司", "subject_index": {"begin": 54, "end": 64}, "object_index": {"begin": 78, "end": 87}}, {"predicate": "持有5%以上股份的主要股东", "object_type": "公司", "subject_type": "公司", "object": "香港鸿信行有限公司", "subject": "北京市通大高技术公司", "subject_index": {"begin": 54, "end": 64}, "object_index": {"begin": 78, "end": 87}}, {"predicate": "转让日期", "object_type": "日期", "subject_type": "公司", "object": "1994年10月8日", "subject": "北京市通大高技术公司", "subject_index": {"begin": 54, "end": 64}, "object_index": {"begin": 44, "end": 54}}, {"predicate": "持有5%以上股份的主要股东", "object_type": "公司", "subject_type": "公司", "object": "香港鸿信行有限公司", "subject": "深圳太太保健食品有限公司", "subject_index": {"begin": 96, "end": 108}, "object_index": {"begin": 117, "end": 126}}, {"predicate": "关联方", "object_type": "公司", "subject_type": "公司", "object": "香港鸿信行有限公司", "subject": "深圳太太保健食品有限公司", "subject_index": {"begin": 96, "end": 108}, "object_index": {"begin": 117, "end": 126}}, {"predicate": "持有5%以上股份的主要股东", "object_type": "公司", "subject_type": "公司", "object": "焦作市九里山化工厂", "subject": "深圳太太保健食品有限公司", "subject_index": {"begin": 96, "end": 108}, "object_index": {"begin": 134, "end": 143}}, {"predicate": "关联方", "object_type": "公司", "subject_type": "公司", "object": "焦作市九里山化工厂", "subject": "深圳太太保健食品有限公司", "subject_index": {"begin": 96, "end": 108}, "object_index": {"begin": 134, "end": 143}}]}
{"text": "1999年8月27日经原公司董事会决议通过并经主管部门批准香港鸿信行有限公司分别向深圳市百业源实业有限公司深圳市千广汇计算机技术有限公司深圳市国运鸿贸易有限公司焦作市成功化学制品有限公司分别转让其在原公司65%3%3%和3%的股权焦作市九里山化工厂转让其在原公司1%的股权给深圳市百业源实业有限公司本次股权转让完成后原公司的股权结构为深圳市百业源实业有限公司持有66香港鸿信行有限公司持有25焦作市成功化学制品有限公司持有3深圳市千广汇计算机技术有限公司持有3深圳市国运鸿贸易有限公司持有3", "spo_list": [{"predicate": "转让日期", "object_type": "日期", "subject_type": "公司", "object": "1999年8月27日", "subject": "香港鸿信行有限公司", "subject_index": {"begin": 29, "end": 38}, "object_index": {"begin": 0, "end": 10}}, {"predicate": "关联方", "object_type": "公司", "subject_type": "公司", "object": "深圳市百业源实业有限公司", "subject": "香港鸿信行有限公司", "subject_index": {"begin": 29, "end": 38}, "object_index": {"begin": 41, "end": 53}}, {"predicate": "关联方", "object_type": "公司", "subject_type": "公司", "object": "深圳市千广汇计算机技术有限公司", "subject": "香港鸿信行有限公司", "subject_index": {"begin": 29, "end": 38}, "object_index": {"begin": 53, "end": 68}}, {"predicate": "关联方", "object_type": "公司", "subject_type": "公司", "object": "深圳市国运鸿贸易有限公司", "subject": "香港鸿信行有限公司", "subject_index": {"begin": 29, "end": 38}, "object_index": {"begin": 68, "end": 80}}, {"predicate": "关联方", "object_type": "公司", "subject_type": "公司", "object": "焦作市成功化学制品有限公司", "subject": "香港鸿信行有限公司", "subject_index": {"begin": 29, "end": 38}, "object_index": {"begin": 80, "end": 93}}, {"predicate": "关联方", "object_type": "公司", "subject_type": "公司", "object": "深圳市百业源实业有限公司", "subject": "焦作市九里山化工厂", "subject_index": {"begin": 115, "end": 124}, "object_index": {"begin": 137, "end": 149}}, {"predicate": "持有5%以上股份的主要股东", "object_type": "公司", "subject_type": "公司", "object": "深圳市百业源实业有限公司", "subject": "香港鸿信行有限公司", "subject_index": {"begin": 29, "end": 38}, "object_index": {"begin": 41, "end": 53}}]}
{"text": "香港鸿信行有限公司成立于1992年5月14日注册地址香港湾仔骆克道33号中央广场福利商业中心23楼2301室注册资本港币1,001,000.00元法定代表人为刘广霞公司主要从事股权投资资产状况截止1999年12月31日公司总资产为港币166,719,382.00元净资产为港币152,372,973.00元", "spo_list": [{"predicate": "成立日期", "object_type": "日期", "subject_type": "公司", "object": "1992年5月14日", "subject": "香港鸿信行有限公司", "subject_index": {"begin": 0, "end": 9}, "object_index": {"begin": 12, "end": 22}}, {"predicate": "注册资本", "object_type": "金额", "subject_type": "日期", "object": "港币1,001,000.00元", "subject": "1992年5月14日", "subject_index": {"begin": 12, "end": 22}, "object_index": {"begin": 58, "end": 73}}, {"predicate": "总资产", "object_type": "金额", "subject_type": "日期", "object": "港币166,719,382.00元", "subject": "1992年5月14日", "subject_index": {"begin": 12, "end": 22}, "object_index": {"begin": 115, "end": 132}}, {"predicate": "净资产账面价值", "object_type": "金额", "subject_type": "日期", "object": "港币152,372,973.00元", "subject": "1992年5月14日", "subject_index": {"begin": 12, "end": 22}, "object_index": {"begin": 136, "end": 153}}]}
{"text": "刘广霞女31岁大学专科曾任中央电视台深圳中视国际电视公司广告部经理深圳太太药业有限公司董事副总经理现任本公司股东香港鸿信行有限公司董事长并任本公司董事", "spo_list": [{"predicate": "大专", "object_type": "学历", "subject_type": "人物", "object": "专科", "subject": "刘广霞", "subject_index": {"begin": 0, "end": 3}, "object_index": {"begin": 9, "end": 11}}, {"predicate": "任职公司", "object_type": "公司", "subject_type": "人物", "object": "央电视台深圳中视国际电视公司", "subject": "刘广霞", "subject_index": {"begin": 0, "end": 3}, "object_index": {"begin": 14, "end": 28}}, {"predicate": "任职公司", "object_type": "公司", "subject_type": "人物", "object": "深圳太太药业有限公司", "subject": "刘广霞", "subject_index": {"begin": 0, "end": 3}, "object_index": {"begin": 33, "end": 43}}, {"predicate": "任职公司", "object_type": "公司", "subject_type": "人物", "object": "香港鸿信行有限公司", "subject": "刘广霞", "subject_index": {"begin": 0, "end": 3}, "object_index": {"begin": 56, "end": 65}}]}
{"text": "1999年8月本公司股东香港鸿信行有限公司(现持有本公司25%的股权)将其持有的深圳泰特保健品有限公司95%的股权以950万元的价格转让给本公司的前身深圳太太药业有限公司定价政策为双方协议价", "spo_list": [{"predicate": "转让日期", "object_type": "日期", "subject_type": "公司", "object": "1999年8月本", "subject": "香港鸿信行有限公司", "subject_index": {"begin": 12, "end": 21}, "object_index": {"begin": 0, "end": 8}}, {"predicate": "持有5%以上股份的主要股东", "object_type": "公司", "subject_type": "公司", "object": "深圳泰特保健品有限公司", "subject": "香港鸿信行有限公司", "subject_index": {"begin": 12, "end": 21}, "object_index": {"begin": 40, "end": 51}}, {"predicate": "关联方", "object_type": "公司", "subject_type": "公司", "object": "深圳泰特保健品有限公司", "subject": "香港鸿信行有限公司", "subject_index": {"begin": 12, "end": 21}, "object_index": {"begin": 40, "end": 51}}, {"predicate": "持有5%以上股份的主要股东", "object_type": "公司", "subject_type": "公司", "object": "深圳太太药业有限公司", "subject": "香港鸿信行有限公司", "subject_index": {"begin": 12, "end": 21}, "object_index": {"begin": 75, "end": 85}}, {"predicate": "关联方", "object_type": "公司", "subject_type": "公司", "object": "深圳太太药业有限公司", "subject": "香港鸿信行有限公司", "subject_index": {"begin": 12, "end": 21}, "object_index": {"begin": 75, "end": 85}}]}
{"text": "2000年1至10月本公司子公司深圳市海滨制药有限公司向本公司股东深圳市国运鸿贸易有限公司借款2,265,000.00元该款项已于2000年7月28日归还", "spo_list": [{"predicate": "短期借款", "object_type": "金额", "subject_type": "日期", "object": "2,265,000.00元", "subject": "2000年1至10月", "subject_index": {"begin": 0, "end": 10}, "object_index": {"begin": 47, "end": 60}}]}
{"text": "2000年1至10月本公司向深圳市世纪星源运输实业有限公司控股股东的子公司借款4,125,550.00元该项借款未计利息已于2000年10月31日全部归还", "spo_list": [{"predicate": "短期借款", "object_type": "金额", "subject_type": "日期", "object": "4,125,550.00元", "subject": "2000年1至10月", "subject_index": {"begin": 0, "end": 10}, "object_index": {"begin": 39, "end": 52}}]}
{"text": "2000年1至10月深圳市百业源广告有限公司控股股东的子公司为本公司提供代理广告劳务本公司共应付其广告代理费149,706.00元定价政策为参考市场同类业务的收费标准确定该项借款未计利息已于2000年7月28日结清另本公司委托深圳市百业源广告有限公司代向其他单位预付的广告费625,251.00元因广告尚未投放暂列在其他应收款科目", "spo_list": [{"predicate": "应付账款", "object_type": "金额", "subject_type": "日期", "object": "149,706.00元", "subject": "2000年1至10月", "subject_index": {"begin": 0, "end": 10}, "object_index": {"begin": 54, "end": 65}}]}
{"text": "三年内的重大改组情况1997年10月经原公司董事会决议并经主管部门批准焦作市九里山化工厂将其持有的深圳太太药业有限公司36%的股权转让给香港鸿信行有限公司股权转让完成后香港鸿信行有限公司持有原公司99%的股权焦作市九里山化工厂持有原公司1%的股权", "spo_list": [{"predicate": "转让日期", "object_type": "日期", "subject_type": "公司", "object": "1997年10月", "subject": "焦作市九里山化工厂", "subject_index": {"begin": 35, "end": 44}, "object_index": {"begin": 10, "end": 18}}, {"predicate": "关联方", "object_type": "公司", "subject_type": "公司", "object": "深圳太太药业有限公司", "subject": "焦作市九里山化工厂", "subject_index": {"begin": 35, "end": 44}, "object_index": {"begin": 49, "end": 59}}, {"predicate": "持有5%以上股份的主要股东", "object_type": "公司", "subject_type": "公司", "object": "深圳太太药业有限公司", "subject": "焦作市九里山化工厂", "subject_index": {"begin": 35, "end": 44}, "object_index": {"begin": 49, "end": 59}}, {"predicate": "关联方", "object_type": "公司", "subject_type": "公司", "object": "香港鸿信行有限公司", "subject": "焦作市九里山化工厂", "subject_index": {"begin": 35, "end": 44}, "object_index": {"begin": 68, "end": 77}}, {"predicate": "持有5%以上股份的主要股东", "object_type": "公司", "subject_type": "公司", "object": "香港鸿信行有限公司", "subject": "焦作市九里山化工厂", "subject_index": {"begin": 35, "end": 44}, "object_index": {"begin": 68, "end": 77}}]}
{"text": "1999年8月太太药业香港有限公司与原公司签订股权转让协议约定将其持有的深圳海滨制药有限公司35%的股权以零价转让给原公司1999年8月太太药业香港有限公司与本公司控股子公司深圳泰特保健品有限公司签订股权转让协议将其持有的深圳海滨制药有限公司5%的股权以零价转让给深圳泰特保健品有限公司1999年11月25日海滨公司完成本次股权转让的工商变更登记手续经亚太集团会计师事务所对深圳海滨制药有限公司1999年8月31日止的审计审定净资产为82,329,971.20元零价转让给深圳太太药业有限公司35%股权的净资产为28,815,489.92元零价转让给深圳泰特保健品有限公司5%股权的净资产为4,116,498.56元合计40%股权的净资产为32,931,988.48元1999年8月20日签订协议进行股权转让时公司未进行会计处理1999年9月20日经亚太集团会计师事务所有限公司审计深圳太太药业有限公司包括其下属子公司深圳海滨制药有限公司截止1999年8月31日的会计报表并出具了审计报告及提供相应的审计调整分录公司依据其提供的审计报告以及相应调整分录于1999年9月30日进行会计处理增加长期投资—海滨公司28,815,489.92元增加长期投资—泰特公司4,116,498.56元同时增加资本公积32,931,988.48元", "spo_list": [{"predicate": "转让日期", "object_type": "日期", "subject_type": "公司", "object": "1999年8月", "subject": "太太药业香港有限公司", "subject_index": {"begin": 7, "end": 17}, "object_index": {"begin": 0, "end": 7}}, {"predicate": "持有5%以上股份的主要股东", "object_type": "公司", "subject_type": "公司", "object": "深圳海滨制药有限公司", "subject": "太太药业香港有限公司", "subject_index": {"begin": 7, "end": 17}, "object_index": {"begin": 36, "end": 46}}, {"predicate": "关联方", "object_type": "公司", "subject_type": "公司", "object": "深圳海滨制药有限公司", "subject": "太太药业香港有限公司", "subject_index": {"begin": 7, "end": 17}, "object_index": {"begin": 36, "end": 46}}, {"predicate": "转让日期", "object_type": "日期", "subject_type": "公司", "object": "1999年8月", "subject": "太太药业香港有限公司", "subject_index": {"begin": 68, "end": 78}, "object_index": {"begin": 61, "end": 68}}, {"predicate": "关联方", "object_type": "公司", "subject_type": "公司", "object": "深圳泰特保健品有限公司", "subject": "太太药业香港有限公司", "subject_index": {"begin": 68, "end": 78}, "object_index": {"begin": 87, "end": 98}}, {"predicate": "关联方", "object_type": "公司", "subject_type": "公司", "object": "深圳海滨制药有限公司", "subject": "太太药业香港有限公司", "subject_index": {"begin": 68, "end": 78}, "object_index": {"begin": 111, "end": 121}}, {"predicate": "持有5%以上股份的主要股东", "object_type": "公司", "subject_type": "公司", "object": "深圳泰特保健品有限公司", "subject": "太太药业香港有限公司", "subject_index": {"begin": 68, "end": 78}, "object_index": {"begin": 87, "end": 98}}, {"predicate": "持有5%以上股份的主要股东", "object_type": "公司", "subject_type": "公司", "object": "深圳海滨制药有限公司", "subject": "太太药业香港有限公司", "subject_index": {"begin": 68, "end": 78}, "object_index": {"begin": 111, "end": 121}}, {"predicate": "持有5%以上股份的主要股东", "object_type": "公司", "subject_type": "公司", "object": "深圳泰特保健品有限公司", "subject": "太太药业香港有限公司", "subject_index": {"begin": 68, "end": 78}, "object_index": {"begin": 132, "end": 143}}, {"predicate": "关联方", "object_type": "公司", "subject_type": "公司", "object": "深圳泰特保健品有限公司", "subject": "太太药业香港有限公司", "subject_index": {"begin": 68, "end": 78}, "object_index": {"begin": 132, "end": 143}}, {"predicate": "转让日期", "object_type": "日期", "subject_type": "公司", "object": "1999年11月25日", "subject": "海滨公司", "subject_index": {"begin": 154, "end": 158}, "object_index": {"begin": 143, "end": 154}}, {"predicate": "净资产账面价值", "object_type": "金额", "subject_type": "日期", "object": "82,329,971.20元", "subject": "1999年8月31日", "subject_index": {"begin": 197, "end": 207}, "object_index": {"begin": 217, "end": 231}}, {"predicate": "关联方", "object_type": "公司", "subject_type": "公司", "object": "深圳太太药业有限公司", "subject": "深圳海滨制药有限公司", "subject_index": {"begin": 187, "end": 197}, "object_index": {"begin": 236, "end": 246}}, {"predicate": "关联方", "object_type": "公司", "subject_type": "公司", "object": "深圳泰特保健品有限公司", "subject": "深圳海滨制药有限公司", "subject_index": {"begin": 187, "end": 197}, "object_index": {"begin": 275, "end": 286}}, {"predicate": "关联方", "object_type": "公司", "subject_type": "公司", "object": "深圳海滨制药有限公司", "subject": "深圳太太药业有限公司", "subject_index": {"begin": 391, "end": 401}, "object_index": {"begin": 409, "end": 419}}, {"predicate": "资本公积", "object_type": "金额", "subject_type": "日期", "object": "32,931,988.48元", "subject": "1999年9月30日", "subject_index": {"begin": 477, "end": 487}, "object_index": {"begin": 550, "end": 564}}]}
{"text": "深圳市泰特保健品有限公司成立于1996年2月7日设立时股东为香港鸿信行有限公司1997年10月20日股东变更为香港鸿信行有限公司焦作市九里山化工厂1999年11月8日股东变更为深圳海滨制药有限公司深圳太太药业有限公司本公司目前对其控股95%另5%的股权由本公司控股95%的深圳市海滨制药有限公司持有本公司实际对其拥有100%的权益注册资本1000万元法人代表冯开东公司自设立以来一直主要从事生产经营妇女卫生用品保健食品家庭清洁用品及健身器材的业务", "spo_list": [{"predicate": "成立日期", "object_type": "日期", "subject_type": "公司", "object": "1996年2月7日", "subject": "深圳市泰特保健品有限公司", "subject_index": {"begin": 0, "end": 12}, "object_index": {"begin": 15, "end": 24}}, {"predicate": "关联方", "object_type": "公司", "subject_type": "公司", "object": "香港鸿信行有限公司", "subject": "深圳市泰特保健品有限公司", "subject_index": {"begin": 0, "end": 12}, "object_index": {"begin": 30, "end": 39}}, {"predicate": "变更日期", "object_type": "日期", "subject_type": "公司", "object": "1997年10月20日", "subject": "香港鸿信行有限公司", "subject_index": {"begin": 55, "end": 64}, "object_index": {"begin": 39, "end": 50}}, {"predicate": "关联方", "object_type": "公司", "subject_type": "公司", "object": "深圳海滨制药有限公司", "subject": "焦作市九里山化工厂", "subject_index": {"begin": 64, "end": 73}, "object_index": {"begin": 88, "end": 98}}, {"predicate": "变更日期", "object_type": "日期", "subject_type": "公司", "object": "1999年11月8日", "subject": "焦作市九里山化工厂", "subject_index": {"begin": 64, "end": 73}, "object_index": {"begin": 73, "end": 83}}, {"predicate": "注册资本", "object_type": "金额", "subject_type": "日期", "object": "1000万元", "subject": "1999年11月8日", "subject_index": {"begin": 73, "end": 83}, "object_index": {"begin": 169, "end": 175}}]}
{"text": "深圳市能达医药发展有限公司成立于1991年6月24日原名称为宝安县龙岗医药公司主管部门为龙岗医药总公司1993年3月25日公司名称变更为深圳市龙岗区医药发展公司1998年5月19日公司股东变更为深圳市龙岗区医药总公司深圳市能达电力有限公司同时名称变更为深圳市能达医药发展有限公司2000年2月1日股东变更为深圳市能达电力有限公司深圳市鹿迪投资实业有限公司2000年3月3日股东变更为深圳市海滨制药有限公司深圳市泰特保健品有限公司目前本公司控股子公司深圳市泰特保健品有限公司对其持股10%另90%的股权由本公司控股子公司深圳市海滨制药有限公司持有本公司实际对其拥有100%的权益注册资本200万元公司自设立以来一直主要从事购销中药材中药饮片中成药化学制剂的业务", "spo_list": [{"predicate": "成立日期", "object_type": "日期", "subject_type": "公司", "object": "1991年6月24日", "subject": "深圳市能达医药发展有限公司", "subject_index": {"begin": 0, "end": 13}, "object_index": {"begin": 16, "end": 26}}, {"predicate": "关联方", "object_type": "公司", "subject_type": "公司", "object": "宝安县龙岗医药公司", "subject": "深圳市能达医药发展有限公司", "subject_index": {"begin": 0, "end": 13}, "object_index": {"begin": 30, "end": 39}}, {"predicate": "变更日期", "object_type": "日期", "subject_type": "公司", "object": "1993年3月25日", "subject": "深圳市龙岗区医药发展公司", "subject_index": {"begin": 68, "end": 80}, "object_index": {"begin": 51, "end": 61}}, {"predicate": "变更日期", "object_type": "日期", "subject_type": "公司", "object": "1998年5月19日", "subject": "深圳市龙岗区医药总公司", "subject_index": {"begin": 97, "end": 108}, "object_index": {"begin": 80, "end": 90}}, {"predicate": "关联方", "object_type": "公司", "subject_type": "公司", "object": "深圳市能达医药发展有限公司", "subject": "深圳市能达电力有限公司", "subject_index": {"begin": 108, "end": 119}, "object_index": {"begin": 126, "end": 139}}, {"predicate": "变更日期", "object_type": "日期", "subject_type": "公司", "object": "1998年5月19日", "subject": "深圳市能达电力有限公司", "subject_index": {"begin": 108, "end": 119}, "object_index": {"begin": 80, "end": 90}}, {"predicate": "变更日期", "object_type": "日期", "subject_type": "公司", "object": "2000年2月1日", "subject": "深圳市能达电力有限公司", "subject_index": {"begin": 153, "end": 164}, "object_index": {"begin": 139, "end": 148}}, {"predicate": "变更日期", "object_type": "日期", "subject_type": "公司", "object": "2000年3月3日", "subject": "深圳市鹿迪投资实业有限公司", "subject_index": {"begin": 164, "end": 177}, "object_index": {"begin": 177, "end": 186}}, {"predicate": "关联方", "object_type": "公司", "subject_type": "公司", "object": "深圳市海滨制药有限公司", "subject": "深圳市鹿迪投资实业有限公司", "subject_index": {"begin": 164, "end": 177}, "object_index": {"begin": 191, "end": 202}}, {"predicate": "关联方", "object_type": "公司", "subject_type": "公司", "object": "深圳市泰特保健品有限公司", "subject": "深圳市泰特保健品有限公司", "subject_index": {"begin": 202, "end": 214}, "object_index": {"begin": 224, "end": 236}}, {"predicate": "注册资本", "object_type": "金额", "subject_type": "日期", "object": "200万元", "subject": "2000年3月3日", "subject_index": {"begin": 177, "end": 186}, "object_index": {"begin": 292, "end": 297}}]}
{"text": "董事长朱保国先生38岁大学本科工程师曾任河南新乡水性树脂研究所所长河南省飞龙精细化学制品有限公司副董事长总经理深圳爱迷尔食品有限公司副董事长兼总经理深圳太太保健食品有限公司副董事长兼总经理深圳太太药业有限公司董事长兼总经理现任本公司董事长", "spo_list": [{"predicate": "本科", "object_type": "学历", "subject_type": "人物", "object": "本科", "subject": "朱保国", "subject_index": {"begin": 3, "end": 6}, "object_index": {"begin": 13, "end": 15}}, {"predicate": "任职公司", "object_type": "公司", "subject_type": "人物", "object": "河南新乡水性树脂研究所", "subject": "朱保国", "subject_index": {"begin": 3, "end": 6}, "object_index": {"begin": 20, "end": 31}}, {"predicate": "任职公司", "object_type": "公司", "subject_type": "人物", "object": "河南省飞龙精细化学制品有限公司", "subject": "朱保国", "subject_index": {"begin": 3, "end": 6}, "object_index": {"begin": 33, "end": 48}}, {"predicate": "任职公司", "object_type": "公司", "subject_type": "人物", "object": "深圳爱迷尔食品有限公司", "subject": "朱保国", "subject_index": {"begin": 3, "end": 6}, "object_index": {"begin": 55, "end": 66}}, {"predicate": "任职公司", "object_type": "公司", "subject_type": "人物", "object": "深圳太太保健食品有限公司", "subject": "朱保国", "subject_index": {"begin": 3, "end": 6}, "object_index": {"begin": 74, "end": 86}}, {"predicate": "任职公司", "object_type": "公司", "subject_type": "人物", "object": "深圳太太药业有限公司", "subject": "朱保国", "subject_index": {"begin": 3, "end": 6}, "object_index": {"begin": 94, "end": 104}}]}
{"text": "副董事长刘广霞女士31岁大学专科曾任中央电视台深圳中视国际电视公司广告部经理深圳太太药业有限公司董事副总经理现任香港鸿信行有限公司董事长", "spo_list": [{"predicate": "大专", "object_type": "学历", "subject_type": "人物", "object": "专科", "subject": "刘广霞", "subject_index": {"begin": 4, "end": 7}, "object_index": {"begin": 14, "end": 16}}, {"predicate": "任职公司", "object_type": "公司", "subject_type": "人物", "object": "中央电视台深圳中视国际电视公司", "subject": "刘广霞", "subject_index": {"begin": 4, "end": 7}, "object_index": {"begin": 18, "end": 33}}, {"predicate": "任职公司", "object_type": "公司", "subject_type": "人物", "object": "深圳太太药业有限公司", "subject": "刘广霞", "subject_index": {"begin": 4, "end": 7}, "object_index": {"begin": 38, "end": 48}}, {"predicate": "任职公司", "object_type": "公司", "subject_type": "人物", "object": "香港鸿信行有限公司", "subject": "刘广霞", "subject_index": {"begin": 4, "end": 7}, "object_index": {"begin": 56, "end": 65}}]}
{"text": "董事朱保安先生35岁曾任河南飞龙精细化学制品有限公司副总经理现任本公司股东焦作市成功化学制品有限公司董事长", "spo_list": [{"predicate": "任职公司", "object_type": "公司", "subject_type": "人物", "object": "河南飞龙精细化学制品有限公司", "subject": "朱保安", "subject_index": {"begin": 2, "end": 5}, "object_index": {"begin": 12, "end": 26}}, {"predicate": "任职公司", "object_type": "公司", "subject_type": "人物", "object": "焦作市成功化学制品有限公司", "subject": "朱保安", "subject_index": {"begin": 2, "end": 5}, "object_index": {"begin": 37, "end": 50}}]}
{"text": "董事李长青先生41岁曾在河南省焦作市液压机械厂工作现任本公司股东深圳市国运鸿贸易有限公司执行董事", "spo_list": [{"predicate": "任职公司", "object_type": "公司", "subject_type": "人物", "object": "河南省焦作市液压机械厂", "subject": "李长青", "subject_index": {"begin": 2, "end": 5}, "object_index": {"begin": 12, "end": 23}}, {"predicate": "任职公司", "object_type": "公司", "subject_type": "人物", "object": "深圳市国运鸿贸易有限公司", "subject": "李长青", "subject_index": {"begin": 2, "end": 5}, "object_index": {"begin": 32, "end": 44}}]}
{"text": "独立董事甄秦安先生46岁1985年毕业于中国科技大学计算机科学技术系软件工程专业浙江大学管理系证券分析专业硕士研究生曾在中国康华实业有限公司任部门经理于1990年参加深圳证券交易所的筹建工作曾任总经理助理1993在人民银行深圳分行工作1994年出任由美国的投资银行—美林集团和建行深圳分行广东发展银行浙江证券和海南证券投资的深圳兆惠投资顾问有限公司董事兼总经理现任深圳市笃行投资顾问有限公司董事长", "spo_list": []}
{"text": "监事冯洁瑜女士40岁大学专科曾任广州南方李锦记中心物业部经理现任深圳市世纪星源运输实业有限公司办公室主任", "spo_list": [{"predicate": "大专", "object_type": "学历", "subject_type": "人物", "object": "专科", "subject": "冯洁瑜", "subject_index": {"begin": 2, "end": 5}, "object_index": {"begin": 12, "end": 14}}, {"predicate": "任职公司", "object_type": "公司", "subject_type": "人物", "object": "广州南方李锦记中心", "subject": "冯洁瑜", "subject_index": {"begin": 2, "end": 5}, "object_index": {"begin": 16, "end": 25}}, {"predicate": "任职公司", "object_type": "公司", "subject_type": "人物", "object": "深圳市世纪星源运输实业有限公司", "subject": "冯洁瑜", "subject_index": {"begin": 2, "end": 5}, "object_index": {"begin": 32, "end": 47}}]}
{"text": "副总经理冯开东先生32岁大学专科工程师曾任河南飞龙精细化学制品公司技术开发部经理深圳太太药业有限公司董事副总经理现任本公司副总经理", "spo_list": [{"predicate": "大专", "object_type": "学历", "subject_type": "人物", "object": "专科", "subject": "冯开东", "subject_index": {"begin": 4, "end": 7}, "object_index": {"begin": 14, "end": 16}}, {"predicate": "任职公司", "object_type": "公司", "subject_type": "人物", "object": "河南飞龙精细化学制品公司", "subject": "冯开东", "subject_index": {"begin": 4, "end": 7}, "object_index": {"begin": 21, "end": 33}}, {"predicate": "任职公司", "object_type": "公司", "subject_type": "人物", "object": "深圳太太药业有限公司", "subject": "冯开东", "subject_index": {"begin": 4, "end": 7}, "object_index": {"begin": 40, "end": 50}}]}
{"text": "副总经理顾悦悦女士50岁毕业于台湾大学曾任台湾联合利华公司服务部行销部新业务发展部经理在联合利华公司任职近17年在中美天津史克制药有限公司任市场部经理近4年1997年底任深圳太太药业有限公司董事副总经理兼市场总监现任本公司副总经理兼市场总监", "spo_list": [{"predicate": "毕业院校", "object_type": "学校", "subject_type": "人物", "object": "台湾大学", "subject": "顾悦悦", "subject_index": {"begin": 4, "end": 7}, "object_index": {"begin": 15, "end": 19}}, {"predicate": "任职公司", "object_type": "公司", "subject_type": "人物", "object": "台湾联合利华公司", "subject": "顾悦悦", "subject_index": {"begin": 4, "end": 7}, "object_index": {"begin": 21, "end": 29}}, {"predicate": "任职公司", "object_type": "公司", "subject_type": "人物", "object": "联合利华公司", "subject": "顾悦悦", "subject_index": {"begin": 4, "end": 7}, "object_index": {"begin": 44, "end": 50}}, {"predicate": "任职公司", "object_type": "公司", "subject_type": "人物", "object": "中美天津史克制药有限公司", "subject": "顾悦悦", "subject_index": {"begin": 4, "end": 7}, "object_index": {"begin": 57, "end": 69}}, {"predicate": "任职日期", "object_type": "日期", "subject_type": "人物", "object": "1997年底", "subject": "顾悦悦", "subject_index": {"begin": 4, "end": 7}, "object_index": {"begin": 78, "end": 84}}, {"predicate": "任职公司", "object_type": "公司", "subject_type": "人物", "object": "深圳太太药业有限公司", "subject": "顾悦悦", "subject_index": {"begin": 4, "end": 7}, "object_index": {"begin": 85, "end": 95}}]}
{"text": "本公司近几年来公司主营业务收入稳步增长1999年1998年1997年实现的销售收入分别为48,746.64万元39,052.96万元31,654.58万元年环比增长速度分别为24.82%和23.37%公司目前已进入良性发展的轨道各项主要经济指标位居国内同行业前列", "spo_list": [{"predicate": "营业收入", "object_type": "金额", "subject_type": "日期", "object": "48,746.64万元", "subject": "1999年", "subject_index": {"begin": 19, "end": 24}, "object_index": {"begin": 44, "end": 55}}, {"predicate": "营业收入", "object_type": "金额", "subject_type": "日期", "object": "39,052.96万元", "subject": "1998年", "subject_index": {"begin": 24, "end": 29}, "object_index": {"begin": 55, "end": 66}}, {"predicate": "营业收入", "object_type": "金额", "subject_type": "日期", "object": "31,654.58万元", "subject": "1997年", "subject_index": {"begin": 29, "end": 34}, "object_index": {"begin": 66, "end": 77}}]}
{"text": "1994年1月19日深圳爱迷尔食品有限公司更名为深圳太太保健食品有限公司1994年4月24日香港国丰国际发展有限公司将其持有的深圳太太保健食品有限公司36%的股权以30万美元的价格转让给香港鸿信行有限公司1994年10月8日北京市通大高技术公司将其持有的27%的股份以723.20万元的价格转让给香港鸿信行有限公司此次股权转让完成后的股本结构为:", "spo_list": [{"predicate": "变更日期", "object_type": "日期", "subject_type": "公司", "object": "1994年1月19日", "subject": "深圳爱迷尔食品有限公司", "subject_index": {"begin": 10, "end": 21}, "object_index": {"begin": 0, "end": 10}}, {"predicate": "关联方", "object_type": "公司", "subject_type": "公司", "object": "深圳爱迷尔食品有限公司", "subject": "深圳太太保健食品有限公司", "subject_index": {"begin": 24, "end": 36}, "object_index": {"begin": 10, "end": 21}}, {"predicate": "持有5%以上股份的主要股东", "object_type": "公司", "subject_type": "公司", "object": "深圳太太保健食品有限公司", "subject": "香港国丰国际发展有限公司", "subject_index": {"begin": 46, "end": 58}, "object_index": {"begin": 63, "end": 75}}, {"predicate": "关联方", "object_type": "公司", "subject_type": "公司", "object": "深圳太太保健食品有限公司", "subject": "香港国丰国际发展有限公司", "subject_index": {"begin": 46, "end": 58}, "object_index": {"begin": 63, "end": 75}}, {"predicate": "关联方", "object_type": "公司", "subject_type": "公司", "object": "香港鸿信行有限公司", "subject": "香港国丰国际发展有限公司", "subject_index": {"begin": 46, "end": 58}, "object_index": {"begin": 93, "end": 102}}, {"predicate": "持有5%以上股份的主要股东", "object_type": "公司", "subject_type": "公司", "object": "香港鸿信行有限公司", "subject": "香港国丰国际发展有限公司", "subject_index": {"begin": 46, "end": 58}, "object_index": {"begin": 93, "end": 102}}, {"predicate": "转让日期", "object_type": "日期", "subject_type": "公司", "object": "1994年4月24日", "subject": "香港国丰国际发展有限公司", "subject_index": {"begin": 46, "end": 58}, "object_index": {"begin": 36, "end": 46}}, {"predicate": "转让日期", "object_type": "日期", "subject_type": "公司", "object": "1994年10月8日", "subject": "北京市通大高技术公司", "subject_index": {"begin": 112, "end": 122}, "object_index": {"begin": 102, "end": 112}}, {"predicate": "关联方", "object_type": "公司", "subject_type": "公司", "object": "香港鸿信行有限公司", "subject": "北京市通大高技术公司", "subject_index": {"begin": 112, "end": 122}, "object_index": {"begin": 148, "end": 157}}, {"predicate": "持有5%以上股份的主要股东", "object_type": "公司", "subject_type": "公司", "object": "香港鸿信行有限公司", "subject": "北京市通大高技术公司", "subject_index": {"begin": 112, "end": 122}, "object_index": {"begin": 148, "end": 157}}]}
{"text": "2000年公司第一次股东大会决议以1999年底股本数为基数每10股送1股红股公司股本总额增加至目前的20108万股此次增资已经亚太集团会计师事务所亚会验字(2000)001号验资报告验证", "spo_list": [{"predicate": "股本", "object_type": "金额", "subject_type": "日期", "object": "20108万股", "subject": "2000年", "subject_index": {"begin": 0, "end": 5}, "object_index": {"begin": 50, "end": 57}}]}
{"text": "截止2000年10月31日本公司的短期借款为3.65亿元资产负债率约为69%公司短期偿债压力较大如公司生产经营情况发生较大的不利变化如市场占有率产品质量品牌影响力下降等从而影响到公司产品的正常销售和资金周转将影响到公司偿债能力有可能导致公司面临较大的财务风险", "spo_list": [{"predicate": "短期借款", "object_type": "金额", "subject_type": "日期", "object": "3.65亿元", "subject": "2000年10月31日", "subject_index": {"begin": 2, "end": 13}, "object_index": {"begin": 22, "end": 28}}, {"predicate": "资产负债率", "object_type": "日期", "subject_type": "比率", "object": "2000年10月31日", "subject": "69%", "subject_index": {"begin": 35, "end": 38}, "object_index": {"begin": 2, "end": 13}}]}
{"text": "伊贝沙坦是一种用于治疗高血压的西药二类新药与当前临床上常用的抗高血压药物相比伊贝沙坦的有效性好不良反应小是一种新型的抗高血压药物该药最早由Sanofi塞洛菲公司和BMS公司共同开发于1997年获欧盟批准作为一线抗高血压药在欧洲上市随即获准在美国上市受到广泛应用高血压是一种危害健康的常见病且患者终生不能离药我国到1997年底全国高血压患者约为1.3亿人并呈上升趋势占死因的百分比由1957年的10.07%上升到1998年的39.6%左右新型抗高血压类药物的市场潜力巨大", "spo_list": [{"predicate": "关联方", "object_type": "公司", "subject_type": "公司", "object": "BMS公司", "subject": "Sanofi塞洛菲公司", "subject_index": {"begin": 69, "end": 80}, "object_index": {"begin": 81, "end": 86}}]}
{"text": "1原公司前身深圳爱迷尔食品有限公司成立于1992年12月18日成立时注册资本为55万美元该出资已经深圳市宝安会计师事务所宝会外验字1993第023号验资报告验证", "spo_list": [{"predicate": "成立日期", "object_type": "日期", "subject_type": "公司", "object": "1992年12月18日", "subject": "深圳爱迷尔食品有限公司", "subject_index": {"begin": 6, "end": 17}, "object_index": {"begin": 20, "end": 31}}, {"predicate": "注册资本", "object_type": "金额", "subject_type": "日期", "object": "55万美元", "subject": "1992年12月18日", "subject_index": {"begin": 20, "end": 31}, "object_index": {"begin": 39, "end": 44}}, {"predicate": "关联方", "object_type": "公司", "subject_type": "公司", "object": "深圳市宝安会计师事务所", "subject": "深圳爱迷尔食品有限公司", "subject_index": {"begin": 6, "end": 17}, "object_index": {"begin": 49, "end": 60}}]}
{"text": "深圳太太药业有限公司变更为深圳太太药业股份有限公司前的注册资本和投入资本分别为30,000,000.00元和182,801,226.39元变更后的注册资本为182,800,000.00元根据我们的审验,截止1999年8月31日深圳太太药业有限公司将自身净资产折股变更为深圳太太药业股份有限公司变更后的投入资本总额为182,801,226.39元与变更前相同其中股本182,800,000.00元资本公积1,226.39元与上述变更后投入资本总额相关的资产总额为563,409,493.57元负债总额为380,608,267.18元", "spo_list": [{"predicate": "关联方", "object_type": "公司", "subject_type": "公司", "object": "深圳太太药业股份有限公司", "subject": "深圳太太药业有限公司", "subject_index": {"begin": 0, "end": 10}, "object_index": {"begin": 13, "end": 25}}, {"predicate": "总资产", "object_type": "金额", "subject_type": "日期", "object": "563,409,493.57元", "subject": "1999年8月31日", "subject_index": {"begin": 103, "end": 113}, "object_index": {"begin": 230, "end": 245}}, {"predicate": "总负债", "object_type": "金额", "subject_type": "日期", "object": "380,608,267.18元", "subject": "1999年8月31日", "subject_index": {"begin": 103, "end": 113}, "object_index": {"begin": 250, "end": 265}}, {"predicate": "资本公积", "object_type": "金额", "subject_type": "日期", "object": "1,226.39元", "subject": "1999年8月31日", "subject_index": {"begin": 103, "end": 113}, "object_index": {"begin": 201, "end": 210}}]}
{"text": "1994年1月19日经深圳爱迷尔食品有限公司董事会决议通过并经河南新乡国有资产管理局批准和深圳市工商行政管理局核准将河南新乡机床厂持有的64%的股份分别转让给焦作市九里山化工厂和北京市通大高技术公司公司更名为深圳太太保健食品有限公司此次股权转让完成后深圳太太保健食品有限公司的股东及持股比例为香港国丰国际发展有限公司持有36%的股份焦作市九里山化工厂持有37%的股份北京市通大高技术公司持有27%的股份公司主要从事太太口服液的生产和销售", "spo_list": [{"predicate": "会议召开日期", "object_type": "日期", "subject_type": "公司", "object": "1994年1月19日", "subject": "深圳爱迷尔食品有限公司", "subject_index": {"begin": 11, "end": 22}, "object_index": {"begin": 0, "end": 10}}, {"predicate": "关联方", "object_type": "公司", "subject_type": "公司", "object": "焦作市九里山化工厂", "subject": "河南新乡机床厂", "subject_index": {"begin": 58, "end": 65}, "object_index": {"begin": 79, "end": 88}}, {"predicate": "关联方", "object_type": "公司", "subject_type": "公司", "object": "北京市通大高技术公司", "subject": "河南新乡机床厂", "subject_index": {"begin": 58, "end": 65}, "object_index": {"begin": 89, "end": 99}}, {"predicate": "转让日期", "object_type": "日期", "subject_type": "公司", "object": "1994年1月19日", "subject": "河南新乡机床厂", "subject_index": {"begin": 58, "end": 65}, "object_index": {"begin": 0, "end": 10}}, {"predicate": "关联方", "object_type": "公司", "subject_type": "公司", "object": "香港国丰国际发展有限公司", "subject": "深圳太太保健食品有限公司", "subject_index": {"begin": 125, "end": 137}, "object_index": {"begin": 146, "end": 158}}, {"predicate": "持有5%以上股份的主要股东", "object_type": "公司", "subject_type": "公司", "object": "香港国丰国际发展有限公司", "subject": "深圳太太保健食品有限公司", "subject_index": {"begin": 125, "end": 137}, "object_index": {"begin": 146, "end": 158}}, {"predicate": "持有5%以上股份的主要股东", "object_type": "公司", "subject_type": "公司", "object": "焦作市九里山化工厂", "subject": "深圳太太保健食品有限公司", "subject_index": {"begin": 125, "end": 137}, "object_index": {"begin": 166, "end": 175}}, {"predicate": "关联方", "object_type": "公司", "subject_type": "公司", "object": "焦作市九里山化工厂", "subject": "深圳太太保健食品有限公司", "subject_index": {"begin": 125, "end": 137}, "object_index": {"begin": 166, "end": 175}}, {"predicate": "持有5%以上股份的主要股东", "object_type": "公司", "subject_type": "公司", "object": "北京市通大高技术公司", "subject": "深圳太太保健食品有限公司", "subject_index": {"begin": 125, "end": 137}, "object_index": {"begin": 183, "end": 193}}, {"predicate": "关联方", "object_type": "公司", "subject_type": "公司", "object": "北京市通大高技术公司", "subject": "深圳太太保健食品有限公司", "subject_index": {"begin": 125, "end": 137}, "object_index": {"begin": 183, "end": 193}}]}
{"text": "1995年1月18日经深圳太太保健食品有限公司董事会决议股东以1994年末未分配利润转增股本将公司注册资本从55万美元增至3000万元人民币该增资事项已经深圳市文武会计师事务所验证公司同时申请更名为深圳太太药业有限公司1995年7月4日完成了变更公司名称及注册资本的工商登记", "spo_list": [{"predicate": "会议召开日期", "object_type": "日期", "subject_type": "公司", "object": "1995年1月18日", "subject": "深圳太太保健食品有限公司", "subject_index": {"begin": 11, "end": 23}, "object_index": {"begin": 0, "end": 10}}, {"predicate": "注册资本", "object_type": "金额", "subject_type": "日期", "object": "3000万元人民币", "subject": "1995年1月18日", "subject_index": {"begin": 0, "end": 10}, "object_index": {"begin": 61, "end": 70}}, {"predicate": "变更日期", "object_type": "日期", "subject_type": "公司", "object": "1995年7月4日", "subject": "深圳太太药业有限公司", "subject_index": {"begin": 99, "end": 109}, "object_index": {"begin": 109, "end": 118}}, {"predicate": "关联方", "object_type": "公司", "subject_type": "公司", "object": "深圳市文武会计师事务所", "subject": "深圳太太保健食品有限公司", "subject_index": {"begin": 11, "end": 23}, "object_index": {"begin": 77, "end": 88}}]}
{"text": "1997年9月19日经深圳太太药业有限公司董事会决议通过并经主管部门批准香港鸿信行有限公司收购焦作市九里山化工厂持有的原公司36%的股权本次股权转让完成后原公司的股权结构为香港鸿信行有限公司持有原公司99%的股权焦作市九里山化工厂持有原公司1%的股权", "spo_list": [{"predicate": "会议召开日期", "object_type": "日期", "subject_type": "公司", "object": "1997年9月19日", "subject": "深圳太太药业有限公司", "subject_index": {"begin": 11, "end": 21}, "object_index": {"begin": 0, "end": 10}}, {"predicate": "关联方", "object_type": "公司", "subject_type": "公司", "object": "焦作市九里山化工厂", "subject": "香港鸿信行有限公司", "subject_index": {"begin": 36, "end": 45}, "object_index": {"begin": 47, "end": 56}}, {"predicate": "持有5%以上股份的主要股东", "object_type": "公司", "subject_type": "公司", "object": "香港鸿信行有限公司", "subject": "深圳太太药业有限公司", "subject_index": {"begin": 11, "end": 21}, "object_index": {"begin": 86, "end": 95}}, {"predicate": "关联方", "object_type": "公司", "subject_type": "公司", "object": "香港鸿信行有限公司", "subject": "深圳太太药业有限公司", "subject_index": {"begin": 11, "end": 21}, "object_index": {"begin": 86, "end": 95}}, {"predicate": "关联方", "object_type": "公司", "subject_type": "公司", "object": "焦作市九里山化工厂", "subject": "深圳太太药业有限公司", "subject_index": {"begin": 11, "end": 21}, "object_index": {"begin": 106, "end": 115}}]}
{"text": "1999年9月16日原公司股东大会通过决议决定根据公司法第九十九条规定的方式将原公司由有限责任公司变更为股份有限公司将原公司截至1999年8月31日经审计的净资产182,801,226.39元折为本公司股份182,800,000股余1226.39元作为资本公积,由原公司股东按其原出资的比例持有其中深圳市百业源实业有限公司持有66香港鸿信行有限公司持有25焦作市成功化学制品有限公司持有3深圳市千广汇计算机技术有限公司持有3深圳市国运鸿贸易有限公司持有3自1995年至1997年深圳太太药业有限公司的主要业务为太太口服液中成药的生产和销售1998年公司收购深圳海滨制药有限公司后公司主营业务增加了化学制药", "spo_list": [{"predicate": "股本", "object_type": "金额", "subject_type": "日期", "object": "182,800,000股", "subject": "1999年9月16日", "subject_index": {"begin": 0, "end": 10}, "object_index": {"begin": 103, "end": 115}}, {"predicate": "资本公积", "object_type": "金额", "subject_type": "日期", "object": "1226.39元", "subject": "1999年9月16日", "subject_index": {"begin": 0, "end": 10}, "object_index": {"begin": 116, "end": 124}}]}
{"text": "1999年11月10日经深圳市人民政府深府1999197号文批准同意设立深圳太太药业股份有限公司本公司于1999年11月12日召开创立大会暨首届股东大会并于1999年11月24日在深圳市工商行政管理局完成变更登记", "spo_list": [{"predicate": "会议召开日期", "object_type": "日期", "subject_type": "公司", "object": "1999年11月12日", "subject": "深圳太太药业股份有限公司", "subject_index": {"begin": 36, "end": 48}, "object_index": {"begin": 52, "end": 63}}, {"predicate": "变更日期", "object_type": "日期", "subject_type": "公司", "object": "1999年11月24日", "subject": "深圳太太药业股份有限公司", "subject_index": {"begin": 36, "end": 48}, "object_index": {"begin": 78, "end": 89}}]}
{"text": "深圳市百业源实业有限公司成立于1999年1月21日注册地址深圳市福田区彩田路福建大厦24层注册资本为8,000万元法定代表人为刘广丽公司的股东为朱保国刘广霞其中朱保国占90%刘广霞占10%经营范围兴办实业国内商业物资供销业不含专营专控专卖商品公司资产状况截止1999年12月31日公司总资产为人民币837,695,124.27元净资产为人民币221,918,222.61元", "spo_list": [{"predicate": "成立日期", "object_type": "日期", "subject_type": "公司", "object": "1999年1月21日", "subject": "深圳市百业源实业有限公司", "subject_index": {"begin": 0, "end": 12}, "object_index": {"begin": 15, "end": 25}}, {"predicate": "总资产", "object_type": "金额", "subject_type": "日期", "object": "人民币837,695,124.27元", "subject": "1999年12月31日", "subject_index": {"begin": 129, "end": 140}, "object_index": {"begin": 146, "end": 164}}, {"predicate": "净资产账面价值", "object_type": "金额", "subject_type": "日期", "object": "人民币221,918,222.61", "subject": "1999年12月31日", "subject_index": {"begin": 129, "end": 140}, "object_index": {"begin": 168, "end": 185}}, {"predicate": "注册资本", "object_type": "金额", "subject_type": "日期", "object": "8,000万元", "subject": "1999年1月21日", "subject_index": {"begin": 15, "end": 25}, "object_index": {"begin": 50, "end": 57}}]}
{"text": "刘苗女63岁曾任职于河南焦作市液压机械厂现退休在家", "spo_list": [{"predicate": "任职公司", "object_type": "公司", "subject_type": "人物", "object": "河南焦作市液压机械厂", "subject": "刘苗", "subject_index": {"begin": 0, "end": 2}, "object_index": {"begin": 10, "end": 20}}]}
{"text": "朱保安男35岁现任本公司股东焦作市成功化学制品有限公司董事长并任本公司董事", "spo_list": [{"predicate": "任职公司", "object_type": "公司", "subject_type": "人物", "object": "股东焦作市成功化学制品有限公司", "subject": "朱保安", "subject_index": {"begin": 0, "end": 3}, "object_index": {"begin": 12, "end": 27}}]}
{"text": "2000年6月本公司与控股股东签订协议将公司持有的高尔夫俱乐部会员证以帐面价6,055,591.04元转让给控股股东深圳市百业源实业有限公司深圳市百业源实业有限公司以现金支付2000年7月本公司与控股股东签订协议将公司持有的深圳市福建大厦B座第24层的房产按照帐面价值4,566,160.33元转让给控股股东深圳市百业源实业有限公司深圳市百业源实业有限公司以现金支付", "spo_list": [{"predicate": "转让日期", "object_type": "日期", "subject_type": "公司", "object": "2000年6月", "subject": "深圳市百业源实业有限公司", "subject_index": {"begin": 58, "end": 70}, "object_index": {"begin": 0, "end": 7}}, {"predicate": "转让日期", "object_type": "日期", "subject_type": "公司", "object": "2000年7月", "subject": "深圳市百业源实业有限公司", "subject_index": {"begin": 154, "end": 166}, "object_index": {"begin": 87, "end": 94}}]}
{"text": "1999年8月本公司前身深圳太太药业有限公司及其子公司深圳泰特保健品有限公司分别自太太药业香港有限公司关联人控制的公司零价受让深圳海滨制药有限公司35%及5%的股权定价政策为双方协议价", "spo_list": [{"predicate": "关联方", "object_type": "公司", "subject_type": "公司", "object": "深圳泰特保健品有限公司", "subject": "深圳太太药业有限公司", "subject_index": {"begin": 12, "end": 22}, "object_index": {"begin": 27, "end": 38}}, {"predicate": "关联方", "object_type": "公司", "subject_type": "公司", "object": "深圳海滨制药有限公司", "subject": "深圳太太药业有限公司", "subject_index": {"begin": 12, "end": 22}, "object_index": {"begin": 63, "end": 73}}, {"predicate": "关联方", "object_type": "公司", "subject_type": "公司", "object": "深圳海滨制药有限公司", "subject": "深圳泰特保健品有限公司", "subject_index": {"begin": 27, "end": 38}, "object_index": {"begin": 63, "end": 73}}]}
{"text": "1999年8月27日经原公司董事会决议并经主管部门批准香港鸿信行有限公司分别向深圳市百业源实业有限公司深圳市千广汇计算机技术有限公司深圳市国运鸿贸易有限公司焦作市成功化学制品有限公司转让其在原公司65%3%3%和3%的股权焦作市九里山化工厂转让其在原公司1%的股权给深圳市百业源实业有限公司", "spo_list": [{"predicate": "关联方", "object_type": "公司", "subject_type": "公司", "object": "深圳市百业源实业有限公", "subject": "焦作市九里山化工厂", "subject_index": {"begin": 111, "end": 120}, "object_index": {"begin": 133, "end": 144}}, {"predicate": "关联方", "object_type": "公司", "subject_type": "公司", "object": "深圳市百业源实业有限公司", "subject": "香港鸿信行有限公司", "subject_index": {"begin": 27, "end": 36}, "object_index": {"begin": 39, "end": 51}}, {"predicate": "关联方", "object_type": "公司", "subject_type": "公司", "object": "深圳市千广汇计算机技术有限公司", "subject": "香港鸿信行有限公司", "subject_index": {"begin": 27, "end": 36}, "object_index": {"begin": 51, "end": 66}}, {"predicate": "关联方", "object_type": "公司", "subject_type": "公司", "object": "深圳市国运鸿贸易有限公司", "subject": "香港鸿信行有限公司", "subject_index": {"begin": 27, "end": 36}, "object_index": {"begin": 66, "end": 78}}, {"predicate": "关联方", "object_type": "公司", "subject_type": "公司", "object": "焦作市成功化学制品有限公司", "subject": "香港鸿信行有限公司", "subject_index": {"begin": 27, "end": 36}, "object_index": {"begin": 78, "end": 91}}]}
{"text": "收购深圳海滨制药有限公司深圳太太药业有限公司于1997年4月与广东省海外深圳有限公司签订股权转让协议受让其持有的深圳海滨制药有限公司60%的股权股权分两期转让其中第一期30%的股权在97年内完成转让价款为人民币8115万元1997年10月22日海滨公司完成本次股权转让的工商变更登记手续公司在97年底持有深圳海滨制药有限公司30%的股权未对其合并报表第二期30%的股权在98年6月完成转让价款为人民币8115万元98年6月19日海滨公司完成本次股权转让的工商变更登记手续公司在98年底持有深圳海滨制药有限公司60%的股权对其合并报表公司由此进入化学制药领域", "spo_list": [{"predicate": "关联方", "object_type": "公司", "subject_type": "公司", "object": "广东省海外深圳有限公司", "subject": "深圳太太药业有限公司", "subject_index": {"begin": 12, "end": 22}, "object_index": {"begin": 31, "end": 42}}, {"predicate": "关联方", "object_type": "公司", "subject_type": "公司", "object": "深圳太太药业有限公司", "subject": "深圳海滨制药有限公司", "subject_index": {"begin": 2, "end": 12}, "object_index": {"begin": 12, "end": 22}}, {"predicate": "持有5%以上股份的主要股东", "object_type": "公司", "subject_type": "公司", "object": "深圳太太药业有限公司", "subject": "深圳海滨制药有限公司", "subject_index": {"begin": 2, "end": 12}, "object_index": {"begin": 12, "end": 22}}, {"predicate": "转让日期", "object_type": "日期", "subject_type": "公司", "object": "1997年4", "subject": "深圳太太药业有限公司", "subject_index": {"begin": 12, "end": 22}, "object_index": {"begin": 23, "end": 29}}, {"predicate": "变更日期", "object_type": "日期", "subject_type": "公司", "object": "1997年10月22日", "subject": "海滨公司", "subject_index": {"begin": 122, "end": 126}, "object_index": {"begin": 111, "end": 122}}, {"predicate": "变更日期", "object_type": "日期", "subject_type": "公司", "object": "98年6月19日", "subject": "海滨公司", "subject_index": {"begin": 214, "end": 218}, "object_index": {"begin": 206, "end": 214}}]}
{"text": "目前本公司持有深圳海滨制药有限公司95%的股权本公司控股子公司深圳泰特保健品有限公司持有深圳海滨制药有限公司5%的股权", "spo_list": [{"predicate": "持有5%以上股份的主要股东", "object_type": "公司", "subject_type": "公司", "object": "深圳海滨制药有限公司", "subject": "深圳泰特保健品有限公司", "subject_index": {"begin": 31, "end": 42}, "object_index": {"begin": 44, "end": 54}}, {"predicate": "关联方", "object_type": "公司", "subject_type": "公司", "object": "深圳海滨制药有限公司", "subject": "深圳泰特保健品有限公司", "subject_index": {"begin": 31, "end": 42}, "object_index": {"begin": 44, "end": 54}}]}
{"text": "收购深圳市能达医药发展有限公司2000年1月深圳市能达电力有限公司深圳市鹿迪投资实业有限公司深圳市海滨制药有限公司深圳市泰特保健品有限公司四方签订股权转让合同书约定由深圳市海滨制药有限公司从深圳能达电力有限公司收购深圳市能达医药发展有限公司90%的股权股权转让价格为人民币184.5万元本公司控股子公司深圳市泰特保健品有限公司向深圳市鹿迪投资实业有限公司收购深圳市能达医药发展有限公司10%的股权转让价格为人民币20.5万元2000年3月3日能达公司完成本次股权转让的工商变更登记手续", "spo_list": [{"predicate": "关联方", "object_type": "公司", "subject_type": "公司", "object": "深圳能达电力有限公司", "subject": "深圳市海滨制药有限公司", "subject_index": {"begin": 83, "end": 94}, "object_index": {"begin": 95, "end": 105}}, {"predicate": "关联方", "object_type": "公司", "subject_type": "公司", "object": "深圳市能达医药发展有限公司", "subject": "深圳市海滨制药有限公司", "subject_index": {"begin": 83, "end": 94}, "object_index": {"begin": 107, "end": 120}}, {"predicate": "关联方", "object_type": "公司", "subject_type": "公司", "object": "深圳市鹿迪投资实业有限公司", "subject": "深圳市泰特保健品有限公司", "subject_index": {"begin": 151, "end": 163}, "object_index": {"begin": 164, "end": 177}}, {"predicate": "关联方", "object_type": "公司", "subject_type": "公司", "object": "深圳市能达医药发展有限公司", "subject": "深圳市泰特保健品有限公司", "subject_index": {"begin": 151, "end": 163}, "object_index": {"begin": 179, "end": 192}}]}
{"text": "收购深圳市泰特保健品有限公司1999年8月香港鸿信行有限公司焦作市九里山化工厂深圳太太药业有限公司深圳海滨制药有限公司四方签定股权转让协议书约定深圳太太药业有限公司以950万元的价格从香港鸿信行有限公司受让其持有的深圳市泰特保健品有限公司95%的股权深圳海滨制药有限公司以40万元的价格从香港鸿信行有限公司受让4%的股权以10万元的价格从焦作市九里山化工厂受让1%的股权1999年11月8日泰特公司完成本次股权转让的工商变更登记手续", "spo_list": [{"predicate": "转让日期", "object_type": "日期", "subject_type": "公司", "object": "1999年8月", "subject": "深圳太太药业有限公司", "subject_index": {"begin": 72, "end": 82}, "object_index": {"begin": 14, "end": 21}}, {"predicate": "关联方", "object_type": "公司", "subject_type": "公司", "object": "深圳市泰特保健品有限公司", "subject": "香港鸿信行有限公司", "subject_index": {"begin": 92, "end": 101}, "object_index": {"begin": 107, "end": 119}}, {"predicate": "持有5%以上股份的主要股东", "object_type": "公司", "subject_type": "公司", "object": "深圳市泰特保健品有限公司", "subject": "香港鸿信行有限公司", "subject_index": {"begin": 92, "end": 101}, "object_index": {"begin": 107, "end": 119}}, {"predicate": "关联方", "object_type": "公司", "subject_type": "公司", "object": "深圳市泰特保健品有限公司", "subject": "深圳太太药业有限公司", "subject_index": {"begin": 72, "end": 82}, "object_index": {"begin": 107, "end": 119}}, {"predicate": "关联方", "object_type": "公司", "subject_type": "公司", "object": "香港鸿信行有限公司", "subject": "深圳海滨制药有限公司", "subject_index": {"begin": 125, "end": 135}, "object_index": {"begin": 144, "end": 153}}, {"predicate": "关联方", "object_type": "公司", "subject_type": "公司", "object": "焦作市九里山化工厂", "subject": "深圳海滨制药有限公司", "subject_index": {"begin": 125, "end": 135}, "object_index": {"begin": 169, "end": 178}}, {"predicate": "变更日期", "object_type": "日期", "subject_type": "公司", "object": "1999年11月8日", "subject": "泰特公司", "subject_index": {"begin": 195, "end": 199}, "object_index": {"begin": 185, "end": 195}}]}
{"text": "本次变更是根据公司法第九十九条规定由深圳市百业源实业有限公司香港鸿信行有限公司深圳市千广汇计算机技术有限公司深圳市国运鸿贸易有限公司焦作市成功化学制品有限公司五家原公司股东将原公司由有限公司依法变更为股份有限公司将原公司截至1999年8月31日经审计的净资产182,801,226.39元折为法人股份182,800,000股余1226.39元作为资本公积,由原公司股东按原出资比例持有", "spo_list": [{"predicate": "股本", "object_type": "金额", "subject_type": "日期", "object": "182,801,226.39元", "subject": "1999年8月31日", "subject_index": {"begin": 112, "end": 122}, "object_index": {"begin": 129, "end": 144}}, {"predicate": "资本公积", "object_type": "金额", "subject_type": "日期", "object": "1226.39元", "subject": "1999年8月31日", "subject_index": {"begin": 112, "end": 122}, "object_index": {"begin": 163, "end": 171}}]}
{"text": "深圳市海滨制药有限公司为本公司从事化学制药业务的实际经营实体成立于1989年8月22日设立时公司股东为深圳海滨实业公司北京四环科技开发公司香港兴亮有限公司1992年12月4日股东变更为北京四环科技开发公司美洲香港国际有限公司深圳海滨实业公司1993年9月8日股东变更为北京四环科技开发公司广东海外经济贸易深圳公司深圳市海滨物业发展公司1995年1月20日股东变更为北京四环科技开发公司广东海外经济贸易深圳公司深圳市三洲物业发展公司1996年4月25日股东变更为广东省海外深圳有限公司美洲香港国际有限公司1997年10月22日股东变更为广东省海外深圳有限公司深圳太太药业有限公司太太药业香港有限公司1998年6月19日股东变更为深圳太太药业有限公司太太药业香港有限公司1999年11月8日股东变更为深圳太太药业有限公司深圳泰特保健品有限公司本公司目前对其控股95%另5%的股权由本公司控股95%的深圳市泰特保健品有限公司持有本公司实际对其拥有100%的权益注册资本5,500万元法人代表朱保国海滨公司自设立以来一直从事生产经营化学药品原料和制剂的业务目前主要从事生产经营化学药品原料和制剂生物制品和中成药加工主要产品有舒氨西林海舒必安西林阿莫西林等", "spo_list": [{"predicate": "成立日期", "object_type": "日期", "subject_type": "公司", "object": "1989年8月22日", "subject": "深圳市海滨制药有限公司", "subject_index": {"begin": 0, "end": 11}, "object_index": {"begin": 33, "end": 43}}, {"predicate": "关联方", "object_type": "公司", "subject_type": "公司", "object": "深圳市海滨制药有限公司", "subject": "深圳海滨实业公司", "subject_index": {"begin": 51, "end": 59}, "object_index": {"begin": 0, "end": 11}}, {"predicate": "关联方", "object_type": "公司", "subject_type": "公司", "object": "深圳市海滨制药有限公司", "subject": "北京四环科技开发公司", "subject_index": {"begin": 59, "end": 69}, "object_index": {"begin": 0, "end": 11}}, {"predicate": "关联方", "object_type": "公司", "subject_type": "公司", "object": "深圳市海滨制药有限公司", "subject": "北京四环科技开发公司", "subject_index": {"begin": 92, "end": 102}, "object_index": {"begin": 0, "end": 11}}, {"predicate": "变更日期", "object_type": "日期", "subject_type": "公司", "object": "1992年12月4日", "subject": "深圳市海滨制药有限公司", "subject_index": {"begin": 0, "end": 11}, "object_index": {"begin": 77, "end": 87}}, {"predicate": "关联方", "object_type": "公司", "subject_type": "公司", "object": "深圳市海滨制药有限公司", "subject": "美洲香港国际有限公司", "subject_index": {"begin": 102, "end": 112}, "object_index": {"begin": 0, "end": 11}}, {"predicate": "关联方", "object_type": "公司", "subject_type": "公司", "object": "深圳海滨实业公司", "subject": "深圳市海滨制药有限公司", "subject_index": {"begin": 0, "end": 11}, "object_index": {"begin": 112, "end": 120}}, {"predicate": "变更日期", "object_type": "日期", "subject_type": "公司", "object": "1993年9月8日", "subject": "深圳市海滨制药有限公司", "subject_index": {"begin": 0, "end": 11}, "object_index": {"begin": 120, "end": 129}}, {"predicate": "关联方", "object_type": "公司", "subject_type": "公司", "object": "深圳市海滨制药有限公司", "subject": "香港兴亮有限公司", "subject_index": {"begin": 69, "end": 77}, "object_index": {"begin": 0, "end": 11}}, {"predicate": "关联方", "object_type": "公司", "subject_type": "公司", "object": "广东海外经济贸易深圳公司", "subject": "深圳市海滨制药有限公司", "subject_index": {"begin": 0, "end": 11}, "object_index": {"begin": 144, "end": 156}}, {"predicate": "关联方", "object_type": "公司", "subject_type": "公司", "object": "深圳市海滨物业发展公司", "subject": "深圳市海滨制药有限公司", "subject_index": {"begin": 0, "end": 11}, "object_index": {"begin": 156, "end": 167}}, {"predicate": "变更日期", "object_type": "日期", "subject_type": "公司", "object": "1995年1月20日", "subject": "深圳市海滨制药有限公司", "subject_index": {"begin": 0, "end": 11}, "object_index": {"begin": 167, "end": 177}}, {"predicate": "关联方", "object_type": "公司", "subject_type": "公司", "object": "深圳市海滨制药有限公司", "subject": "深圳市三洲物业发展公司", "subject_index": {"begin": 204, "end": 215}, "object_index": {"begin": 0, "end": 11}}, {"predicate": "变更日期", "object_type": "日期", "subject_type": "公司", "object": "1996年4月25日", "subject": "深圳市海滨制药有限公司", "subject_index": {"begin": 0, "end": 11}, "object_index": {"begin": 215, "end": 225}}, {"predicate": "关联方", "object_type": "公司", "subject_type": "公司", "object": "广东省海外深圳有限公司", "subject": "深圳市海滨制药有限公司", "subject_index": {"begin": 0, "end": 11}, "object_index": {"begin": 230, "end": 241}}, {"predicate": "变更日期", "object_type": "日期", "subject_type": "公司", "object": "1997年10月22日", "subject": "深圳市海滨制药有限公司", "subject_index": {"begin": 0, "end": 11}, "object_index": {"begin": 251, "end": 262}}, {"predicate": "关联方", "object_type": "公司", "subject_type": "公司", "object": "深圳市海滨制药有限公司", "subject": "深圳太太药业有限公司", "subject_index": {"begin": 278, "end": 288}, "object_index": {"begin": 0, "end": 11}}, {"predicate": "关联方", "object_type": "公司", "subject_type": "公司", "object": "太太药业香港有限公司", "subject": "深圳市海滨制药有限公司", "subject_index": {"begin": 0, "end": 11}, "object_index": {"begin": 288, "end": 298}}, {"predicate": "变更日期", "object_type": "日期", "subject_type": "公司", "object": "1998年6月19日", "subject": "深圳市海滨制药有限公司", "subject_index": {"begin": 0, "end": 11}, "object_index": {"begin": 298, "end": 308}}, {"predicate": "变更日期", "object_type": "日期", "subject_type": "公司", "object": "1999年11月8日", "subject": "深圳市海滨制药有限公司", "subject_index": {"begin": 0, "end": 11}, "object_index": {"begin": 333, "end": 343}}, {"predicate": "持有5%以上股份的主要股东", "object_type": "公司", "subject_type": "公司", "object": "深圳市海滨制药有限公司", "subject": "深圳泰特保健品有限公司", "subject_index": {"begin": 358, "end": 369}, "object_index": {"begin": 0, "end": 11}}, {"predicate": "关联方", "object_type": "公司", "subject_type": "公司", "object": "深圳泰特保健品有限公司", "subject": "深圳市海滨制药有限公司", "subject_index": {"begin": 0, "end": 11}, "object_index": {"begin": 358, "end": 369}}]}
{"text": "董事曹平伟先生41岁大学专科会计师曾任河南新乡机床厂财务处副处长深圳太太药业有限公司董事副总经理兼财务总监现任本公司董事副总经理兼财务负责人", "spo_list": [{"predicate": "大专", "object_type": "学历", "subject_type": "人物", "object": "专科", "subject": "曹平伟", "subject_index": {"begin": 2, "end": 5}, "object_index": {"begin": 12, "end": 14}}, {"predicate": "任职公司", "object_type": "公司", "subject_type": "人物", "object": "河南新乡机床厂", "subject": "曹平伟", "subject_index": {"begin": 2, "end": 5}, "object_index": {"begin": 19, "end": 26}}, {"predicate": "任职公司", "object_type": "公司", "subject_type": "人物", "object": "深圳太太药业有限公司", "subject": "曹平伟", "subject_index": {"begin": 2, "end": 5}, "object_index": {"begin": 32, "end": 42}}]}
{"text": "独立董事侯惠民先生60岁1963年毕业于上海第一医学院药学系1990年获日本北海道医疗大学博士学位现在上海医药工业研究院从事药物制剂研究是我国最早研究控缓释制剂的学者之一获各项奖励8项在国内外发表论文七十余篇1990年被授予上海市科技精英称号1996年当选中国工程院院士", "spo_list": [{"predicate": "毕业院校", "object_type": "学校", "subject_type": "人物", "object": "上海第一医学院", "subject": "侯惠民", "subject_index": {"begin": 4, "end": 7}, "object_index": {"begin": 20, "end": 27}}, {"predicate": "毕业院校", "object_type": "学校", "subject_type": "人物", "object": "日本北海道医疗大学", "subject": "侯惠民", "subject_index": {"begin": 4, "end": 7}, "object_index": {"begin": 36, "end": 45}}, {"predicate": "任职公司", "object_type": "公司", "subject_type": "人物", "object": "上海医药工业研究院", "subject": "侯惠民", "subject_index": {"begin": 4, "end": 7}, "object_index": {"begin": 51, "end": 60}}]}
{"text": "监事会召集人吴峻先生28岁大学本科律师现任职于深圳市百业源实业有限公司法律部", "spo_list": [{"predicate": "本科", "object_type": "学历", "subject_type": "人物", "object": "本科", "subject": "吴峻", "subject_index": {"begin": 6, "end": 8}, "object_index": {"begin": 15, "end": 17}}, {"predicate": "任职公司", "object_type": "公司", "subject_type": "人物", "object": "深圳市百业源实业有限公司", "subject": "吴峻", "subject_index": {"begin": 6, "end": 8}, "object_index": {"begin": 23, "end": 35}}]}
{"text": "监事余孝云先生31岁大学本科曾在河南中医药研究院工作现任本公司质保部副经理", "spo_list": [{"predicate": "本科", "object_type": "学历", "subject_type": "人物", "object": "本科", "subject": "余孝云", "subject_index": {"begin": 2, "end": 5}, "object_index": {"begin": 12, "end": 14}}, {"predicate": "任职公司", "object_type": "公司", "subject_type": "人物", "object": "河南中医药研究院", "subject": "余孝云", "subject_index": {"begin": 2, "end": 5}, "object_index": {"begin": 16, "end": 24}}]}
{"text": "总经理王小滨先生46岁大学专科曾任广州市工商局东山分局专管员亨氏联合有限公司销售经理李锦记广州食品有限公司营销经理南京英之杰发展有限公司商务经理有18年的市场营销管理经验1996年开始任深圳太太药业有限公司董事副总经理兼销售总监现任本公司总经理", "spo_list": [{"predicate": "大专", "object_type": "学历", "subject_type": "人物", "object": "专科", "subject": "王小滨", "subject_index": {"begin": 3, "end": 6}, "object_index": {"begin": 13, "end": 15}}, {"predicate": "任职公司", "object_type": "公司", "subject_type": "人物", "object": "广州市工商局东山分局", "subject": "王小滨", "subject_index": {"begin": 3, "end": 6}, "object_index": {"begin": 17, "end": 27}}, {"predicate": "任职公司", "object_type": "公司", "subject_type": "人物", "object": "亨氏联合有限公司", "subject": "王小滨", "subject_index": {"begin": 3, "end": 6}, "object_index": {"begin": 30, "end": 38}}, {"predicate": "任职公司", "object_type": "公司", "subject_type": "人物", "object": "李锦记广州食品有限公司", "subject": "王小滨", "subject_index": {"begin": 3, "end": 6}, "object_index": {"begin": 42, "end": 53}}, {"predicate": "任职公司", "object_type": "公司", "subject_type": "人物", "object": "南京英之杰发展有限公司", "subject": "王小滨", "subject_index": {"begin": 3, "end": 6}, "object_index": {"begin": 57, "end": 68}}, {"predicate": "任职日期", "object_type": "日期", "subject_type": "人物", "object": "1996年开始", "subject": "王小滨", "subject_index": {"begin": 3, "end": 6}, "object_index": {"begin": 85, "end": 92}}, {"predicate": "任职公司", "object_type": "公司", "subject_type": "人物", "object": "深圳太太药业有限公司", "subject": "王小滨", "subject_index": {"begin": 3, "end": 6}, "object_index": {"begin": 93, "end": 103}}]}
{"text": "副总经理张锡生先生40岁大学本科主治医师曾任武汉市第四医院医师中美天津史克制药有限公司湖北及江西地区销售经理上海罗氏制药有限公司湖北地区销售经理深圳海滨制药有限公司中南区销售经理深圳太太药业有限公司全国医药销售经理全国医药销售总监现任本公司副总经理分管处方药销售工作", "spo_list": [{"predicate": "本科", "object_type": "学历", "subject_type": "人物", "object": "本科", "subject": "张锡", "subject_index": {"begin": 4, "end": 6}, "object_index": {"begin": 14, "end": 16}}, {"predicate": "任职公司", "object_type": "公司", "subject_type": "人物", "object": "武汉市第四医院", "subject": "张锡", "subject_index": {"begin": 4, "end": 6}, "object_index": {"begin": 22, "end": 29}}, {"predicate": "任职公司", "object_type": "公司", "subject_type": "人物", "object": "中美天津史克制药有限公司", "subject": "张锡", "subject_index": {"begin": 4, "end": 6}, "object_index": {"begin": 31, "end": 43}}, {"predicate": "任职公司", "object_type": "公司", "subject_type": "人物", "object": "上海罗氏制药有限公司", "subject": "张锡", "subject_index": {"begin": 4, "end": 6}, "object_index": {"begin": 54, "end": 64}}, {"predicate": "任职公司", "object_type": "公司", "subject_type": "人物", "object": "深圳海滨制药有限公司", "subject": "张锡", "subject_index": {"begin": 4, "end": 6}, "object_index": {"begin": 72, "end": 82}}, {"predicate": "任职公司", "object_type": "公司", "subject_type": "人物", "object": "深圳太太药业有限公司", "subject": "张锡", "subject_index": {"begin": 4, "end": 6}, "object_index": {"begin": 89, "end": 99}}]}
{"text": "本公司是由原公司深圳太太药业有限公司变更而来原公司之前身深圳爱迷尔食品有限公司成立于1992年12月18日成立时注册资本为55万美元该出资已经深圳市宝安会计师事务所宝会外验字(1993)第023号验资报告验证成立时的股本结构如下", "spo_list": [{"predicate": "关联方", "object_type": "公司", "subject_type": "公司", "object": "深圳爱迷尔食品有限公司", "subject": "深圳太太药业有限公司", "subject_index": {"begin": 8, "end": 18}, "object_index": {"begin": 28, "end": 39}}, {"predicate": "成立日期", "object_type": "日期", "subject_type": "公司", "object": "1992年12月18日", "subject": "深圳爱迷尔食品有限公司", "subject_index": {"begin": 28, "end": 39}, "object_index": {"begin": 42, "end": 53}}, {"predicate": "注册资本", "object_type": "金额", "subject_type": "日期", "object": "55万美元", "subject": "1992年12月18日", "subject_index": {"begin": 42, "end": 53}, "object_index": {"begin": 61, "end": 66}}, {"predicate": "关联方", "object_type": "公司", "subject_type": "公司", "object": "深圳市宝安会计师事务所", "subject": "深圳爱迷尔食品有限公司", "subject_index": {"begin": 28, "end": 39}, "object_index": {"begin": 71, "end": 82}}]}
{"text": "1999年8月16日香港鸿信行有限公司和焦作市九里山化工厂签订增资协议对原公司按其所持股权比例共追加投资额62,540,155.84元其中香港鸿信行有限公司以其持有的深圳市信兴广场地王商业中心23层的房产作价61,914,754.28元增资焦作市九里山化工厂以对原公司的应收股利625,401.56元增资公司股东用于增资的房产的公允价值经亚太资产评估事务所评估并经公司董事会确认本次增资事项已经深圳亚太会计师事务所深亚太验字199960号验资报告验证", "spo_list": [{"predicate": "关联方", "object_type": "公司", "subject_type": "公司", "object": "焦作市九里山化工厂", "subject": "香港鸿信行有限公司", "subject_index": {"begin": 10, "end": 19}, "object_index": {"begin": 20, "end": 29}}]}
{"text": "1999年8月27日香港鸿信行有限公司以零元的价格将原公司65%的股权转让给深圳市百业源实业有限公司以90万元的价格将原公司3%的股权转让给深圳市千广汇计算机技术有限公司以90万元的价格将原公司3%的股权转让给深圳市国运鸿贸易有限公司以90万元的价格将原公司3%的股权转让给焦作市成功化学制品有限公司焦作市九里山化工厂以30万元的价格将原公司1%的股权转让给深圳市百业源实业有限公司本次股权转让完成后原公司的股本结构为深圳市百业源实业有限公司持有66.00%的股份香港鸿信行有限公司持有25.00%的股份深圳市千广汇计算机技术有限公司持有3.00%的股份深圳市国运鸿贸易有限公司持有3.00%的股份焦作市成功化学制品有限公司持有3.00%的股份", "spo_list": []}
{"text": "1999年9月16日原公司股东大会通过决议决定根据[公司法]第九十九条的规定将原公司由有限公司变更为股份有限公司原公司截至1999年8月31日经审计的净资产总额为182,801,226.39元其中资本公积95,793,225.40元包括原公司股东在99年8月的增资额62,540,155.84元由于当时公司正在改制过程中且此次增资尚未办理工商变更登记手续因此该项增资暂列在资本公积科目原公司及其子公司深圳市泰特保健品有限公司在99年8月自太太药业香港有限公司零价受让的深圳市海滨制药有限公司40%的股权该项股权按权益法确定的价值为32,931,988.48元该项目亦列入资本公积年初资本公积金余额321,081.08元注册资本30,000,000元盈余公积54,257,338.58元系原公司在949596三年按规定提取的盈余公积的累计数未分配利润2,750,662.41元亚太集团会计师事务所有限公司以亚会审字199932号审计报告对原公司截止1999年8月31日的净资产情况进行了审计确认原公司经审计确认的净资产总额为182,801,226.39元按规定折为本公司股本182,800,000股余1226.39元作为资本公积亚太集团会计师事务所有限公司于1999年11月12日对本公司设立时的资本情况以亚会证验字(1999)5号验资报告验证本次变更后本公司股权结构为", "spo_list": [{"predicate": "净资产账面价值", "object_type": "金额", "subject_type": "日期", "object": "182,801,226.39元", "subject": "1999年8月31日", "subject_index": {"begin": 61, "end": 71}, "object_index": {"begin": 81, "end": 96}}, {"predicate": "资本公积", "object_type": "金额", "subject_type": "日期", "object": "95,793,225.40元", "subject": "1999年8月31日", "subject_index": {"begin": 61, "end": 71}, "object_index": {"begin": 102, "end": 116}}, {"predicate": "关联方", "object_type": "公司", "subject_type": "公司", "object": "深圳市海滨制药有限公司", "subject": "太太药业香港有限公司", "subject_index": {"begin": 219, "end": 229}, "object_index": {"begin": 234, "end": 245}}, {"predicate": "持有5%以上股份的主要股东", "object_type": "公司", "subject_type": "公司", "object": "深圳市海滨制药有限公司", "subject": "太太药业香港有限公司", "subject_index": {"begin": 219, "end": 229}, "object_index": {"begin": 234, "end": 245}}, {"predicate": "关联方", "object_type": "公司", "subject_type": "公司", "object": "深圳市海滨制药有限公司", "subject": "深圳市泰特保健品有限公司", "subject_index": {"begin": 200, "end": 212}, "object_index": {"begin": 234, "end": 245}}, {"predicate": "资本公积", "object_type": "金额", "subject_type": "日期", "object": "321,081.08元", "subject": "99年8月", "subject_index": {"begin": 213, "end": 218}, "object_index": {"begin": 298, "end": 309}}, {"predicate": "注册资本", "object_type": "金额", "subject_type": "日期", "object": "30,000,000元", "subject": "99年8月", "subject_index": {"begin": 213, "end": 218}, "object_index": {"begin": 313, "end": 324}}, {"predicate": "盈余公积", "object_type": "金额", "subject_type": "日期", "object": "54,257,338.58元", "subject": "99年8月", "subject_index": {"begin": 213, "end": 218}, "object_index": {"begin": 328, "end": 342}}, {"predicate": "未分配利润", "object_type": "金额", "subject_type": "日期", "object": "2,750,662.41元", "subject": "949596三年", "subject_index": {"begin": 347, "end": 355}, "object_index": {"begin": 374, "end": 387}}, {"predicate": "股本", "object_type": "金额", "subject_type": "日期", "object": "182,801,226.39元", "subject": "1999年8月31日", "subject_index": {"begin": 423, "end": 433}, "object_index": {"begin": 461, "end": 476}}, {"predicate": "资本公积", "object_type": "金额", "subject_type": "日期", "object": "1226.39元", "subject": "1999年8月31日", "subject_index": {"begin": 423, "end": 433}, "object_index": {"begin": 499, "end": 507}}]}
{"text": "21995年1月15日原公司前身深圳太太保健食品有限公司股东以1994年末未分配利润转增股本将注册资本从55万美金增至3000万元人民币该增资事项已经深圳市文武会计师事务所深文验资报字1995第005号验资报告验证", "spo_list": []}
{"text": "我们接受委托对深圳太太药业有限公司变更为深圳太太药业股份有限公司截至1999年8月31日止的注册资本投入资本情况的真实性合法性进行了审验在审验过程中我们按照独立审计实务公告第1号验资的要求实施了必要的审验程序深圳太太药业股份有限公司筹的责任是提供真实合法完整的验资资料保护资产的安全完整我们的责任是按照独立审计实务公告第1号验资的要求出具真实合法的验资报告", "spo_list": []}
{"text": "1993年9月5日河南新乡机床厂将其持有的深圳爱迷尔食品有限公司37%的股权以172.98万元的价格转让给焦作市九里山化工厂将其持有的27%的股权以126.23万元的价格转让给北京市通大高技术公司此次股权转让完成后的股本结构如下", "spo_list": [{"predicate": "投资收益", "object_type": "金额", "subject_type": "日期", "object": "172.98万元", "subject": "1993年9月5日", "subject_index": {"begin": 0, "end": 9}, "object_index": {"begin": 39, "end": 47}}, {"predicate": "投资收益", "object_type": "金额", "subject_type": "日期", "object": "126.23万元", "subject": "1993年9月5日", "subject_index": {"begin": 0, "end": 9}, "object_index": {"begin": 74, "end": 82}}]}
{"text": "公司1997年投资约14,000万元,新建中药生产基地采用九十年代最先进的生产设备建成符合GMP要求的生产线并于1998年通过国家医药管理局的GMP认证1997年1998年原公司分两次共收购深圳海滨制药有限公司60%的股权1999年8月原公司零价受让太太香港有限公司所持深圳海滨制药有限公司35%的股权由此本公司进入化学制药领域拓展了公司的业务范围", "spo_list": [{"predicate": "主营业务成本", "object_type": "金额", "subject_type": "日期", "object": "14,000万元", "subject": "1997年", "subject_index": {"begin": 2, "end": 7}, "object_index": {"begin": 10, "end": 18}}]}
{"text": "本公司目前主导产品口服液系列产品系保健品公司具有产品的自主定价权因此不受国家药品降价政策的影响本公司下属子公司深圳海滨制药有限公司受国家政策影响需降价的药品主要是抗生素类原料药及制剂包括舒氨西林安西林阿莫西林绞股蓝等其中舒氨西林0.75克降价前销售价为19.24元/支降价后实际售价为18.44元/支舒氨西林1.5G降价前销售价为38.43元/支降价后实际售价为35.29元/支舒氨西林3克降价前销售价为71.10元/支降价后实际售价为69.63元/支安西林降价前销售价为10.50元/支降价后实际售价为7.31元/支阿莫西林降价前销售价为7.63元/支降价后实际售价为7.01元/支绞股蓝60粒降价前销售价为7.50元/瓶降价后实际售价为7.17元/瓶由于药品降价因素的影响预计公司2000年主营业务收入将减少约1,400万元相应减少主营业务利润约1,200万元短期来看药品降价对公司经营造成了一定的负面影响但长远来看由于药品价格的下调将会在一定程度上刺激市场对降价药品的需求量需求的扩大有利于公司增加该等药品的销售量同时药品降价将促进公司调整产品结构加大技术改造和技术创新力度降低产品的生产成本从而降低药品降价对公司生产经营的负面影响", "spo_list": [{"predicate": "主营业务收入", "object_type": "金额", "subject_type": "日期", "object": "1,400万元", "subject": "2000年", "subject_index": {"begin": 342, "end": 347}, "object_index": {"begin": 357, "end": 364}}, {"predicate": "营业利润", "object_type": "金额", "subject_type": "日期", "object": "1,200万元", "subject": "2000年", "subject_index": {"begin": 342, "end": 347}, "object_index": {"begin": 375, "end": 382}}]}
{"text": "1995年7月4日深圳太太保健食品有限公司更名为深圳太太药业有限公司1997年9月19日焦作市九里山化工厂将其持有的深圳太太药业有限公司36%的股权以1500万元的价格转让给香港鸿信行有限公司本次股权转让完成后公司的股权结构为", "spo_list": [{"predicate": "变更日期", "object_type": "日期", "subject_type": "公司", "object": "1995年7月4日", "subject": "深圳太太保健食品有限公司", "subject_index": {"begin": 9, "end": 21}, "object_index": {"begin": 0, "end": 9}}, {"predicate": "关联方", "object_type": "公司", "subject_type": "公司", "object": "深圳太太保健食品有限公司", "subject": "焦作市九里山化工厂", "subject_index": {"begin": 44, "end": 53}, "object_index": {"begin": 9, "end": 21}}, {"predicate": "盈余公积", "object_type": "金额", "subject_type": "日期", "object": "1500万元", "subject": "1997年9月19日", "subject_index": {"begin": 34, "end": 44}, "object_index": {"begin": 75, "end": 81}}, {"predicate": "关联方", "object_type": "公司", "subject_type": "公司", "object": "深圳太太药业有限公司", "subject": "深圳太太保健食品有限公司", "subject_index": {"begin": 9, "end": 21}, "object_index": {"begin": 24, "end": 34}}]}
