{"text": "1997年，公司将96年度的税后可分配利润44,150,966元用于送红股，同时将各股东于1996年5月按比例投入公司用于技术改造的货币资金1,300万元折成12,380,798股股份(其余619,202元计入资本公积)，两项累计折股为56,531,764股，公司总股本从原来的43,203,400股增加到99,735,164股，该次增资由浙证委[1997]95号文批复同意。此次增资中的44,150,966元为用1996年利润送红股，1,300万元为股东投入公司用于技术改造的货币资金。", "spo_list": [{"predicate": "货币资金", "object_type": "金额", "subject_type": "日期", "object": "1,300万元", "subject": "1996年5月", "subject_index": {"begin": 45, "end": 52}, "object_index": {"begin": 70, "end": 77}}, {"predicate": "资本公积", "object_type": "金额", "subject_type": "日期", "object": "619,202元", "subject": "1996年5月", "subject_index": {"begin": 45, "end": 52}, "object_index": {"begin": 95, "end": 103}}]}
{"text": "叶小根先生，52岁，高中，工程师，一级项目经理。1972年在浙江黄岩市政工程公司参加工作，曾任该公司副总经理。1995年至今，任本公司副董事长、副总经理。", "spo_list": [{"predicate": "任职日期", "object_type": "日期", "subject_type": "人物", "object": "1972年", "subject": "叶小根", "subject_index": {"begin": 0, "end": 3}, "object_index": {"begin": 24, "end": 29}}, {"predicate": "任职日期", "object_type": "日期", "subject_type": "人物", "object": "1995年至今", "subject": "叶小根", "subject_index": {"begin": 0, "end": 3}, "object_index": {"begin": 55, "end": 62}}]}
{"text": "叶林富先生，36岁，研究生，工程师，一级项目经理。1985年参加工作，曾任浙江黄岩市政工程公司副经理，1995年至今任本公司董事、副总经理、总经理。现任公司董事、总经理，是浙江省台州市第二届人民代表大会代表、浙江省青年企业家联合会副理事长。", "spo_list": [{"predicate": "研究生", "object_type": "学历", "subject_type": "人物", "object": "研究生", "subject": "叶林富", "subject_index": {"begin": 0, "end": 3}, "object_index": {"begin": 10, "end": 13}}, {"predicate": "任职公司", "object_type": "公司", "subject_type": "人物", "object": "浙江黄岩市政工程公司", "subject": "叶林富", "subject_index": {"begin": 0, "end": 3}, "object_index": {"begin": 37, "end": 47}}, {"predicate": "任职日期", "object_type": "日期", "subject_type": "人物", "object": "1995年至今", "subject": "叶林富", "subject_index": {"begin": 0, "end": 3}, "object_index": {"begin": 51, "end": 58}}]}
{"text": "陈华才先生，54岁，高中，工程师，一级项目经理。1972年在浙江黄岩市政工程公司参加工作，1995年至今任本公司董事。", "spo_list": [{"predicate": "任职日期", "object_type": "日期", "subject_type": "人物", "object": "1972年", "subject": "陈华才", "subject_index": {"begin": 0, "end": 3}, "object_index": {"begin": 24, "end": 29}}, {"predicate": "任职公司", "object_type": "公司", "subject_type": "人物", "object": "浙江黄岩市政工程公司", "subject": "陈华才", "subject_index": {"begin": 0, "end": 3}, "object_index": {"begin": 30, "end": 40}}, {"predicate": "任职日期", "object_type": "日期", "subject_type": "人物", "object": "1995年至今", "subject": "陈华才", "subject_index": {"begin": 0, "end": 3}, "object_index": {"begin": 45, "end": 52}}]}
{"text": "朱武祥先生，37岁，经济学博士，历任清华大学经济管理学院经济系助教、金融系讲师、副教授，曾到美国麻省理工学院斯隆管理学院做访问学者半年，现任清华大学公司财务与投资银行学副教授，经济管理学院金融系副主任。2002年2月18日起任本公司独立董事。", "spo_list": [{"predicate": "任职日期", "object_type": "日期", "subject_type": "人物", "object": "2002年2月18日起", "subject": "朱武祥", "subject_index": {"begin": 0, "end": 3}, "object_index": {"begin": 101, "end": 112}}]}
{"text": "叶洋增先生，47岁，高中，工程师，一级项目经理。1972年在浙江黄岩市政工程公司参加工作，曾任本公司董事、物资部负责人。现任本公司监事长。", "spo_list": [{"predicate": "任职日期", "object_type": "日期", "subject_type": "人物", "object": "1972年", "subject": "叶洋增", "subject_index": {"begin": 0, "end": 3}, "object_index": {"begin": 24, "end": 29}}, {"predicate": "任职公司", "object_type": "公司", "subject_type": "人物", "object": "浙江黄岩市政工程公司", "subject": "叶洋增", "subject_index": {"begin": 0, "end": 3}, "object_index": {"begin": 30, "end": 40}}]}
{"text": "任康先生，28岁，大专，经济师。1993年进入浙江黄岩市政工程公司工作，1995年至今任公司出纳。现任本公司监事。", "spo_list": [{"predicate": "任职日期", "object_type": "日期", "subject_type": "人物", "object": "1993年", "subject": "任康", "subject_index": {"begin": 0, "end": 2}, "object_index": {"begin": 16, "end": 21}}, {"predicate": "任职公司", "object_type": "公司", "subject_type": "人物", "object": "浙江黄岩市政工程公司", "subject": "任康", "subject_index": {"begin": 0, "end": 2}, "object_index": {"begin": 23, "end": 33}}, {"predicate": "任职日期", "object_type": "日期", "subject_type": "人物", "object": "，1995年至今", "subject": "任康", "subject_index": {"begin": 0, "end": 2}, "object_index": {"begin": 35, "end": 43}}]}
{"text": "辛晓东先生，56岁，大专，会计师。历任冶金部九零五厂会计科长、浙江省黄岩市审计局副局长，2000年至今任本公司财务总监。", "spo_list": [{"predicate": "任职公司", "object_type": "公司", "subject_type": "人物", "object": "冶金部九零五厂", "subject": "辛晓东", "subject_index": {"begin": 0, "end": 3}, "object_index": {"begin": 19, "end": 26}}, {"predicate": "任职日期", "object_type": "日期", "subject_type": "人物", "object": "2000年至今", "subject": "辛晓东", "subject_index": {"begin": 0, "end": 3}, "object_index": {"begin": 44, "end": 51}}, {"predicate": "大专", "object_type": "学历", "subject_type": "人物", "object": "大专", "subject": "辛晓东", "subject_index": {"begin": 0, "end": 3}, "object_index": {"begin": 10, "end": 12}}]}
{"text": "孙连祖先生，42岁，本科，高级工程师。历任上海市第二市政工程公司205队技术员、上海市第二市政工程公司工程管理部主任工程师、浙江黄岩市政工程公司副总工程师、1999年3月至今任本公司总工程师。", "spo_list": [{"predicate": "本科", "object_type": "学历", "subject_type": "人物", "object": "本科", "subject": "孙连祖", "subject_index": {"begin": 0, "end": 3}, "object_index": {"begin": 10, "end": 12}}, {"predicate": "任职公司", "object_type": "公司", "subject_type": "人物", "object": "上海市第二市政工程公司", "subject": "孙连祖", "subject_index": {"begin": 0, "end": 3}, "object_index": {"begin": 21, "end": 32}}, {"predicate": "任职公司", "object_type": "公司", "subject_type": "人物", "object": "上海市第二市政工程公司", "subject": "孙连祖", "subject_index": {"begin": 0, "end": 3}, "object_index": {"begin": 40, "end": 51}}, {"predicate": "任职公司", "object_type": "公司", "subject_type": "人物", "object": "浙江黄岩市政工程公司", "subject": "孙连祖", "subject_index": {"begin": 0, "end": 3}, "object_index": {"begin": 62, "end": 72}}, {"predicate": "任职日期", "object_type": "日期", "subject_type": "人物", "object": "1999年3月至今", "subject": "孙连祖", "subject_index": {"begin": 0, "end": 3}, "object_index": {"begin": 78, "end": 87}}]}
{"text": "黄发盛、申文田于2001年3月到公司任职，领取报酬的期间为9个月。上述人员未在其它企业领取报酬。本公司独立董事年度报酬为5万元人民币。本公司未实行认股权证制度，因此所有董事、监事、高级管理人员均未持有公司认股权。", "spo_list": [{"predicate": "任职日期", "object_type": "日期", "subject_type": "人物", "object": "2001年3月", "subject": "申文田", "subject_index": {"begin": 4, "end": 7}, "object_index": {"begin": 8, "end": 15}}, {"predicate": "任职日期", "object_type": "日期", "subject_type": "人物", "object": "2001年3月", "subject": "黄发盛", "subject_index": {"begin": 0, "end": 3}, "object_index": {"begin": 8, "end": 15}}]}
{"text": "2001年10月18日，公司召开的2001年第一次临时股东大会审议通过了《公司章程》、《关联交易决策制度》，2002年2月18日2001年度股东大会选举史晋川先生、朱武祥先生为公司独立董事，公司建立了独立董事制度。", "spo_list": [{"predicate": "任职日期", "object_type": "日期", "subject_type": "人物", "object": "2002年2月18日", "subject": "史晋川", "subject_index": {"begin": 76, "end": 79}, "object_index": {"begin": 54, "end": 64}}, {"predicate": "任职日期", "object_type": "日期", "subject_type": "人物", "object": "2002年2月18日", "subject": "朱武祥", "subject_index": {"begin": 82, "end": 85}, "object_index": {"begin": 54, "end": 64}}]}
{"text": "2001年度和2002年1～6月另有确认的施工项目收入89,709,285.00元和39,718,130.00元应缴纳的营业税，其对应的工程项目关于执行上述文件的认定工作尚在办理中。", "spo_list": [{"predicate": "其他收入", "object_type": "金额", "subject_type": "日期", "object": "89,709,285.00元", "subject": "2001年度", "subject_index": {"begin": 0, "end": 6}, "object_index": {"begin": 27, "end": 41}}, {"predicate": "其他收入", "object_type": "金额", "subject_type": "日期", "object": "39,718,130.00元", "subject": "2002年1～6月", "subject_index": {"begin": 7, "end": 16}, "object_index": {"begin": 42, "end": 56}}]}
{"text": "截至2002年6月30日，本公司资产总计为人民币401,980,806.24元。", "spo_list": [{"predicate": "总资产", "object_type": "金额", "subject_type": "日期", "object": "401,980,806.24元", "subject": "2002年6月30日", "subject_index": {"begin": 2, "end": 12}, "object_index": {"begin": 24, "end": 39}}]}
{"text": "截至2002年6月30日，本公司负债合计为241,549,313.48元，全部为流动负债，", "spo_list": [{"predicate": "总负债", "object_type": "金额", "subject_type": "日期", "object": "241,549,313.48元", "subject": "2002年6月30日", "subject_index": {"begin": 2, "end": 12}, "object_index": {"begin": 21, "end": 36}}]}
{"text": "本公司与管建胜等9位自然人签订房屋购销合同，将本公司在建的台州综合楼的部分房屋作为商品房出售给上述自然人，截至2002年6月30日，本公司已收到房屋销售款3,238,900.00元。但由于上述房屋的土地使用权用途变更，本公司尚未办妥有关手续，故暂未作收入处理。", "spo_list": [{"predicate": "其他收入", "object_type": "金额", "subject_type": "日期", "object": "3,238,900.00元", "subject": "截至2002年6月30日", "subject_index": {"begin": 53, "end": 65}, "object_index": {"begin": 77, "end": 90}}]}
{"text": "2002年7月30日，浙江天健会计师事务所出具了的浙天会[2002]第261号《关于对腾达建设集团股份有限公司原始会计报表与申报会计报表差异的补充鉴证意见》，其结论性意见为：“经审核，我们认为，贵公司2002年1月1日至2002年6月30日申报会计报表与原始会计报表差异系会计误差调整造成，调整后的申报会计报表符合《企业会计准则》和《企业会计制度》的相关规定，在所有重大方面公允的反映了贵公司2002年6月30日的财务状况和2002年1～6月的经营成果，会计处理方法的选用遵循了一贯性原则。”", "spo_list": [{"predicate": "出具日期", "object_type": "日期", "subject_type": "文件", "object": "2002年7月30日", "subject": "浙天会[2002]第261号《关于对腾达建设集团股份有限公司原始会计报表与申报会计报表差异的补充鉴证意见》", "subject_index": {"begin": 25, "end": 78}, "object_index": {"begin": 0, "end": 10}}]}
{"text": "公司设立时，由黄岩审计师事务所对黄岩市政工程公司截至1994年11月30日的全部资产、负债、所有者权益进行了评估，出具了黄审事评（1994）第152号资产评估报告书。该次评估以1994年11月30日为评估基准日", "spo_list": [{"predicate": "出具日期", "object_type": "日期", "subject_type": "文件", "object": "截至1994年11月30日", "subject": "黄审事评（1994）第152号", "subject_index": {"begin": 60, "end": 75}, "object_index": {"begin": 24, "end": 37}}]}
{"text": "基于上述情况，公司通过采取加大应收工程款的催收力度，以降低应收款余额，减少应收账款的资金占用，提高资产周转使用效率；同时，加强公司人事制度改革，强化公司管理费用支出控制等措施，以抑制管理费用的过快增长。2002年1-6月，公司期间费用为1,264.37万元，其增长势头得到了控制。", "spo_list": [{"predicate": "期间费用", "object_type": "金额", "subject_type": "日期", "object": "1,264.37万元", "subject": "2002年1-6月", "subject_index": {"begin": 101, "end": 110}, "object_index": {"begin": 118, "end": 128}}]}
{"text": "负债总额减少。2001年公司支付了一些欠供应商的原材料采购款，使应付账款减少4,140万元；公司按规定缴纳了各种税金，使应交税金余额减少2,181.87万元。", "spo_list": [{"predicate": "其他应付款", "object_type": "金额", "subject_type": "日期", "object": "4,140万元", "subject": "2001年", "subject_index": {"begin": 7, "end": 12}, "object_index": {"begin": 38, "end": 45}}, {"predicate": "应交税费", "object_type": "金额", "subject_type": "日期", "object": "2,181.87万元", "subject": "2001年", "subject_index": {"begin": 7, "end": 12}, "object_index": {"begin": 68, "end": 78}}]}
{"text": "截至2002年6月30日，公司净资产总额为15,844.90万元。公司目前从事的市政建设行业，所承建的工程项目主要为国家、省、市重点基础设施项目，产品单价高，生产周期长。尽管目前绝大多数工程项目有工程预付款，公司在工程施工中代垫资金较少，资金占用量小，资金压力不大，但是随着行业内部竞争的日益加剧和公司业务量的持续增长，公司垫付资金的压力将相应增大，流动资金短缺的问题将可能出现。", "spo_list": [{"predicate": "净资产账面价值", "object_type": "金额", "subject_type": "日期", "object": "15,844.90万元", "subject": "2002年6月30日", "subject_index": {"begin": 2, "end": 12}, "object_index": {"begin": 21, "end": 32}}]}
{"text": "从公司报告期内的应收款项规模分析，2002年6月30日、2001年、2000年和1999年年末应收款项合计数分别为27,996.34万元、23,775.88万元、28,451.29万元和28,811.36万元。公司大额应收款项的存在主要是由于本公司的业务特点和经营模式所导致：本公司主营业务为市政工程和公路工程建设，包括道路、大型桥梁、高速公路、高架道路、雨污排水管道、大型排水泵站、污水处理厂等大型基础设施工程，工程项目具有单位造价高、施工工期长的特点。一个工程合同的执行完成要历经工程招投标、工程开工、工程量的统计和工程进度的确认、工程款的拨付、工程验收审计决算等步骤和环节。上述业务特点和经营模式对公司应收款项的形成和影响如下：", "spo_list": [{"predicate": "应收合计", "object_type": "金额", "subject_type": "日期", "object": "27,996.34万元", "subject": "2002年6月30日", "subject_index": {"begin": 17, "end": 27}, "object_index": {"begin": 57, "end": 68}}, {"predicate": "应收合计", "object_type": "金额", "subject_type": "日期", "object": "23,775.88万元", "subject": "2001年", "subject_index": {"begin": 28, "end": 33}, "object_index": {"begin": 69, "end": 80}}, {"predicate": "应收合计", "object_type": "金额", "subject_type": "日期", "object": "28,451.29万元", "subject": "2000年", "subject_index": {"begin": 34, "end": 39}, "object_index": {"begin": 81, "end": 92}}, {"predicate": "应收合计", "object_type": "金额", "subject_type": "日期", "object": "28,811.36万元", "subject": "1999年年末", "subject_index": {"begin": 40, "end": 47}, "object_index": {"begin": 93, "end": 104}}]}
{"text": "2001年末和2002年6月30日，公司按帐龄分析法计提的坏帐准备分别为18,918,510.85元和21,950,566.57元，分别占当期应收款项余额的7.37%和7.27%，高于当期帐龄在三年以上的应收款项总额，已充分地考虑了三年以上应收款项发生坏帐损失的可能性。2000年末、1999年末，公司坏帐准备按照应收款项期末余额的5.5%计提，坏帐准备均大于三年以上应收款项总额，也已充分地考虑了三年以上应收款项发生坏帐损失的可能性。", "spo_list": [{"predicate": "坏账准备", "object_type": "金额", "subject_type": "日期", "object": "18,918,510.85元", "subject": "2001年末", "subject_index": {"begin": 0, "end": 6}, "object_index": {"begin": 36, "end": 50}}, {"predicate": "坏账准备", "object_type": "金额", "subject_type": "日期", "object": "21,950,566.57元", "subject": "2002年6月30日", "subject_index": {"begin": 7, "end": 17}, "object_index": {"begin": 51, "end": 65}}]}
{"text": "2002年1～10月份，公司实现的主营业务收入为439,913,481.88元，主营业务利润为51,120,307.47元，营业利润为33,759,633.82元，利润总额为34,237,830.60元，净利润为21,452,151.81元。", "spo_list": [{"predicate": "主营业务收入", "object_type": "金额", "subject_type": "日期", "object": "439,913,481.88元", "subject": "2002年1～10月份", "subject_index": {"begin": 0, "end": 11}, "object_index": {"begin": 24, "end": 39}}, {"predicate": "营业利润", "object_type": "金额", "subject_type": "日期", "object": "33,759,633.82元", "subject": "2002年1～10月份", "subject_index": {"begin": 0, "end": 11}, "object_index": {"begin": 67, "end": 81}}, {"predicate": "净利润", "object_type": "金额", "subject_type": "日期", "object": "21,452,151.81元", "subject": "2002年1～10月份", "subject_index": {"begin": 0, "end": 11}, "object_index": {"begin": 106, "end": 120}}]}
{"text": "属于发起人所有的承包所得奖金1,055万元和1994年分得的承包利润825万元两项共计1,880万元，各发起人未从原黄岩市政工程公司领走，而是将其留在公司作为公司的生产发展资金，在设立本公司时作为出资投入。1994年发起人分得的825万元承包利润分配时在公司会计处理上记为“其他应付款”，并列示为集资款，在公司设立时，发起人将该部分未领走、以集资款名义记在公司账上“其他应付款”科目的承包利润作为出资投入，因此没有集资款现金缴款凭证，公司进行相应账务处理，由“其他应付款”科目转入“股本”科目。", "spo_list": [{"predicate": "其他应付款", "object_type": "金额", "subject_type": "日期", "object": "825万元", "subject": "1994年", "subject_index": {"begin": 103, "end": 108}, "object_index": {"begin": 114, "end": 119}}]}
{"text": "从应收款项规模分析，2002年6月30日、2001年、2000年和1999年年末应收款项合计数分别为27,996.34万元、23,775.88万元、28,451.29万元和28,811.36万元。其中，2002年6月30日应收款项占同期总资产的比例为69.65%。如果应收款项不能按期收回，将对公司资产的流动性和偿债能力造成较大影响，如果发生坏账，将给公司造成较大损失。", "spo_list": [{"predicate": "应收合计", "object_type": "金额", "subject_type": "日期", "object": "27,996.34万元", "subject": "2002年6月30日", "subject_index": {"begin": 10, "end": 20}, "object_index": {"begin": 50, "end": 61}}, {"predicate": "应收合计", "object_type": "金额", "subject_type": "日期", "object": "23,775.88万元", "subject": "2001年", "subject_index": {"begin": 21, "end": 26}, "object_index": {"begin": 62, "end": 73}}, {"predicate": "应收合计", "object_type": "金额", "subject_type": "日期", "object": "28,451.29万元", "subject": "2000年", "subject_index": {"begin": 27, "end": 32}, "object_index": {"begin": 74, "end": 85}}, {"predicate": "应收合计", "object_type": "金额", "subject_type": "日期", "object": "28,811.36万元", "subject": "1999年年末", "subject_index": {"begin": 33, "end": 40}, "object_index": {"begin": 86, "end": 97}}]}
{"text": "公司1999年末的应收款项（包括应收帐款和其他应收款）余额为304,882,161.45元，年度无坏帐损失；2000年末的应收款项（包括应收帐款和其他应收款）余额为301,071,816.86元，年度无坏帐损失；2001年末的应收款项（包括应收帐款和其他应收款）余额为256,677,296.12元，年度无坏帐损失；截至2002年6月30日的应收款项余额为301,913,929.16元，无坏帐损失。", "spo_list": [{"predicate": "应收合计", "object_type": "金额", "subject_type": "日期", "object": "304,882,161.45元", "subject": "1999年末", "subject_index": {"begin": 2, "end": 8}, "object_index": {"begin": 30, "end": 45}}, {"predicate": "应收合计", "object_type": "金额", "subject_type": "日期", "object": "301,071,816.86元", "subject": "2000年末", "subject_index": {"begin": 54, "end": 60}, "object_index": {"begin": 82, "end": 97}}, {"predicate": "应收合计", "object_type": "金额", "subject_type": "日期", "object": "256,677,296.12元", "subject": "2001年末", "subject_index": {"begin": 106, "end": 112}, "object_index": {"begin": 134, "end": 149}}, {"predicate": "应收合计", "object_type": "金额", "subject_type": "日期", "object": "301,913,929.16元", "subject": "2002年6月30日", "subject_index": {"begin": 160, "end": 170}, "object_index": {"begin": 178, "end": 193}}]}
{"text": "本公司控股子公司上海博佳投资管理有限公司原名称为上海博佳贸易有限公司，于1998年1月由本公司和台州广厦房地产有限公司共同投资设立，双方投资金额分别为1,100万元和200万元，经营范围为：建筑材料、五金机械、化工原料等销售。", "spo_list": [{"predicate": "关联方", "object_type": "公司", "subject_type": "公司", "object": "上海博佳贸易有限公司", "subject": "上海博佳投资管理有限公司", "subject_index": {"begin": 8, "end": 20}, "object_index": {"begin": 24, "end": 34}}, {"predicate": "成立日期", "object_type": "日期", "subject_type": "公司", "object": "1998年1月", "subject": "上海博佳投资管理有限公司", "subject_index": {"begin": 8, "end": 20}, "object_index": {"begin": 36, "end": 43}}, {"predicate": "关联方", "object_type": "公司", "subject_type": "公司", "object": "台州广厦房地产有限公司", "subject": "上海博佳投资管理有限公司", "subject_index": {"begin": 8, "end": 20}, "object_index": {"begin": 48, "end": 59}}]}
{"text": "2001年11月上海博佳贸易有限公司的名称变更为上海博佳投资管理有限公司，经营范围变更为：企业投资、收购、兼并、管理咨询等。", "spo_list": [{"predicate": "变更日期", "object_type": "日期", "subject_type": "公司", "object": "2001年11月", "subject": "上海博佳贸易有限公司", "subject_index": {"begin": 8, "end": 18}, "object_index": {"begin": 0, "end": 8}}, {"predicate": "关联方", "object_type": "公司", "subject_type": "公司", "object": "上海博佳投资管理有限公司", "subject": "上海博佳贸易有限公司", "subject_index": {"begin": 8, "end": 18}, "object_index": {"begin": 24, "end": 36}}]}
{"text": "截至2002年6月30日，上海博佳投资管理有限公司的净资产为1,289.59万元，已对外投资600万元，（含投资台州市路桥至泽国至太平一级公路路桥段项目投资有限公司300万元）符合《公司法》第十二条之规定。除此外，上海博佳投资管理有限公司无其他对外投资。", "spo_list": [{"predicate": "净资产账面价值", "object_type": "金额", "subject_type": "日期", "object": "1,289.59万元", "subject": "2002年6月30日", "subject_index": {"begin": 2, "end": 12}, "object_index": {"begin": 30, "end": 40}}]}
{"text": "2001年10月18日本公司全体股东出具《关于不从事同业竞争的承诺函》，承诺：“股份公司上市后，将不直接或通过其他任何方式间接从事构成与股份公司业务有同业竞争的经营活动，并愿意对违反上述承诺而给股份公司造成的经济损失承担赔偿责任。”", "spo_list": [{"predicate": "出具日期", "object_type": "日期", "subject_type": "文件", "object": "2001年10月18日", "subject": "《关于不从事同业竞争的承诺函》", "subject_index": {"begin": 20, "end": 35}, "object_index": {"begin": 0, "end": 11}}]}
{"text": "经本公司1999年5月21日股东大会决议通过，本公司将应收台州市路桥鑫都国际大酒店有限公司2,380万元应收款转作对该公司的股权投资，该公司注册资本增加至3,180万元，增资后本公司持有该公司74.84%的股权。1999年8月1日，本公司董事会决定将持有该公司的全部股权予以转让。1999年8月20日，本公司与该公司自然人股东叶洋友等28位自然人签订股权转让协议，由其按本公司该项股权投资原值2380万元购买本公司所持有的该公司全部股权。受让该股权的28名自然人为本公司全体股东，该项股权转让交易系关联交易。", "spo_list": [{"predicate": "注册资本", "object_type": "金额", "subject_type": "日期", "object": "3,180万元", "subject": "1999年5月21日", "subject_index": {"begin": 4, "end": 14}, "object_index": {"begin": 77, "end": 84}}]}
{"text": "2002年3月10日，本公司与上海博佳投资管理有限公司签署《关于成立台州路泽公路有限公司的出资协议》。根据该等协议，协议双方同意就“路桥至泽国至太平一级公路路桥段”项目成立“台州路泽公路有限公司”（暂定名，根据工商部门核准的名称确定）；拟设立的项目公司注册资本为人民币5,000万元，本公司承诺出资4,700万元，占注册资本的94%，上海博佳投资管理有限公司承诺出资300万元，占注册资本的6%；双方承诺出资方式为人民币现金。同时，前述公路项目系本公司本次发行募集资金投资项目，本公司将以所募集的资金对该等项目公司增资，因此合作方上海博佳投资管理有限公司已在该等协议中承诺放弃将来的增资权。", "spo_list": [{"predicate": "注册资本", "object_type": "金额", "subject_type": "日期", "object": "5,000万元", "subject": "2002年3月10日", "subject_index": {"begin": 0, "end": 10}, "object_index": {"begin": 134, "end": 141}}]}
{"text": "根据《国务院关于固定资产投资项目试行资本金制度的通知》（国发〔1996〕35号）交通类固定资产项目资本金应达到35%的要求及本公司第三届第三次董事会决议，2002年8月，本公司与本公司控股子公司上海博佳投资管理有限公司共同出资组建了台州市路桥至泽国至太平一级公路路桥段项目投资有限公司。该项目公司注册资本9,030万元，本公司出资8,730万元，占出资总额的96.68%，上海博佳投资管理有限公司出资300万元，占股份总额的3.32％。据此，台州市路桥至泽国至太平一级公路路桥段项目投资有限公司正式成为本公司的控股子公司之一。", "spo_list": [{"predicate": "关联方", "object_type": "公司", "subject_type": "公司", "object": "台州市路桥至泽国至太平一级公路路桥段项目投资有限公司", "subject": "上海博佳投资管理有限公司", "subject_index": {"begin": 97, "end": 109}, "object_index": {"begin": 116, "end": 142}}, {"predicate": "成立日期", "object_type": "日期", "subject_type": "公司", "object": "2002年8月", "subject": "台州市路桥至泽国至太平一级公路路桥段项目投资有限公司", "subject_index": {"begin": 116, "end": 142}, "object_index": {"begin": 77, "end": 84}}, {"predicate": "注册资本", "object_type": "金额", "subject_type": "日期", "object": "9,030万元", "subject": "2002年8月", "subject_index": {"begin": 77, "end": 84}, "object_index": {"begin": 152, "end": 159}}]}
{"text": "叶洋友先生，59岁，高中，高级经济师。1972年组建公司前身浙江黄岩市政工程公司，任总经理，1995年至今一直担任本公司董事长，1998年被浙江省人民政府授予“浙江省优秀企业经营者”称号、被农业部授予“全国优秀乡镇企业厂长（经理、董事长）称号”，是1999年浙江省劳动模范、全国五一劳动奖章获得者、浙江省第九届人民代表大会代表。", "spo_list": [{"predicate": "任职日期", "object_type": "日期", "subject_type": "人物", "object": "1972年", "subject": "叶洋友", "subject_index": {"begin": 0, "end": 3}, "object_index": {"begin": 19, "end": 24}}, {"predicate": "任职公司", "object_type": "公司", "subject_type": "人物", "object": "浙江黄岩市政工程公司", "subject": "叶洋友", "subject_index": {"begin": 0, "end": 3}, "object_index": {"begin": 30, "end": 40}}, {"predicate": "任职日期", "object_type": "日期", "subject_type": "人物", "object": "1995年至今", "subject": "叶洋友", "subject_index": {"begin": 0, "end": 3}, "object_index": {"begin": 46, "end": 53}}]}
{"text": "叶立春先生，47岁，高中，工程师，一级项目经理。1972年在浙江黄岩市政工程公司参加工作，1980年至1983年担任浙江省黄岩县路东乡工办会计，1984年任浙江黄岩市政工程公司副总经理，1995年至1998年任本公司副董事长、总经理，1998年至今任本公司副董事长、副总经理。", "spo_list": [{"predicate": "任职日期", "object_type": "日期", "subject_type": "人物", "object": "1972年", "subject": "叶立春", "subject_index": {"begin": 0, "end": 3}, "object_index": {"begin": 24, "end": 29}}, {"predicate": "任职公司", "object_type": "公司", "subject_type": "人物", "object": "浙江黄岩市政工程公司", "subject": "叶立春", "subject_index": {"begin": 0, "end": 3}, "object_index": {"begin": 30, "end": 40}}, {"predicate": "任职日期", "object_type": "日期", "subject_type": "人物", "object": "1980年至1983年", "subject": "叶立春", "subject_index": {"begin": 0, "end": 3}, "object_index": {"begin": 45, "end": 56}}, {"predicate": "任职公司", "object_type": "公司", "subject_type": "人物", "object": "浙江省黄岩县路东乡工办", "subject": "叶立春", "subject_index": {"begin": 0, "end": 3}, "object_index": {"begin": 58, "end": 69}}, {"predicate": "任职日期", "object_type": "日期", "subject_type": "人物", "object": "1984年", "subject": "叶立春", "subject_index": {"begin": 0, "end": 3}, "object_index": {"begin": 72, "end": 77}}, {"predicate": "任职日期", "object_type": "日期", "subject_type": "人物", "object": "1995年至1998年", "subject": "叶立春", "subject_index": {"begin": 0, "end": 3}, "object_index": {"begin": 93, "end": 104}}, {"predicate": "任职日期", "object_type": "日期", "subject_type": "人物", "object": "1998年至今", "subject": "叶立春", "subject_index": {"begin": 0, "end": 3}, "object_index": {"begin": 117, "end": 124}}]}
{"text": "徐君明先生，46岁，高中，工程师，一级项目经理。1983年在浙江黄岩市政工程公司参加工作，任该公司项目负责人。1995年至今任本公司董事，公司驻台州办事处主任。", "spo_list": [{"predicate": "任职日期", "object_type": "日期", "subject_type": "人物", "object": "1983年", "subject": "徐君明", "subject_index": {"begin": 0, "end": 3}, "object_index": {"begin": 24, "end": 29}}, {"predicate": "任职公司", "object_type": "公司", "subject_type": "人物", "object": "浙江黄岩市政工程公司", "subject": "徐君明", "subject_index": {"begin": 0, "end": 3}, "object_index": {"begin": 30, "end": 40}}, {"predicate": "任职日期", "object_type": "日期", "subject_type": "人物", "object": "1995年至今", "subject": "徐君明", "subject_index": {"begin": 0, "end": 3}, "object_index": {"begin": 55, "end": 62}}]}
{"text": "史晋川先生，45岁，经济学博士，历任浙江大学经济学院助教、讲师、副教授、教授，1993～1994年到美国芝加哥大学做访问教授、2000年到英国伦敦经济学院做访问教授，现任浙江大学经济学院党委书记、副院长、教授、博士生导师，兼任中国社会经济系统工程学会副理事长，浙江人民政府经济建设咨询委员会委员、中国国家社会科学基金评审委员会委员。2002年2月18日起任本公司独立董事。", "spo_list": [{"predicate": "任职日期", "object_type": "日期", "subject_type": "人物", "object": "1993～1994年", "subject": "史晋川", "subject_index": {"begin": 0, "end": 3}, "object_index": {"begin": 39, "end": 49}}, {"predicate": "任职日期", "object_type": "日期", "subject_type": "人物", "object": "2000年", "subject": "史晋川", "subject_index": {"begin": 0, "end": 3}, "object_index": {"begin": 63, "end": 68}}, {"predicate": "任职日期", "object_type": "日期", "subject_type": "人物", "object": "2002年2月18日", "subject": "史晋川", "subject_index": {"begin": 0, "end": 3}, "object_index": {"begin": 166, "end": 176}}]}
{"text": "王福东先生，60岁，高中，工程师，一级项目经理。1964年～1976年任浙江省台州市路桥区龙头村会计，1986年任本公司项管部经理，1995年至今，任本公司监事。", "spo_list": [{"predicate": "任职日期", "object_type": "日期", "subject_type": "人物", "object": "1964年～1976年", "subject": "王福", "subject_index": {"begin": 0, "end": 2}, "object_index": {"begin": 24, "end": 35}}, {"predicate": "任职日期", "object_type": "日期", "subject_type": "人物", "object": "1986年", "subject": "王福", "subject_index": {"begin": 0, "end": 2}, "object_index": {"begin": 51, "end": 56}}, {"predicate": "任职日期", "object_type": "日期", "subject_type": "人物", "object": "1995年至今", "subject": "王福", "subject_index": {"begin": 0, "end": 2}, "object_index": {"begin": 66, "end": 73}}]}
{"text": "黄发盛先生，39岁，硕士，1986年参加工作，历任新疆焉耆县城调队科员、副队长。2001年3月至今任本公司董事会秘书。", "spo_list": [{"predicate": "任职公司", "object_type": "公司", "subject_type": "人物", "object": "新疆焉耆县城调队", "subject": "黄发盛", "subject_index": {"begin": 0, "end": 3}, "object_index": {"begin": 25, "end": 33}}, {"predicate": "任职日期", "object_type": "日期", "subject_type": "人物", "object": "2001年3月至今", "subject": "黄发盛", "subject_index": {"begin": 0, "end": 3}, "object_index": {"begin": 40, "end": 49}}]}
{"text": "严炜雷先生，39岁，本科，高级工程师。曾任职于上海城建设计院、上海浦东区城建局，1997年至今，任本公司工程管理部副经理。", "spo_list": [{"predicate": "本科", "object_type": "学历", "subject_type": "人物", "object": "本科", "subject": "严炜雷", "subject_index": {"begin": 0, "end": 3}, "object_index": {"begin": 10, "end": 12}}, {"predicate": "任职公司", "object_type": "公司", "subject_type": "人物", "object": "上海城建设计院", "subject": "严炜雷", "subject_index": {"begin": 0, "end": 3}, "object_index": {"begin": 23, "end": 30}}, {"predicate": "任职公司", "object_type": "公司", "subject_type": "人物", "object": "上海浦东区城建局", "subject": "严炜雷", "subject_index": {"begin": 0, "end": 3}, "object_index": {"begin": 31, "end": 39}}, {"predicate": "任职日期", "object_type": "日期", "subject_type": "人物", "object": "1997年至今", "subject": "严炜雷", "subject_index": {"begin": 0, "end": 3}, "object_index": {"begin": 40, "end": 47}}]}
{"text": "樊江民先生，42岁，本科，高级工程师。历任上海市第二市政工程公司项目经理、上海市基地开发公司项目经理，2001年3月至今，任本公司主任工程师。", "spo_list": [{"predicate": "本科", "object_type": "学历", "subject_type": "人物", "object": "本科", "subject": "樊江民", "subject_index": {"begin": 0, "end": 3}, "object_index": {"begin": 10, "end": 12}}, {"predicate": "任职公司", "object_type": "公司", "subject_type": "人物", "object": "上海市第二市政工程公司", "subject": "樊江民", "subject_index": {"begin": 0, "end": 3}, "object_index": {"begin": 21, "end": 32}}, {"predicate": "任职公司", "object_type": "公司", "subject_type": "人物", "object": "海市基地开发公", "subject": "樊江民", "subject_index": {"begin": 0, "end": 3}, "object_index": {"begin": 38, "end": 45}}, {"predicate": "任职日期", "object_type": "日期", "subject_type": "人物", "object": "，2001年3月至今", "subject": "樊江民", "subject_index": {"begin": 0, "end": 3}, "object_index": {"begin": 50, "end": 60}}]}
{"text": "近三年中，公司董事长及总经理未发生变动。2001年3月聘用申文田先生任总会计师，聘用黄发盛先生任公司董事会秘书，聘用樊江民先生任主任工程师，2001年10月提升殷奇先生任副总经理。以上新聘人员均为充实本公司经营管理层，其他高级管理人员未出现变动情况。", "spo_list": [{"predicate": "任职日期", "object_type": "日期", "subject_type": "人物", "object": "2001年10月", "subject": "殷奇", "subject_index": {"begin": 80, "end": 82}, "object_index": {"begin": 70, "end": 78}}, {"predicate": "任职日期", "object_type": "日期", "subject_type": "人物", "object": "2001年3月", "subject": "申文田", "subject_index": {"begin": 29, "end": 32}, "object_index": {"begin": 20, "end": 27}}, {"predicate": "任职日期", "object_type": "日期", "subject_type": "人物", "object": "2001年3月", "subject": "黄发盛", "subject_index": {"begin": 42, "end": 45}, "object_index": {"begin": 20, "end": 27}}, {"predicate": "任职日期", "object_type": "日期", "subject_type": "人物", "object": "2001年3月", "subject": "樊江民", "subject_index": {"begin": 58, "end": 61}, "object_index": {"begin": 20, "end": 27}}]}
{"text": "本公司1999年、2000年、2001年度和2002年1～6月所确认的施工项目收入中分别有198,355,094.00元、89,315,533.87元、37,037,632.34元和7,405,710.00元所对应的工程项目经主管税务部门认定，按照上述文件的规定，相应的营业税由项目建设单位缴纳。上述收入额分别占到1999、2000、2001年度和2002年1～6月主营业务收入总额的46.25%、20.51%、7.45%和2.79%。", "spo_list": [{"predicate": "其他收入", "object_type": "金额", "subject_type": "日期", "object": "198,355,094.00元", "subject": "1999年", "subject_index": {"begin": 3, "end": 8}, "object_index": {"begin": 45, "end": 60}}, {"predicate": "其他收入", "object_type": "金额", "subject_type": "日期", "object": "、89,315,533.87元", "subject": "2000年", "subject_index": {"begin": 9, "end": 14}, "object_index": {"begin": 60, "end": 75}}, {"predicate": "其他收入", "object_type": "金额", "subject_type": "日期", "object": "37,037,632.34元", "subject": "2001年度", "subject_index": {"begin": 15, "end": 21}, "object_index": {"begin": 76, "end": 90}}, {"predicate": "其他收入", "object_type": "金额", "subject_type": "日期", "object": "7,405,710.00元", "subject": "2002年1～6月", "subject_index": {"begin": 22, "end": 31}, "object_index": {"begin": 91, "end": 104}}]}
{"text": "2002年6月30日，公司固定资产原价为51,456,753.84元，累计折旧为21,214,342.69元，固定资产净值为30,242,411.15元，固定资产减值准备为426,241.00元，固定资产净额为29,816,170.15元。", "spo_list": [{"predicate": "固定资产", "object_type": "金额", "subject_type": "日期", "object": "为51,456,753.84元", "subject": "2002年6月30日", "subject_index": {"begin": 0, "end": 10}, "object_index": {"begin": 19, "end": 34}}]}
{"text": "公司2001年度经营活动产生的现金流量净额为8,647,905.84元，其中销售商品、提供劳务收到的现金为484,495,441.12元，购买商品、接受劳务支付的现金为374,402,638.76元。本公司2001年度没有发生筹资活动产生的现金流量，也没有发生不涉及现金收支的投资和筹资活动。投资活动产生的现金流量净额为12,931,214.70元，其中处置固定资产、无形资产和其他长期资产所收回的现金净额为13,846,523.60元。每股经营活动产生的现金流量净额为0.09元。", "spo_list": [{"predicate": "公司经营活动产生的现金流量净额", "object_type": "金额", "subject_type": "日期", "object": "8,647,905.84元", "subject": "2001年度", "subject_index": {"begin": 2, "end": 8}, "object_index": {"begin": 22, "end": 35}}, {"predicate": "公司投资活动产生的现金流量净额", "object_type": "金额", "subject_type": "日期", "object": "12,931,214.70元", "subject": "2001年度", "subject_index": {"begin": 2, "end": 8}, "object_index": {"begin": 160, "end": 174}}]}
{"text": "本公司未作盈利预测，根据浙江天健会计师事务所出具的浙天会审[2002]第60号《审计报告》披露的财务资料，本公司1999年、2000年和2001年实现的净利润分别为2,255.19万元、2,448.74万元和2,471.49万元；1999年、2000年和2001年年末的净资产分别为11,708.47万元、11,977.69万元和14,449.18万元；1999年、2000年和2001年实现的净资产收益率分别为19.26%、20.44%和17.10%。本公司1999年、2000年和2001年实现的净资产收益率连续三年均高于同期银行存款利率。", "spo_list": [{"predicate": "净利润", "object_type": "金额", "subject_type": "日期", "object": "2,255.19万元", "subject": "1999年", "subject_index": {"begin": 56, "end": 61}, "object_index": {"begin": 82, "end": 92}}, {"predicate": "净利润", "object_type": "金额", "subject_type": "日期", "object": "2,448.74万元", "subject": "2000年", "subject_index": {"begin": 62, "end": 67}, "object_index": {"begin": 93, "end": 103}}, {"predicate": "净利润", "object_type": "金额", "subject_type": "日期", "object": "2,471.49万元", "subject": "2001年", "subject_index": {"begin": 68, "end": 73}, "object_index": {"begin": 104, "end": 114}}, {"predicate": "净资产账面价值", "object_type": "金额", "subject_type": "日期", "object": "11,708.47万元", "subject": "1999年", "subject_index": {"begin": 115, "end": 120}, "object_index": {"begin": 141, "end": 152}}, {"predicate": "净资产账面价值", "object_type": "金额", "subject_type": "日期", "object": "11,977.69万元", "subject": "2000年", "subject_index": {"begin": 121, "end": 126}, "object_index": {"begin": 153, "end": 164}}, {"predicate": "净资产账面价值", "object_type": "金额", "subject_type": "日期", "object": "14,449.18万元", "subject": "2001年年末", "subject_index": {"begin": 127, "end": 134}, "object_index": {"begin": 165, "end": 176}}]}
{"text": "2001年，公司用于研究开发的费用为551,889.38元，占当年主营业务收入的0.11%；2002年1～6月，公司用于研究开发的费用为831,580.00元，占主营业务收入的0.31%。", "spo_list": [{"predicate": "研发费用", "object_type": "金额", "subject_type": "日期", "object": "551,889.38元", "subject": "2001年", "subject_index": {"begin": 0, "end": 5}, "object_index": {"begin": 18, "end": 29}}, {"predicate": "研发费用", "object_type": "金额", "subject_type": "日期", "object": "831,580.00元", "subject": "2002年1～6月", "subject_index": {"begin": 46, "end": 55}, "object_index": {"begin": 68, "end": 79}}]}
{"text": "1999、2000、2001年末和2002年6月30日，本公司资产负债率分别为70.92%、69.54%、60.57%和60.51%（按母公司报表计算）,呈逐年下降趋势，资产负债结构逐步优化。2001年资产负债率较2000年下降较多，主要由以下因素所致：", "spo_list": [{"predicate": "资产负债率", "object_type": "日期", "subject_type": "比率", "object": "1999", "subject": "70.92%", "subject_index": {"begin": 39, "end": 45}, "object_index": {"begin": 0, "end": 4}}, {"predicate": "资产负债率", "object_type": "日期", "subject_type": "比率", "object": "2000", "subject": "69.54%", "subject_index": {"begin": 46, "end": 52}, "object_index": {"begin": 5, "end": 9}}, {"predicate": "资产负债率", "object_type": "日期", "subject_type": "比率", "object": "2001年末", "subject": "60.57%", "subject_index": {"begin": 53, "end": 59}, "object_index": {"begin": 10, "end": 16}}, {"predicate": "资产负债率", "object_type": "日期", "subject_type": "比率", "object": "2002年6月30日", "subject": "60.51%", "subject_index": {"begin": 60, "end": 66}, "object_index": {"begin": 17, "end": 27}}]}
{"text": "公司2001年度现金及现金等价物净增加额为2,157.91万元，其中经营活动产生的现金流量净额为864.79万元，每股经营活动现金净流量为0.09元，投资活动产生的现金流量净额为1,293.12万元。2002年1～6月，公司现金及现金等价物净增加额为754.89万元，其中经营活动产生的现金流量净额为350.12万元，每股经营活动现金净流量为0.04元，投资活动产生的现金流量净额为404.77万元。", "spo_list": [{"predicate": "公司经营活动产生的现金流量净额", "object_type": "金额", "subject_type": "日期", "object": "864.79万元", "subject": "2001年", "subject_index": {"begin": 2, "end": 7}, "object_index": {"begin": 48, "end": 56}}, {"predicate": "每股经营活动产生的现金流量净额", "object_type": "金额", "subject_type": "日期", "object": "0.09元", "subject": "2001年", "subject_index": {"begin": 2, "end": 7}, "object_index": {"begin": 69, "end": 74}}, {"predicate": "公司投资活动产生的现金流量净额", "object_type": "金额", "subject_type": "日期", "object": "1,293.12万元", "subject": "2001年", "subject_index": {"begin": 2, "end": 7}, "object_index": {"begin": 89, "end": 99}}, {"predicate": "公司经营活动产生的现金流量净额", "object_type": "金额", "subject_type": "日期", "object": "350.12万元", "subject": "2002年1～6月", "subject_index": {"begin": 100, "end": 109}, "object_index": {"begin": 150, "end": 158}}, {"predicate": "每股经营活动产生的现金流量净额", "object_type": "金额", "subject_type": "日期", "object": "0.04元", "subject": "2002年1～6月", "subject_index": {"begin": 100, "end": 109}, "object_index": {"begin": 171, "end": 176}}, {"predicate": "公司投资活动产生的现金流量净额", "object_type": "金额", "subject_type": "日期", "object": "404.77万元", "subject": "2002年1～6月", "subject_index": {"begin": 100, "end": 109}, "object_index": {"begin": 191, "end": 199}}]}
{"text": "2002年7月底，公司与台州市商业银行签署《保证借款合同》，借入流动资金贷款4,200万元。", "spo_list": [{"predicate": "流动负债", "object_type": "金额", "subject_type": "日期", "object": "4,200万元", "subject": "2002年7月底", "subject_index": {"begin": 0, "end": 8}, "object_index": {"begin": 38, "end": 45}}]}
{"text": "浙江天健会计师事务所于2002年9月17日出具了浙天会[2002]第255号《关于腾达建设集团股份有限公司重大关联交易等事项的说明》，对公司重大或有事项说明如下：“我们对腾达股份截至2002年6月30日发生的重大或有事项对其财务状况和经营业绩的影响予以了重点关注。”", "spo_list": [{"predicate": "出具日期", "object_type": "日期", "subject_type": "文件", "object": "2002年9月17日", "subject": "浙天会[2002]第255号《关于腾达建设集团股份有限公司重大关联交易等事项的说明》", "subject_index": {"begin": 24, "end": 66}, "object_index": {"begin": 11, "end": 21}}]}
{"text": "公司仍将以上海、浙江及华东地区其他省市为经营开发重点，以实现6～12亿元的主营业务收入为近三年的奋斗目标，2002年争取实现6亿元，2003年实现8亿元，2004年实现12亿元。在投资方面，公司将以BOT、BT等方式介入城镇基础设施的投资，实现一定比例的投资业务收入，把公司建成具有较强市场竞争力和影响力的建设公司。", "spo_list": [{"predicate": "主营业务收入", "object_type": "金额", "subject_type": "日期", "object": "6亿元", "subject": "2002年", "subject_index": {"begin": 53, "end": 58}, "object_index": {"begin": 62, "end": 65}}, {"predicate": "主营业务收入", "object_type": "金额", "subject_type": "日期", "object": "8亿元", "subject": "2003年", "subject_index": {"begin": 66, "end": 71}, "object_index": {"begin": 73, "end": 76}}, {"predicate": "主营业务收入", "object_type": "金额", "subject_type": "日期", "object": "12亿元", "subject": "2004年", "subject_index": {"begin": 77, "end": 82}, "object_index": {"begin": 84, "end": 88}}]}
{"text": "公司的固定资产主要为房屋及建筑物、机械设备、运输工具，均为本公司经营所必备的资产，2002年6月底公司固定资产原值为5,145.68万元、累计折旧为2,121.43万元、减值准备为42.62万元，固定资产净额为3,024万元。本公司的房屋建筑物位于上海、杭州、台州等经济发达地区，主要是近年购置取得的，资产状况良好；机械设备都是公司工程施工所必需的装备，没有闲置设备，主要设备的成新率在70%左右，平均成新率约58.76%，使用状态良好。运输工具主要为工程施工中所必须的运输车辆，目前平均成新率约58.26%。", "spo_list": [{"predicate": "固定资产", "object_type": "金额", "subject_type": "日期", "object": "5,145.68万元", "subject": "2002年6月底", "subject_index": {"begin": 41, "end": 49}, "object_index": {"begin": 58, "end": 68}}]}
{"text": "2002年6月30日，本公司的负债全部为流动负债，主要是应付帐款14,899万元、预收帐款2,275万元、应交税金1,871万元和其他应付款3,494万元。应付账款由供应商材料款和业主供料款两部分组成，其中业主供料款部分等到项目完工时与工程款一并结算，不存在偿付压力；应付供应商材料款是本公司根据工程施工进度采购建筑材料所形成，并根据协议约定逐渐支付购买价款，公司与部分供应商建立了长期的合作关系，能够获得一定的短期商业信用，但是，如果工程款不能按期收到，将给公司按协议支付材料采购款带来困难，形成短期偿债压力。预收账款将随着工程施工进度逐步抵冲工程款，没有偿付压力。截至2002年6月30日，公司货币资金余额达7,561万元,可以保证公司偿还短期债务的需要。", "spo_list": [{"predicate": "应付账款", "object_type": "金额", "subject_type": "日期", "object": "14,899万元", "subject": "2002年6月30日，", "subject_index": {"begin": 0, "end": 11}, "object_index": {"begin": 32, "end": 40}}, {"predicate": "预收款项", "object_type": "金额", "subject_type": "日期", "object": "2,275万元", "subject": "2002年6月30日，", "subject_index": {"begin": 0, "end": 11}, "object_index": {"begin": 45, "end": 52}}, {"predicate": "应交税费", "object_type": "金额", "subject_type": "日期", "object": "1,871万元", "subject": "2002年6月30日，", "subject_index": {"begin": 0, "end": 11}, "object_index": {"begin": 57, "end": 64}}, {"predicate": "其他应付款", "object_type": "金额", "subject_type": "日期", "object": "3,494万元", "subject": "2002年6月30日，", "subject_index": {"begin": 0, "end": 11}, "object_index": {"begin": 70, "end": 77}}]}
{"text": "截止到2002年10月31日，公司资产总额为490,494,218.62元，负债总额为321,624,716.36元，少数股东权益为1,985,536.56元，股东权益为166,883,965.70。", "spo_list": [{"predicate": "总资产", "object_type": "金额", "subject_type": "日期", "object": "490,494,218.62元", "subject": "2002年10月31日", "subject_index": {"begin": 3, "end": 14}, "object_index": {"begin": 22, "end": 37}}, {"predicate": "总负债", "object_type": "金额", "subject_type": "日期", "object": "321,624,716.36元", "subject": "2002年10月31日", "subject_index": {"begin": 3, "end": 14}, "object_index": {"begin": 43, "end": 58}}, {"predicate": "股东权益评估值", "object_type": "金额", "subject_type": "日期", "object": "1,985,536.56元", "subject": "2002年10月31日", "subject_index": {"begin": 3, "end": 14}, "object_index": {"begin": 66, "end": 79}}, {"predicate": "股东权益评估值", "object_type": "金额", "subject_type": "日期", "object": "166,883,965.70。", "subject": "2002年10月31日", "subject_index": {"begin": 3, "end": 14}, "object_index": {"begin": 85, "end": 100}}]}
{"text": "本项目“可研”参照了国家计委1993年颁布的《建设项目经济评价方法与参数》（第二版）、交通部《公路建设项目可行性研究报告编制办法》、交通部公路规划设计院《公路建设项目可行性研究指南》，本项目预计运营成本如下", "spo_list": [{"predicate": "出具日期", "object_type": "日期", "subject_type": "文件", "object": "1993年", "subject": "《建设项目经济评价方法与参数》（第二版）", "subject_index": {"begin": 22, "end": 42}, "object_index": {"begin": 14, "end": 19}}, {"predicate": "出具日期", "object_type": "日期", "subject_type": "文件", "object": "1993年", "subject": "交通部《公路建设项目可行性研究报告编制办法》", "subject_index": {"begin": 43, "end": 65}, "object_index": {"begin": 14, "end": 19}}, {"predicate": "出具日期", "object_type": "日期", "subject_type": "文件", "object": "1993年", "subject": "《公路建设项目可行性研究指南》", "subject_index": {"begin": 76, "end": 91}, "object_index": {"begin": 14, "end": 19}}]}
{"text": "根据当地税务主管部门的上述执行政策和征管办法，本公司按照市政工程1.2%的最低预征率，分别于2000年1月5日和2001年1月3日进行了1999年度和2000年度的纳税申报和汇算清缴。公司1999年、2000年申报的主营业务收入分别为428,889,254.67元和432,360,876.01元，当地税务主管部门按照1.2%预征率确定的所得税分别为5,146,671元和5,188,330.51元。本公司1999年、2000年申报的主营业务收入数和经浙江天健会计师事务所审计的主营业务数相差很小（1999年和2000年经审计后的主营业务收入分别为428,889,254.67元和435,388,189.08元）。上述税款征缴办法导致本公司1999年、2000年度的实际征缴的所得税款小于按33%所得税率确定的应交税款数。", "spo_list": [{"predicate": "主营业务收入", "object_type": "金额", "subject_type": "日期", "object": "428,889,254.67元", "subject": "1999年", "subject_index": {"begin": 94, "end": 99}, "object_index": {"begin": 117, "end": 132}}, {"predicate": "主营业务收入", "object_type": "金额", "subject_type": "日期", "object": "432,360,876.01元", "subject": "2000年", "subject_index": {"begin": 100, "end": 105}, "object_index": {"begin": 133, "end": 148}}]}
{"text": "2001年4月，国家建设部颁布了新的《建筑业企业资质管理规定》，该规定于当年7月1日正式实行。新的资质管理制度的主要实质是：调控建筑市场上能进行施工总承包的力量；改变小企业拿高资质承接施工任务，造成施工总承包企业的过度竞争、恶性竞争。", "spo_list": [{"predicate": "出具日期", "object_type": "日期", "subject_type": "文件", "object": "2001年4月", "subject": "《建筑业企业资质管理规定》", "subject_index": {"begin": 18, "end": 31}, "object_index": {"begin": 0, "end": 7}}]}
{"text": "公司经济效益始终保持着较好的水平，近三年及最近一期实现净利润分别为2,255万元、2,449万元、2,471万元和1,302万元；公司整体资产质量较高，2001年末资产负债率为60.57%，2002年6月30日为60.51%；所做工程项目大多为国家、省、市重点基础设施项目，代垫资金较少，资金成本较低，资金回收的安全性高；公司资产的流动性较好，流动比率和速动比率始终保持在合理水平。目前公司银行借款较少，对外无担保，作为中国建设银行浙江省分行AAA信用企业，融资渠道畅通。公司的财务管理制度和会计核算制度健全，资金调度手续完备。公司实现了会计核算电算化，财务信息传递迅速，财务内部控制制度健全、有效。公司的财务会计人员素质较高，财务会计审计部门设置健全，岗位职责分工明确。", "spo_list": [{"predicate": "资产负债率", "object_type": "日期", "subject_type": "比率", "object": "2001年", "subject": "60.57%", "subject_index": {"begin": 88, "end": 94}, "object_index": {"begin": 76, "end": 81}}, {"predicate": "资产负债率", "object_type": "日期", "subject_type": "比率", "object": "2002年6月30日", "subject": "60.51%", "subject_index": {"begin": 106, "end": 112}, "object_index": {"begin": 95, "end": 105}}]}
{"text": "公司现有管理人员72人，核心管理人员变动较小。本公司现有技术人员306人，公司至今尚未有关键技术人员流出。在长期的市政建筑工程施工过程中，公司锻炼和培养了一支具备丰富的现场施工经验、善于解决其他企业无法解决的技术或施工难题的队伍，能保证各种难度工程的施工顺利进行，施工技术人员的现场操作能力上具有较强的竞争实力。企业自1972年创立至今，具有上述二十多年丰富现场施工经验的项目经理和现场指挥技术人员基本保留在公司体系内，流动率较低，为公司对外承揽用常规施工方法难以解决的高难度施工工程起到了关键性作用。", "spo_list": []}
{"text": "1999～2001年及2002年1～6月，公司主营业务市政工程、公路工程和轨道交通工程实现主营业务收入38,340万元、39,714万元、44,468万元和23,977万元，分别占公司当期主营业务收入总额的89.40%、91.22%、89.43%和90.27%，主营业务突出。此外，公司还承揽建设部分房屋和装饰工程。", "spo_list": [{"predicate": "主营业务收入", "object_type": "金额", "subject_type": "日期", "object": "38,340万元", "subject": "1999～2001年及2002年1～6月", "subject_index": {"begin": 0, "end": 20}, "object_index": {"begin": 51, "end": 59}}, {"predicate": "主营业务收入", "object_type": "金额", "subject_type": "日期", "object": "39,714万元", "subject": "1999～2001年及2002年1～6月", "subject_index": {"begin": 0, "end": 20}, "object_index": {"begin": 60, "end": 68}}, {"predicate": "主营业务收入", "object_type": "金额", "subject_type": "日期", "object": "44,468万元", "subject": "1999～2001年及2002年1～6月", "subject_index": {"begin": 0, "end": 20}, "object_index": {"begin": 69, "end": 77}}, {"predicate": "主营业务收入", "object_type": "金额", "subject_type": "日期", "object": "23,977万元", "subject": "1999～2001年及2002年1～6月", "subject_index": {"begin": 0, "end": 20}, "object_index": {"begin": 78, "end": 86}}]}
{"text": "建筑企业的生产经营主要受管理能力的限制，其生产能力可以通过设备租赁和工程分包等方式快速扩大，近年来公司主营业务收入从1999年的4.29亿元上升到2001年的4.97亿元。公司目前拥有一批现场管理经验丰富、施工技术水平高的管理人员，能够适应公司近年来的发展需要，实现公司制定的业务发展计划。", "spo_list": [{"predicate": "主营业务收入", "object_type": "金额", "subject_type": "日期", "object": "4.97亿元", "subject": "2001年", "subject_index": {"begin": 73, "end": 78}, "object_index": {"begin": 79, "end": 85}}, {"predicate": "主营业务收入", "object_type": "金额", "subject_type": "日期", "object": "4.29亿元", "subject": "1999年", "subject_index": {"begin": 58, "end": 63}, "object_index": {"begin": 64, "end": 70}}]}
{"text": "公司根据科研开发需要安排费用支出，2001年度用于研究开发的费用累计为551,889.38元，占当年主营收入的0.11%；2002年1～6月公司用于研究开发的费用为831,580.00元，占当期主营业务收入的0.31%，未发生过因科研经费不足而造成科研项目流产的情况。", "spo_list": [{"predicate": "研发费用", "object_type": "金额", "subject_type": "日期", "object": "551,889.38元", "subject": "2001年度", "subject_index": {"begin": 17, "end": 23}, "object_index": {"begin": 35, "end": 46}}, {"predicate": "研发费用", "object_type": "金额", "subject_type": "日期", "object": "831,580.00元", "subject": "2002年1～6月", "subject_index": {"begin": 61, "end": 70}, "object_index": {"begin": 82, "end": 93}}]}
{"text": "1999～2001年上海博佳投资管理有限公司的主要业务为销售建筑材料。1999年上海博佳投资管理有限公司实现销售收入194.87万元，利润总额为6.9万元；2000年实现销售收入185.29万元，利润总额为－9.01万元；2001年实现销售收入202.65万元，利润总额为－4.15万元。", "spo_list": [{"predicate": "营业收入", "object_type": "金额", "subject_type": "日期", "object": "194.87万元", "subject": "1999年", "subject_index": {"begin": 35, "end": 40}, "object_index": {"begin": 58, "end": 66}}, {"predicate": "营业利润", "object_type": "金额", "subject_type": "日期", "object": "6.9万元", "subject": "1999年", "subject_index": {"begin": 35, "end": 40}, "object_index": {"begin": 72, "end": 77}}, {"predicate": "营业收入", "object_type": "金额", "subject_type": "日期", "object": "185.29万元", "subject": "2000年", "subject_index": {"begin": 78, "end": 83}, "object_index": {"begin": 89, "end": 97}}, {"predicate": "营业利润", "object_type": "金额", "subject_type": "日期", "object": "－9.01万元", "subject": "2000年", "subject_index": {"begin": 78, "end": 83}, "object_index": {"begin": 103, "end": 110}}, {"predicate": "营业收入", "object_type": "金额", "subject_type": "日期", "object": "202.65万元", "subject": "2001年", "subject_index": {"begin": 111, "end": 116}, "object_index": {"begin": 122, "end": 130}}, {"predicate": "营业利润", "object_type": "金额", "subject_type": "日期", "object": "－4.15万元", "subject": "2001年", "subject_index": {"begin": 111, "end": 116}, "object_index": {"begin": 136, "end": 143}}]}
{"text": "叶春方先生，47岁，高中，工程师，一级项目经理。1972年在浙江黄岩市政工程公司参加工作，任该公司项目负责人。1995年至今任本公司董事、副总经理。", "spo_list": [{"predicate": "任职日期", "object_type": "日期", "subject_type": "人物", "object": "1972年", "subject": "叶春方", "subject_index": {"begin": 0, "end": 3}, "object_index": {"begin": 24, "end": 29}}, {"predicate": "任职公司", "object_type": "公司", "subject_type": "人物", "object": "浙江黄岩市政工程公司", "subject": "叶春方", "subject_index": {"begin": 0, "end": 3}, "object_index": {"begin": 30, "end": 40}}, {"predicate": "任职日期", "object_type": "日期", "subject_type": "人物", "object": "1995年至今", "subject": "叶春方", "subject_index": {"begin": 0, "end": 3}, "object_index": {"begin": 55, "end": 62}}]}
{"text": "朱武祥先生，37岁，经济学博士，历任清华大学经济管理学院经济系助教、金融系讲师、副教授，曾到美国麻省理工学院斯隆管理学院做访问学者半年，现任清华大学公司财务与投资银行学副教授，经济管理学院金融系副主任。2002年2月18日起任本公司独立董事。", "spo_list": [{"predicate": "任职公司", "object_type": "公司", "subject_type": "人物", "object": "清华大学经济管理学院", "subject": "朱武祥", "subject_index": {"begin": 0, "end": 3}, "object_index": {"begin": 18, "end": 28}}, {"predicate": "任职日期", "object_type": "日期", "subject_type": "人物", "object": "2002年2月18日", "subject": "朱武祥", "subject_index": {"begin": 0, "end": 3}, "object_index": {"begin": 101, "end": 111}}, {"predicate": "任职公司", "object_type": "公司", "subject_type": "人物", "object": "清华大学公司", "subject": "朱武祥", "subject_index": {"begin": 0, "end": 3}, "object_index": {"begin": 70, "end": 76}}]}
{"text": "殷奇先生，39岁，本科，工程师，一级项目经理。1984年在上海城建学院参加工作，1995年到本公司任质量安全部经理，现任本公司副总经理。", "spo_list": [{"predicate": "本科", "object_type": "学历", "subject_type": "人物", "object": "本科", "subject": "殷奇", "subject_index": {"begin": 0, "end": 2}, "object_index": {"begin": 9, "end": 11}}, {"predicate": "任职日期", "object_type": "日期", "subject_type": "人物", "object": "1984年", "subject": "殷奇", "subject_index": {"begin": 0, "end": 2}, "object_index": {"begin": 23, "end": 28}}, {"predicate": "任职日期", "object_type": "日期", "subject_type": "人物", "object": "1995年", "subject": "殷奇", "subject_index": {"begin": 0, "end": 2}, "object_index": {"begin": 40, "end": 45}}]}
{"text": "申文田先生，35岁，本科，高级会计师，具有中国注册会计师资格。1989年8月参加工作，历任河北省邯郸市工业学校教员，邯郸市机械电子工业公司主管会计，邯郸市机械供销总公司财务科长，邯郸市发达纺织集团有限公司主办会计，2001年3月至今任本公司总会计师。", "spo_list": [{"predicate": "本科", "object_type": "学历", "subject_type": "人物", "object": "本科", "subject": "申文田", "subject_index": {"begin": 0, "end": 3}, "object_index": {"begin": 10, "end": 12}}, {"predicate": "任职日期", "object_type": "日期", "subject_type": "人物", "object": "2001年3月至今", "subject": "申文田", "subject_index": {"begin": 0, "end": 3}, "object_index": {"begin": 107, "end": 116}}, {"predicate": "任职日期", "object_type": "日期", "subject_type": "人物", "object": "1989年8月", "subject": "申文田", "subject_index": {"begin": 0, "end": 3}, "object_index": {"begin": 31, "end": 38}}, {"predicate": "任职公司", "object_type": "公司", "subject_type": "人物", "object": "河北省邯郸市工业学校", "subject": "申文田", "subject_index": {"begin": 0, "end": 3}, "object_index": {"begin": 45, "end": 55}}, {"predicate": "任职公司", "object_type": "公司", "subject_type": "人物", "object": "邯郸市机械电子工业公司", "subject": "申文田", "subject_index": {"begin": 0, "end": 3}, "object_index": {"begin": 58, "end": 69}}, {"predicate": "任职公司", "object_type": "公司", "subject_type": "人物", "object": "邯郸市机械供销总公司", "subject": "申文田", "subject_index": {"begin": 0, "end": 3}, "object_index": {"begin": 74, "end": 84}}, {"predicate": "任职公司", "object_type": "公司", "subject_type": "人物", "object": "邯郸市发达纺织集团有限公司", "subject": "申文田", "subject_index": {"begin": 0, "end": 3}, "object_index": {"begin": 89, "end": 102}}]}
{"text": "2000年度、2001年度和2002年1～6月确认的施工项目收入中各有8,633,978.15元、54,181,285.00元和79,568,040.00元，系由总承包商分包而来，根据《营业税暂行条例》，相应的营业税由发包的总承包商代扣代缴。本公司的上述收入系以扣除营业税后的净额入帐,故未计提营业税及相应的附加。", "spo_list": [{"predicate": "其他收入", "object_type": "金额", "subject_type": "日期", "object": "79,568,040.00元", "subject": "2002年1～6月", "subject_index": {"begin": 14, "end": 23}, "object_index": {"begin": 64, "end": 78}}, {"predicate": "其他收入", "object_type": "金额", "subject_type": "日期", "object": "54,181,285.00元", "subject": "2001年度", "subject_index": {"begin": 7, "end": 13}, "object_index": {"begin": 49, "end": 63}}, {"predicate": "其他收入", "object_type": "金额", "subject_type": "日期", "object": "8,633,978.15元", "subject": "2000年度", "subject_index": {"begin": 0, "end": 6}, "object_index": {"begin": 35, "end": 48}}]}
{"text": "截止2002年6月30日，本公司有形资产净值为人民币401,320,806.24元。", "spo_list": [{"predicate": "固定资产", "object_type": "金额", "subject_type": "日期", "object": "401,320,806.24元", "subject": "2002年6月30日", "subject_index": {"begin": 2, "end": 12}, "object_index": {"begin": 26, "end": 41}}]}
{"text": "2000年末未分配利润为－965,198.30元，主要是按财政部财会字[1999]35号文的有关规定，从1999年1月1日起，坏账准备由直接转销法改为按应收款项期末余额的5.5%计提，补提了坏账准备，并采用追溯调整法，调整了期初留存收益所致。", "spo_list": [{"predicate": "未分配利润", "object_type": "金额", "subject_type": "日期", "object": "－965,198.30元", "subject": "2000年", "subject_index": {"begin": 0, "end": 5}, "object_index": {"begin": 12, "end": 24}}]}
{"text": "公司2002年1～6月份经营活动产生的现金流量净额为3,501,227.94元，其中销售商品、提供劳务收到的现金为170,573,408.91元，购买商品、接受劳务支付的现金为97,178,333.50元。本公司2002年1～6月没有发生筹资活动产生的现金流量，也没有发生不涉及现金收支的投资和筹资活动。投资活动产生的现金流量净额为4,047,652.68元。每股经营活动产生的现金流量净额为0.04元。", "spo_list": [{"predicate": "公司经营活动产生的现金流量净额", "object_type": "金额", "subject_type": "日期", "object": "3,501,227.94元", "subject": "2002年1～6月", "subject_index": {"begin": 2, "end": 11}, "object_index": {"begin": 26, "end": 39}}, {"predicate": "公司经营活动产生的现金流量净额", "object_type": "金额", "subject_type": "日期", "object": "4,047,652.68元", "subject": "2002年1～6月", "subject_index": {"begin": 106, "end": 115}, "object_index": {"begin": 166, "end": 179}}]}
{"text": "根据浙江天健会计师事务所出具的浙天会审[2002]第803号《审计报告》披露的财务资料，截止到2002年6月30日，本公司已实现的主营业务收入为26,561.94万元，已实现的利润总额2,164.38万元，已实现的净利润为1,301.72万元，2002年6月末的净资产为15,844.90万元，本公司截止到2002年6月份已实现的全面摊薄净资产收益率为8.22%。；另外，根据本公司2002年7～10月份未经审计的财务报表，公司2002年7～10月实现主营业务收入17,429万元，实现利润总额1,259万元，实现净利润843万元。从上述数据可以看出，本公司的实际生产经营情况处于正常水平。", "spo_list": [{"predicate": "主营业务收入", "object_type": "金额", "subject_type": "日期", "object": "26,561.94万元", "subject": "2002年6月30日", "subject_index": {"begin": 47, "end": 57}, "object_index": {"begin": 72, "end": 83}}, {"predicate": "净资产账面价值", "object_type": "金额", "subject_type": "日期", "object": "15,844.90万元", "subject": "2002年6月", "subject_index": {"begin": 122, "end": 129}, "object_index": {"begin": 135, "end": 146}}, {"predicate": "净利润", "object_type": "金额", "subject_type": "日期", "object": "1,301.72万元", "subject": "2002年6月30日", "subject_index": {"begin": 47, "end": 57}, "object_index": {"begin": 111, "end": 121}}, {"predicate": "主营业务收入", "object_type": "金额", "subject_type": "日期", "object": "17,429万元", "subject": "2002年7～10月", "subject_index": {"begin": 214, "end": 224}, "object_index": {"begin": 232, "end": 240}}, {"predicate": "净利润", "object_type": "金额", "subject_type": "日期", "object": "843万元", "subject": "2002年7～10月", "subject_index": {"begin": 214, "end": 224}, "object_index": {"begin": 260, "end": 265}}, {"predicate": "截止日期", "object_type": "日期", "subject_type": "报告", "object": "2002年6月30日", "subject": "《审计报告》", "subject_index": {"begin": 30, "end": 36}, "object_index": {"begin": 47, "end": 57}}]}
{"text": "截至2002年6月30日，公司流动资产主要由货币资金7,561.20万元、应收帐款21,892.20万元、其他应收款6,104.14万元、存货780.54万元构成对公司流动资产质量产生影响的主要为应收款项（应收帐款和其他应收款）和存货项目。", "spo_list": [{"predicate": "货币资金", "object_type": "金额", "subject_type": "日期", "object": "7,561.20万元", "subject": "2002年6月30日", "subject_index": {"begin": 2, "end": 12}, "object_index": {"begin": 26, "end": 36}}, {"predicate": "应收账款余额", "object_type": "金额", "subject_type": "日期", "object": "21,892.20万元", "subject": "2002年6月30日", "subject_index": {"begin": 2, "end": 12}, "object_index": {"begin": 41, "end": 52}}, {"predicate": "长期应收款", "object_type": "金额", "subject_type": "日期", "object": "6,104.14万元", "subject": "2002年6月30日", "subject_index": {"begin": 2, "end": 12}, "object_index": {"begin": 58, "end": 68}}, {"predicate": "存货", "object_type": "金额", "subject_type": "日期", "object": "780.54万元", "subject": "2002年6月30日", "subject_index": {"begin": 2, "end": 12}, "object_index": {"begin": 71, "end": 79}}]}
{"text": "截止到2002年6月30日，公司总资产规模为4.02亿元左右、净资产规模为1.58亿元左右，公司的资产规模在同行业上市公司中处于较低水平。鉴于公司目前的规模和实力，公司不宜在工程施工机械设备的购置上投入大量资金。另外，公司目前的业务分散于上海、杭州、台州、重庆等全国各个地区，施工设备在各施工地点的跨地区转移，将大大增加设备维护保养成本和机械设备的磨损程度，从而增加施工成本，因此根据项目施工的要求，采用在当地租赁机械设备以满足公司生产经营之需不失为一种更有效率和更具竞争力的经营方式。", "spo_list": [{"predicate": "总资产", "object_type": "金额", "subject_type": "日期", "object": "4.02亿元", "subject": "2002年6月30日", "subject_index": {"begin": 3, "end": 13}, "object_index": {"begin": 22, "end": 28}}, {"predicate": "净资产账面价值", "object_type": "金额", "subject_type": "日期", "object": "1.58亿元", "subject": "2002年6月30日", "subject_index": {"begin": 3, "end": 13}, "object_index": {"begin": 37, "end": 43}}]}
{"text": "本公司采取备抵法核算坏帐。公司的坏账准备原按应收款项（包括应收账款和其他应收款）余额的5.5%计提，从2001年1月1日起改按应收款项账龄分析法计提，根据债务单位的财务状况、现金流量等情况，确定提取比例分别为：账龄1年（含1年，以下类推）以内的，按其余额的5%计提；账龄1～2年的，按其余额的10%计提；账龄2～3年的，按其余额的15%计提；账龄3～4年的，按其余额的20%计提；账龄4～5年的，按其余额的50%计提；账龄5年以上的，按其余额的100%计提。上述会计估计的变更，致使2001年坏账准备计提数增加480.13万元，截至2002年6月30日，公司计提坏帐准备2,195.06万元。", "spo_list": [{"predicate": "坏账准备", "object_type": "金额", "subject_type": "日期", "object": "480.13万元", "subject": "2001年", "subject_index": {"begin": 241, "end": 246}, "object_index": {"begin": 255, "end": 263}}, {"predicate": "坏账准备", "object_type": "金额", "subject_type": "日期", "object": "2,195.06万元", "subject": "2002年6月30日", "subject_index": {"begin": 266, "end": 276}, "object_index": {"begin": 285, "end": 295}}]}
{"text": "根据经审计的2002年半年度财务报告，公司净资产总额将由发行前的15,845万元增加至44,637万元，每股净资产由1.59元增加到2.79元，母公司资产负债率由60.51%下降到35.22%。", "spo_list": [{"predicate": "净资产账面价值", "object_type": "金额", "subject_type": "日期", "object": "15,845万元", "subject": "2002年", "subject_index": {"begin": 6, "end": 11}, "object_index": {"begin": 32, "end": 40}}, {"predicate": "净资产账面价值", "object_type": "金额", "subject_type": "日期", "object": "44,637万元", "subject": "2002年", "subject_index": {"begin": 6, "end": 11}, "object_index": {"begin": 43, "end": 51}}]}
{"text": "2002年11月，公司接到上海北环高速公路建设发展有限公司于2002年11月18日出具的编号为N0.00485号《上海市建设工程施工中标（交易成交）通知书》，本公司在北环高速公路B标工程公开招标中中标，该工程承包造价为16,120万元，工程期限为547日历天，计划开工日期为2002年11月28日。", "spo_list": [{"predicate": "出具日期", "object_type": "日期", "subject_type": "文件", "object": "2002年11月18日", "subject": "N0.00485号《上海市建设工程施工中标（交易成交）通知书》", "subject_index": {"begin": 47, "end": 78}, "object_index": {"begin": 30, "end": 41}}]}
{"text": "1996年，浙江省经济体制改革委员会以浙经体改[1996]55号《关于同意浙江腾达市政工程集团股份有限公司增资扩股的批复》批准了本次增资，根据该文件，“增资扩股额由股金分红和现金投入组成，共计1,288.34万股”。在实际操作过程中，公司将1995年度的股利分红909.6万元用于送红股，同时将盈余公积378.74万元用于转增股本，共计增资1,288.34万元，公司注册资本从3,032万元增加到4,320.34万元，本次增资实际为送红股和盈余公积转增股本。", "spo_list": [{"predicate": "未分配利润", "object_type": "金额", "subject_type": "日期", "object": "909.6万元", "subject": "1995年度", "subject_index": {"begin": 120, "end": 126}, "object_index": {"begin": 131, "end": 138}}, {"predicate": "股本", "object_type": "金额", "subject_type": "日期", "object": "378.74万元", "subject": "1995年度", "subject_index": {"begin": 120, "end": 126}, "object_index": {"begin": 151, "end": 159}}, {"predicate": "注册资本", "object_type": "金额", "subject_type": "日期", "object": "1,288.34万元", "subject": "1995年度", "subject_index": {"begin": 120, "end": 126}, "object_index": {"begin": 170, "end": 180}}, {"predicate": "注册资本", "object_type": "金额", "subject_type": "日期", "object": "3,032万元", "subject": "1995年度", "subject_index": {"begin": 120, "end": 126}, "object_index": {"begin": 188, "end": 195}}, {"predicate": "注册资本", "object_type": "金额", "subject_type": "日期", "object": "4,320.34万元", "subject": "1995年度", "subject_index": {"begin": 120, "end": 126}, "object_index": {"begin": 198, "end": 208}}]}
{"text": "净资产增加。由于公司2001年利润不分配，净资产相应增加2,458万元。在负债总额减少和净资产增加的双重影响下，公司2001年的资产负债率有较大下降。", "spo_list": [{"predicate": "净资产账面价值", "object_type": "金额", "subject_type": "日期", "object": "2,458万元", "subject": "2001年", "subject_index": {"begin": 10, "end": 15}, "object_index": {"begin": 28, "end": 35}}]}
{"text": "根据浙江天健会计师事务所出具的浙天会审[2002]第803号《审计报告》，2001年末和2002年6月30日流动资产的组成如下：", "spo_list": [{"predicate": "出具日期", "object_type": "日期", "subject_type": "文件", "object": "2002", "subject": "《审计报告", "subject_index": {"begin": 30, "end": 35}, "object_index": {"begin": 20, "end": 24}}]}
{"text": "本公司2002年6月30日的存货为780.54万元的工程施工成本。由于公司项目施工地域较为分散，为了降低施工材料的管理成本和资金占用成本，公司目前没有建立统一的材料仓库，工程项目所需的成批材料随时由供应商供应，所以公司的原材料存货较少。工程施工成本为尚未结转或结算的工程成本。", "spo_list": [{"predicate": "存货", "object_type": "金额", "subject_type": "日期", "object": "780.54万元", "subject": "2002年6月30日", "subject_index": {"begin": 3, "end": 13}, "object_index": {"begin": 17, "end": 25}}]}
{"text": "本表中腾达建设资料来源于浙江天健会计师事务所出具的浙天会审[2002]第803号《审计报告》，同行业上市公司资料来源于该上市公司2001年度报告。", "spo_list": []}
{"text": "公司效益良好，1999～2001年及2002年半年度公司实现净利润分别为2,255万元、2,449万元、2,471万元和1,301万元，公司没有未弥补的亏损，并且能够为公司发展提供一定的资金支持。", "spo_list": [{"predicate": "净利润", "object_type": "金额", "subject_type": "日期", "object": "2,255万元", "subject": "1999～2001年及2002年半年度", "subject_index": {"begin": 7, "end": 26}, "object_index": {"begin": 36, "end": 43}}, {"predicate": "净利润", "object_type": "金额", "subject_type": "日期", "object": "2,449万元", "subject": "1999～2001年及2002年半年度", "subject_index": {"begin": 7, "end": 26}, "object_index": {"begin": 44, "end": 51}}, {"predicate": "净利润", "object_type": "金额", "subject_type": "日期", "object": "2,471万元", "subject": "1999～2001年及2002年半年度", "subject_index": {"begin": 7, "end": 26}, "object_index": {"begin": 52, "end": 59}}, {"predicate": "净利润", "object_type": "金额", "subject_type": "日期", "object": "1,301万元", "subject": "1999～2001年及2002年半年度", "subject_index": {"begin": 7, "end": 26}, "object_index": {"begin": 60, "end": 67}}]}
{"text": "2002年8月，由本公司与控股子公司上海博佳投资管理有限公司共同投资组建的台州市路桥至泽国至太平一级公路路桥段项目投资有限公司注册成立，注册资本为9,030万元，经营范围为路桥至泽国至太平一级公路路桥段项目投资。本公司投资8,730万元，占项目公司注册资本的96.68%，上海博佳投资管理有限公司投资300万元，占项目公司注册资本的3.32%。本次募集资金到位后，本公司将单方追加投资。本公司预计投资额为25,817万元，其中募集资金投入25,000万元，其余由公司自筹。公司将根据项目进度及资金使用计划，分期对该公司追加投资。", "spo_list": [{"predicate": "注册资本", "object_type": "金额", "subject_type": "日期", "object": "9,030万元", "subject": "2002年8月", "subject_index": {"begin": 0, "end": 7}, "object_index": {"begin": 73, "end": 80}}, {"predicate": "注册资本", "object_type": "金额", "subject_type": "日期", "object": "8,730万元", "subject": "2002年8月", "subject_index": {"begin": 0, "end": 7}, "object_index": {"begin": 111, "end": 118}}, {"predicate": "注册资本", "object_type": "金额", "subject_type": "日期", "object": "300万元", "subject": "2002年8月", "subject_index": {"begin": 0, "end": 7}, "object_index": {"begin": 150, "end": 155}}, {"predicate": "注册资本", "object_type": "金额", "subject_type": "日期", "object": "25,817万元", "subject": "2002年8月", "subject_index": {"begin": 0, "end": 7}, "object_index": {"begin": 202, "end": 210}}, {"predicate": "注册资本", "object_type": "金额", "subject_type": "日期", "object": "25,000万元", "subject": "2002年8月", "subject_index": {"begin": 0, "end": 7}, "object_index": {"begin": 219, "end": 227}}, {"predicate": "成立日期", "object_type": "日期", "subject_type": "公司", "object": "2002年8月", "subject": "台州市路桥至泽国至太平一级公路路桥段项目投资有限公司", "subject_index": {"begin": 37, "end": 63}, "object_index": {"begin": 0, "end": 7}}]}
{"text": "1994年，黄岩市政工程公司改制时，根据台州市路桥区乡镇企业局路乡企[1995]28号《关于黄岩市政工程公司1994年12月31日的净资产确认书》,黄岩市政工程公司截至1994年11月30日经评估的净资产为1,286万元，同时确认12月份利润250万元，截止1994年12月31日公司净资产总额为1,536万元。根据台州市路桥区经济体制改革委员会、路桥区乡镇企业管理局联合发布的路体改[1995]1号《关于同意黄岩市市政工程公司转换机制的批复》，截止到1994年12月31日，黄岩市政工程公司的净资产总额为1,536万元，按25：75在政府与黄岩市政工程公司间予以分割，其中黄岩市政工程公司分割后拥有1,152万元净资产，政府拥有384万元。1995年1月30日，黄岩市市政工程公司将应上缴区政府的384万元，转为公司对政府的负债，公司会计处理上记为“其他应付款”。", "spo_list": [{"predicate": "净资产账面价值", "object_type": "金额", "subject_type": "日期", "object": "1,536万元", "subject": "1994年12月31日", "subject_index": {"begin": 129, "end": 140}, "object_index": {"begin": 148, "end": 155}}, {"predicate": "净资产评估值", "object_type": "金额", "subject_type": "日期", "object": "1,286万元", "subject": "1994年11月30日", "subject_index": {"begin": 84, "end": 95}, "object_index": {"begin": 103, "end": 110}}]}
{"text": "截至2002年6月30日，公司资产总额40,198万元，其中：流动资产36,341万元占90.40%；长期投资500万元占1.24%；固定资产3,291万元占8.19%劳务资产和其他资产66万元占0.16%。", "spo_list": [{"predicate": "总资产", "object_type": "金额", "subject_type": "日期", "object": "40,198万元", "subject": "2002年6月30日", "subject_index": {"begin": 2, "end": 12}, "object_index": {"begin": 19, "end": 27}}, {"predicate": "流动资产", "object_type": "金额", "subject_type": "日期", "object": "36,341万元", "subject": "2002年6月30日", "subject_index": {"begin": 2, "end": 12}, "object_index": {"begin": 35, "end": 43}}, {"predicate": "固定资产", "object_type": "金额", "subject_type": "日期", "object": "3,291万元", "subject": "2002年6月30日", "subject_index": {"begin": 2, "end": 12}, "object_index": {"begin": 71, "end": 78}}]}
{"text": "本公司2002年6月30日、2001年、2000年和1999年年末的货币资金分别为7,561.20万元、6,806.31万元、4,648.39万元和4,911.81万元。公司2001年底的货币资金较前两年有大额增加（2001年较2000年增加2,158万元），主要是由于2001年本公司出售台州市小世界幼儿园（含土地）取得货币资金流入1,385万元，出售全资子公司上海台盛建筑材料供应站收回资金264万元和收回关联公司的应收款1,259万元所致。扣除该因素的影响后，公司的货币资金量大体持平。", "spo_list": [{"predicate": "货币资金", "object_type": "金额", "subject_type": "日期", "object": "7,561.20万元", "subject": "2002年6月30日", "subject_index": {"begin": 3, "end": 13}, "object_index": {"begin": 41, "end": 51}}, {"predicate": "货币资金", "object_type": "金额", "subject_type": "日期", "object": "6,806.31万元", "subject": "2001年", "subject_index": {"begin": 14, "end": 19}, "object_index": {"begin": 52, "end": 62}}, {"predicate": "货币资金", "object_type": "金额", "subject_type": "日期", "object": "4,648.39万元", "subject": "2000年", "subject_index": {"begin": 20, "end": 25}, "object_index": {"begin": 63, "end": 73}}, {"predicate": "货币资金", "object_type": "金额", "subject_type": "日期", "object": "4,911.81万元", "subject": "1999年年末", "subject_index": {"begin": 26, "end": 33}, "object_index": {"begin": 74, "end": 84}}]}
{"text": "公司1999年银行借款为600万元，2000、2001年末和2002年1～6月，公司无银行借款余额。公司银行借款较少的主要原因如下：", "spo_list": [{"predicate": "长期借款", "object_type": "金额", "subject_type": "日期", "object": "600万元", "subject": "1999年", "subject_index": {"begin": 2, "end": 7}, "object_index": {"begin": 12, "end": 17}}]}
{"text": "浙江天健会计师事务所于2002年9月17日出具了浙天会[2002]第255号《关于腾达建设集团股份有限公司重大关联交易等事项的说明》，对公司资产减值作出如下结论：“我们对腾达股份申报会计期间各项资产减值准备计提政策的稳健性和公允性予以了重点关注；未发现其计提资产减值准备存在不充分的情况，也未发现可能影响其持续经营能力的迹象。”", "spo_list": [{"predicate": "出具日期", "object_type": "日期", "subject_type": "文件", "object": "2002年9月17日", "subject": "浙天会[2002]第255号《关于腾达建设集团股份有限公司重大关联交易等事项的说明》", "subject_index": {"begin": 24, "end": 66}, "object_index": {"begin": 11, "end": 21}}]}
{"text": "浙江天健会计师事务所于2002年9月17日出具了浙天会[2002]第255号《关于腾达建设集团股份有限公司重大关联交易等事项的说明》，对公司最近一年一期内的非经常性损益说明如下：“我们对腾达股份申报会计期间非经常性损益的计算是否准确予以了重点关注，未发现差错。”", "spo_list": [{"predicate": "出具日期", "object_type": "日期", "subject_type": "文件", "object": "2002年9月17日", "subject": "浙天会[2002]第255号《关于腾达建设集团股份有限公司重大关联交易等事项的说明》", "subject_index": {"begin": 24, "end": 66}, "object_index": {"begin": 11, "end": 21}}]}
{"text": "本项目“可研”参照了国家计委1993年颁布的《建设项目经济评价方法与参数》（第二版）、交通部《公路建设项目可行性研究报告编制办法》、交通部公路规划设计院《公路建设项目可行性研究指南》，本项目预计运营成本如下：1、投资成本为25,180万元。2、养护费按交通部公规院《公路技术经济指标》（第二次修订本）中的全国等级公路养护开支费用模型计算。C=51.997×e0.04211Y×5.70式中：C：小修保养费（元/km）；Y：年序后二位数加100（如2001年为01+100=101）。每八年安排一次大修，每次的大修费用为小修保养费用的13倍计算。3、收费处按35人定编，每人每年开支2.0万元计算，管理费为70万元/年。4、路灯照明、通风等运营费、管理费和折旧费，每年按100万元计。5、其他交通工程设施维修、照明、电力、通讯设备等按每年1.0万元/km，全线每年为9.88万元。", "spo_list": [{"predicate": "出具日期", "object_type": "日期", "subject_type": "文件", "object": "1993年", "subject": "《建设项目经济评价方法与参数》（第二版）", "subject_index": {"begin": 22, "end": 42}, "object_index": {"begin": 14, "end": 19}}]}
