{"text": "根据中和正信会计师事务所中和正信审字（2007）第2-353号审计报告，截至2007年9月30日迪贝电工经审计后的净资产为5,306.84万元，其中未分配利润为2,646.92万元。因2007年1-9月迪贝电工净利润为1,815.59万元，扣除计提10%储备基金181.56万元、5%企业发展基金90.78万元后，截至2007年9月末迪贝电工实际可供分配的未分配利润为2,374.58万元。", "spo_list": [{"predicate": "未分配利润", "object_type": "金额", "subject_type": "日期", "object": "2,646.92万元", "subject": "2007年9月30日", "subject_index": {"begin": 38, "end": 48}, "object_index": {"begin": 80, "end": 90}}, {"predicate": "未分配利润", "object_type": "金额", "subject_type": "日期", "object": "2,374.58万元", "subject": "2007年9月末", "subject_index": {"begin": 159, "end": 167}, "object_index": {"begin": 184, "end": 194}}]}
{"text": "本公司生产的电机产品主要为冰箱压缩机及商用压缩机配套，随着公司产销量的逐步扩大，公司应收账款规模将随之扩大。截至2016年12月31日公司应收账款余额为7,538.22万元。公司下游客户主要为国内外著名制冷压缩机制造企业，企业实力较强，且公司账龄在一年以内的应收账款余额占应收账款余额的比例为99.72%，账龄结构相对合理，报告期内公司应收账款回收状况基本良好。但不排除部分客户因其自身原因拖欠公司货款，给本公司造成损失的可能", "spo_list": [{"predicate": "应收账款净额", "object_type": "金额", "subject_type": "日期", "object": "7,538.22万元", "subject": "2016年12月31日", "subject_index": {"begin": 56, "end": 67}, "object_index": {"begin": 76, "end": 86}}]}
{"text": "唐明娟女士出于对个人投资管理的考量，独资设立了持股公司HILTONSTARLIMITED。2008年8月12日，经迪贝电工董事会审议通过并经嵊州市对外贸易经济合作局嵊外经贸[2008]81号《关于同意浙江迪贝电工有限公司变更合同章程的批复》批准，唐明娟女士将其持有的迪贝电工29.03%的股权根据原出资价格作价美元90万元转让给其本人独资设立的HILTONSTARLIMITED（希尔顿之星有限公司，以下称为“希尔顿之星”）。", "spo_list": []}
{"text": "2011年2月23日，信永中和会计师事务所出具XYZH/2010JNA2009-4号《验资报告》，验证截至2011年2月23日公司已收到浙江嘉庆投资有限公司、浙江卧龙创业投资有限公司和浙江太极股权投资合伙企业缴入的货币投资款共计人民币4,800.00万元，其中认缴新增注册资本人民币203.89万元，超出部分人民币4,596.11万元作为资本溢价计入资本公积。", "spo_list": [{"predicate": "出资额评估值", "object_type": "金额", "subject_type": "日期", "object": "4,800.00万元", "subject": "2011年2月23日", "subject_index": {"begin": 0, "end": 10}, "object_index": {"begin": 117, "end": 127}}, {"predicate": "注册资本", "object_type": "金额", "subject_type": "日期", "object": "203.89万元", "subject": "2011年2月23日", "subject_index": {"begin": 0, "end": 10}, "object_index": {"begin": 141, "end": 149}}, {"predicate": "资本公积", "object_type": "金额", "subject_type": "日期", "object": "4,596.11万元", "subject": "2011年2月23日", "subject_index": {"begin": 0, "end": 10}, "object_index": {"begin": 157, "end": 167}}]}
{"text": "2015年1月19日公司通过复审认定为高新技术企业，所得税优惠期为2014年1月1日至2016年12月31日。报告期内公司累计享受企业所得税税收优惠为684.99万元。", "spo_list": [{"predicate": "应交税费", "object_type": "金额", "subject_type": "日期", "object": "684.99万元", "subject": "报告期内", "subject_index": {"begin": 55, "end": 59}, "object_index": {"begin": 75, "end": 83}}]}
{"text": "截至2016年12月31日，公司所抵押的土地、房屋的账面价值分别为2,464.26万元和3,544.11万元，占无形资产及固定资产账面价值的比例分别为80.06%和23.30%，上述用于抵押的资产是公司目前生产经营必需的土地和房屋。如果公司不能按期归还银行借款，上述资产可能面临被银行处置的风险，影响公司生产经营活动的正常运行。", "spo_list": [{"predicate": "非流动负债", "object_type": "金额", "subject_type": "日期", "object": "2,464.26万元", "subject": "2016年12月31日", "subject_index": {"begin": 2, "end": 13}, "object_index": {"begin": 33, "end": 43}}, {"predicate": "非流动负债", "object_type": "金额", "subject_type": "日期", "object": "3,544.11万元", "subject": "2016年12月31日", "subject_index": {"begin": 2, "end": 13}, "object_index": {"begin": 44, "end": 54}}]}
{"text": "经2008年1月17日新星机电股东会审议通过，新星机电收购迪贝集团所有的总面积25,036平方米的4宗土地使用权以及总建筑面积18,670.85平方米的5项房屋建筑物产权。上述土地使用权及房屋账面值1,269.93万元，评估值为2,257.46万元，转让价款总计为2,257.46万元。", "spo_list": [{"predicate": "固定资产", "object_type": "金额", "subject_type": "日期", "object": "1,269.93万元", "subject": "2008年1月17日", "subject_index": {"begin": 1, "end": 11}, "object_index": {"begin": 99, "end": 109}}, {"predicate": "净资产评估值", "object_type": "金额", "subject_type": "日期", "object": "2,257.46万元", "subject": "2008年1月17日", "subject_index": {"begin": 1, "end": 11}, "object_index": {"begin": 114, "end": 124}}, {"predicate": "其他收益", "object_type": "金额", "subject_type": "日期", "object": "2,257.46万元", "subject": "2008年1月17日", "subject_index": {"begin": 1, "end": 11}, "object_index": {"begin": 132, "end": 142}}]}
{"text": "1994年至2001年11月底，先后向乡镇企业局共计支付人民币580,000.00元。其中：1994年11月21日支付现金人民币200,000.00元、1995年12月5日支付现金人民币50,000.00元、2001年3月22日支付现金人民币100,000.00元、2001年7月4日支付现金人民币100,000.00元、2001年11月20日支付现金人民币100,000.00元；以及2001年前支付乡镇企业局5名挂靠人员养老保险统筹金人民币30,000.00元。", "spo_list": [{"predicate": "营业外支出", "object_type": "金额", "subject_type": "日期", "object": "580,000.00元", "subject": "1994年至2001年11月底", "subject_index": {"begin": 0, "end": 15}, "object_index": {"begin": 31, "end": 42}}, {"predicate": "营业外支出", "object_type": "金额", "subject_type": "日期", "object": "200,000.00元", "subject": "1994年11月21日", "subject_index": {"begin": 46, "end": 57}, "object_index": {"begin": 64, "end": 75}}, {"predicate": "营业外支出", "object_type": "金额", "subject_type": "日期", "object": "50,000.00元", "subject": "1995年12月5日", "subject_index": {"begin": 76, "end": 86}, "object_index": {"begin": 93, "end": 103}}, {"predicate": "营业外支出", "object_type": "金额", "subject_type": "日期", "object": "100,000.00元", "subject": "2001年3月22日", "subject_index": {"begin": 104, "end": 114}, "object_index": {"begin": 121, "end": 132}}, {"predicate": "营业外支出", "object_type": "金额", "subject_type": "日期", "object": "100,000.00元", "subject": "2001年7月4日", "subject_index": {"begin": 133, "end": 142}, "object_index": {"begin": 149, "end": 160}}, {"predicate": "营业外支出", "object_type": "金额", "subject_type": "日期", "object": "100,000.00元", "subject": "2001年11月20日", "subject_index": {"begin": 161, "end": 172}, "object_index": {"begin": 179, "end": 190}}, {"predicate": "营业外支出", "object_type": "金额", "subject_type": "日期", "object": "30,000.00元", "subject": "2001年", "subject_index": {"begin": 193, "end": 198}, "object_index": {"begin": 222, "end": 232}}]}
