{"text": "截至2017年12月31日，本公司应收账款账面余额为5,811.03万元，坏账准备为290.55万元，账面价值为5,520.48万元，", "spo_list": [{"predicate": "应收账款净额", "object_type": "金额", "subject_type": "日期", "object": "5,811.03万元", "subject": "2017年12月31日", "subject_index": {"begin": 2, "end": 13}, "object_index": {"begin": 26, "end": 36}}, {"predicate": "坏账准备", "object_type": "金额", "subject_type": "日期", "object": "290.55万元", "subject": "2017年12月31日", "subject_index": {"begin": 2, "end": 13}, "object_index": {"begin": 42, "end": 50}}]}
{"text": "截至2017年12月31日，本公司其他应收款账面余额为17,012.06万元，坏账准备为10,350.60万元，账面价值为6,661.46万元，", "spo_list": [{"predicate": "其他应收款净额", "object_type": "金额", "subject_type": "日期", "object": "17,012.06万元", "subject": "2017年12月31日", "subject_index": {"begin": 2, "end": 13}, "object_index": {"begin": 27, "end": 38}}, {"predicate": "坏账准备", "object_type": "金额", "subject_type": "日期", "object": "10,350.60万元", "subject": "2017年12月31日", "subject_index": {"begin": 2, "end": 13}, "object_index": {"begin": 44, "end": 55}}]}
{"text": "截至2017年12月31日，本公司在建工程账面价值为3,192.10万元，为公司的SAP项目工程、花桥物流园项目、部分零星装修工程尚未竣工结算，以及伯俊软件使用许可及系统实施尚未完成验收。", "spo_list": [{"predicate": "在建工程账面价值", "object_type": "金额", "subject_type": "日期", "object": "3,192.10万元", "subject": "2017年12月31日", "subject_index": {"begin": 2, "end": 13}, "object_index": {"begin": 26, "end": 36}}]}
{"text": "截至2017年12月31日，本公司无形资产账面原值1,501.48万元，累计摊销296.34万元，账面价值为1,205.14万元，", "spo_list": [{"predicate": "无形资产", "object_type": "金额", "subject_type": "日期", "object": "1,501.48万元", "subject": "2017年12月31日", "subject_index": {"begin": 2, "end": 13}, "object_index": {"begin": 25, "end": 35}}]}
{"text": "截至2017年12月31日，本公司预收款项余额为13,542.73万元。", "spo_list": [{"predicate": "预收款项", "object_type": "金额", "subject_type": "日期", "object": "13,542.73万元", "subject": "2017年12月31日", "subject_index": {"begin": 2, "end": 13}, "object_index": {"begin": 24, "end": 35}}]}
{"text": "截至2017年12月31日，本公司其他应付款余额为3,756.57万元，", "spo_list": [{"predicate": "其他应付款", "object_type": "金额", "subject_type": "日期", "object": "3,756.57万元", "subject": "2017年12月31日", "subject_index": {"begin": 2, "end": 13}, "object_index": {"begin": 25, "end": 35}}]}
{"text": "报告期内，本公司将根据经销模式下合同约定的换货率计提的预计换货损失以及待兑换积分计入其他流动负债。截至2017年12月31日，本公司其他流动负债余额为4,369.35万元，", "spo_list": [{"predicate": "流动负债", "object_type": "金额", "subject_type": "日期", "object": "4,369.35万元", "subject": "2017年12月31日", "subject_index": {"begin": 51, "end": 62}, "object_index": {"begin": 75, "end": 85}}]}
{"text": "2013年2月，银信资产评估有限公司接受公司的委托，根据有关法律、法规和资产评估准则、资产评估原则，采用资产基础法评估方法，按照必要的评估程序，对公司拟股份制改制事宜所涉及的上海地素商贸有限公司在评估基准日（2012年12月31日）的市场价值进行了评估，并出具了《上海地素商贸有限公司拟股份制改制净资产评估报告》（银信资评报(2013)沪第041号），确认地素有限净资产的评估值为26,254.42万元。", "spo_list": [{"predicate": "净资产评估值", "object_type": "金额", "subject_type": "日期", "object": "26,254.42万元", "subject": "2013年2月", "subject_index": {"begin": 0, "end": 7}, "object_index": {"begin": 190, "end": 201}}]}
{"text": "报告期内，本公司各期末应收账款账面价值分别为5,480.65万元、5,501.44万元和5,520.48万元，占流动资产的比例分别为5.23%、5.22%和3.85%。2017年末，本公司的应收账款账面价值较上年末上升19.04万元，增幅为0.35%，基本保持同一水平。", "spo_list": [{"predicate": "应收账款净额", "object_type": "金额", "subject_type": "日期", "object": "19.04万元", "subject": "2017年末", "subject_index": {"begin": 84, "end": 90}, "object_index": {"begin": 109, "end": 116}}]}
{"text": "报告期内，本公司其他应收款账面价值分别为4,983.86万元、5,160.48万元和6,661.46万元，占流动资产的比例分别为4.75%、4.90%和4.64%。截至2016年12月31日，公司其他应收款账面价值较2015年末增加176.62万元，增幅3.54%，主要是由于2016年末公司的直营终端门店数量已企稳回升。截至2017年末，公司其他应收款账面价值较2016年末增加1,500.98万元，增幅29.09%，主要是由于：①2017年末公司的直营终端门店数量持续上升；②公司直营门店进驻的部分商场根据市场租金价格上涨相应调增了公司直营门店的租金保证金。", "spo_list": [{"predicate": "其他应收款净额", "object_type": "金额", "subject_type": "日期", "object": "176.62万元", "subject": "2016年12月31日", "subject_index": {"begin": 84, "end": 95}, "object_index": {"begin": 116, "end": 124}}]}
{"text": "截至2016年末，公司在建工程主要为部分零星装修工程、SAP项目尚未竣工结算，以及部分尚未验收的分销系统软件等，账面价值较2015年末变动不大。截至2017年末，公司在建工程账面价值为3,192.10万元，较上年末增加2,611.00万元，增长幅度较大的主要原因为：①为满足公司不断扩大的生产经营规模和现代化物流仓储的需要，公司于2017年实施了花桥物流园建设项目，即于江苏昆山花桥建设公司的现代化物流基地；②公司于2017年投入实施了伯俊软件使用许可及系统实施项目，即公司ERP全渠道系统管理项目。", "spo_list": [{"predicate": "在建工程账面价值", "object_type": "金额", "subject_type": "日期", "object": "3,192.10万元", "subject": "2017年末", "subject_index": {"begin": 74, "end": 80}, "object_index": {"begin": 92, "end": 102}}]}
{"text": "截至2017年末，公司无形资产原值1,501.48万元，累计摊销296.34万元，账面价值1,205.14万元，", "spo_list": [{"predicate": "无形资产", "object_type": "金额", "subject_type": "日期", "object": "1,501.48万元", "subject": "2017年末", "subject_index": {"begin": 2, "end": 8}, "object_index": {"begin": 17, "end": 27}}]}
{"text": "截至2017年12月31日，本公司应收账款账面余额为5,811.03万元，计提坏账准备290.55万元，占应收账款账面余额的5.00%，应收账款账面价值为5,520.48万元。", "spo_list": [{"predicate": "应收账款净额", "object_type": "金额", "subject_type": "日期", "object": "5,811.03万元", "subject": "2017年12月31日", "subject_index": {"begin": 2, "end": 13}, "object_index": {"begin": 26, "end": 36}}]}
{"text": "截至2017年12月31日，本公司其他应收款账面余额为17,012.06万元，主要为支付给安科公司的购房首付款和支付给商场的租金保证金；计提坏账准备10,350.60万元，占其他应收款账面余额的60.84%，其他应收款账面价值为6,661.46万元。", "spo_list": [{"predicate": "其他应收款净额", "object_type": "金额", "subject_type": "日期", "object": "17,012.06万元", "subject": "2017年12月31日", "subject_index": {"begin": 2, "end": 13}, "object_index": {"begin": 27, "end": 38}}, {"predicate": "坏账准备", "object_type": "金额", "subject_type": "日期", "object": "10,350.60万元", "subject": "2017年12月31日", "subject_index": {"begin": 2, "end": 13}, "object_index": {"begin": 74, "end": 85}}]}
{"text": "截至2018年5月9日，本公司下属子公司瑞域服饰诉安科公司继续履行《房地产买卖合同》案件虽已经上海市普陀区人民法院判决，但房产过户手续尚未完成。基于谨慎性原则，公司对该部分其他应收款全额计提了减值准备，并相应确认资产减值损失10,000.00万元。", "spo_list": [{"predicate": "资产减值损失", "object_type": "金额", "subject_type": "日期", "object": "10,000.00万元", "subject": "2018年5月9日", "subject_index": {"begin": 2, "end": 11}, "object_index": {"begin": 112, "end": 123}}]}
{"text": "截至2017年12月31日，公司存货账面余额为30,092.22万元，计提跌价准备4,622.29万元，占存货账面余额的15.36%，存货账面价值为25,469.94万元。", "spo_list": [{"predicate": "存货跌价准备", "object_type": "金额", "subject_type": "日期", "object": "4,622.29万元", "subject": "2017年12月31日", "subject_index": {"begin": 2, "end": 13}, "object_index": {"begin": 41, "end": 51}}]}
{"text": "截至2017年12月31日，公司的流动比率为3.55倍、速动比率为2.92倍，母公司资产负债率为25.93%，各偿债能力指标处于较为稳健的水平。公司的流动比率及速动比率与同行业已上市公司相比较低，主要原因在于已经上市的品牌女装企业通过上市融资，其货币资金等流动资产规模大幅增长，因此，其流动比率、速动比率及资产负债率等财务指标与公司在报告期内的财务指标并不完全可比。", "spo_list": [{"predicate": "速动比率", "object_type": "日期", "subject_type": "比率", "object": "2017年12月31日", "subject": "2.92倍", "subject_index": {"begin": 33, "end": 38}, "object_index": {"begin": 2, "end": 13}}]}
{"text": "报告期内，公司按照当年的盈利情况以及日常经营的资金需求，向股东提供相对稳定的回报，公司利润分配情况可参见“第十四节股利分配政策”之“二、本公司实际股利分配情况”。截至2017年12月31日，公司未分配利润余额为75,364.07万元。", "spo_list": [{"predicate": "未分配利润", "object_type": "金额", "subject_type": "日期", "object": "75,364.07万元", "subject": "2017年12月31日", "subject_index": {"begin": 83, "end": 94}, "object_index": {"begin": 105, "end": 116}}]}
{"text": "截至2017年12月31日，公司总资产规模达175,956.07万元，非流动资产规模达32,493.48万元，净资产规模达133,305.24万元。同时，公司根据整体经营情况、品牌定位及战略、内部经营管控等因素，持续推进、完善研发体系的建设。2015年、2016年和2017年，公司研发费用分别为4,530.25万元、4,377.76万元和5,293.82万元。本次研发中心建设总投资4,011.00万元，以提升公司从产品设计研发到面料开发与测试、样衣制造、制版等环节的软硬件设施，为设计师及辅助设计人员提供良好的工作环境及先进的工作设备，符合公司经营规模、财务状况与发展战略。", "spo_list": [{"predicate": "非流动资产", "object_type": "金额", "subject_type": "日期", "object": "32,493.48万元", "subject": "2017年12月31日", "subject_index": {"begin": 2, "end": 13}, "object_index": {"begin": 43, "end": 54}}, {"predicate": "研发费用", "object_type": "金额", "subject_type": "日期", "object": "4,530.25万元", "subject": "2015年", "subject_index": {"begin": 121, "end": 126}, "object_index": {"begin": 148, "end": 158}}, {"predicate": "研发费用", "object_type": "金额", "subject_type": "日期", "object": "4,377.76万元", "subject": "2016年", "subject_index": {"begin": 127, "end": 132}, "object_index": {"begin": 159, "end": 169}}, {"predicate": "研发费用", "object_type": "金额", "subject_type": "日期", "object": "5,293.82万元", "subject": "2017年", "subject_index": {"begin": 133, "end": 138}, "object_index": {"begin": 170, "end": 180}}]}
{"text": "报告期内，本公司不断推进设计研发团队的建设，加强产品的开发力度，确保产品能够符合时尚潮流，并且能够体现公司品牌精神及文化内涵，满足消费者对于中高端品牌女装的消费品味，持续提升产品的认可度及美誉度。2015年度至2017年度，公司的研发费用分别为4,530.25万元、4,377.76万元和5,293.82万元。", "spo_list": [{"predicate": "研发费用", "object_type": "金额", "subject_type": "日期", "object": "4,530.25万元", "subject": "2015年度至2017年度", "subject_index": {"begin": 98, "end": 111}, "object_index": {"begin": 122, "end": 132}}, {"predicate": "研发费用", "object_type": "金额", "subject_type": "日期", "object": "4,377.76万元", "subject": "2015年度至2017年度", "subject_index": {"begin": 98, "end": 111}, "object_index": {"begin": 133, "end": 143}}, {"predicate": "研发费用", "object_type": "金额", "subject_type": "日期", "object": "5,293.82万元", "subject": "2015年度至2017年度", "subject_index": {"begin": 98, "end": 111}, "object_index": {"begin": 144, "end": 154}}]}
{"text": "截至2017年12月31日，本公司预付款项账面余额为15,082.29万元，", "spo_list": [{"predicate": "预付款项", "object_type": "金额", "subject_type": "日期", "object": "15,082.29万元", "subject": "2017年12月31日", "subject_index": {"begin": 2, "end": 13}, "object_index": {"begin": 26, "end": 37}}]}
{"text": "截至2017年12月31日，本公司其他流动资产余额为215.40万元，", "spo_list": [{"predicate": "流动资产", "object_type": "金额", "subject_type": "日期", "object": "215.40万元", "subject": "2017年12月31日", "subject_index": {"begin": 2, "end": 13}, "object_index": {"begin": 26, "end": 34}}]}
{"text": "截至2017年12月31日，本公司应交税费余额为10,423.90万元，", "spo_list": [{"predicate": "应交税费", "object_type": "金额", "subject_type": "日期", "object": "10,423.90万元", "subject": "2017年12月31日", "subject_index": {"begin": 2, "end": 13}, "object_index": {"begin": 24, "end": 35}}]}
{"text": "截至2017年12月31日，本公司固定资产原值24,645.74万元，累计折旧5,870.15万元，账面价值18,775.58万元，固定资产整体成新率76.18%", "spo_list": [{"predicate": "息税折旧摊销前利润", "object_type": "金额", "subject_type": "日期", "object": "5,870.15万元", "subject": "2017年12月31日", "subject_index": {"begin": 2, "end": 13}, "object_index": {"begin": 39, "end": 49}}]}
{"text": "报告期各期末，公司预收账款规模的变动主要与经销商订单金额、经销商定金比例以及公司在各期末的发货节奏相关。截至2016年12月31日，公司预收款项余额较上年末减少12.75%，主要原因系2016年部分经销商因合作商场运营调整、自身经营调整等原因被动或主动关闭了一定数量的门店，导致预收的经销商订货款有所下降。截至2017年12月31日，公司预收款项余额较上年末减少1,845.71万元，降幅11.99%，主要系公司按照当年既定的新品发货计划，为满足各地天气提前升温趋势下经销商对春季新品备货上新的需要，发出春季新品的数量及金额同比有所增加所致。", "spo_list": [{"predicate": "预收款项", "object_type": "金额", "subject_type": "日期", "object": "1,845.71万元", "subject": "2017年12月31日", "subject_index": {"begin": 155, "end": 166}, "object_index": {"begin": 181, "end": 191}}]}
{"text": "2015年至2017年，公司营业收入分别为18.52亿元、18.15亿元和19.46亿元，营业总成本支出分别为12.13亿元、11.57亿元和13.80亿元，公司用于购买商品、接受劳务支付的现金支出分别为6.82亿元、5.89亿元和6.75亿元。随着公司业务规模的扩张，存货账面价值从2015年末的2.29亿元上升至截止2017年末的2.55亿元，持续增长的业务规模和存货规模增加了公司对资金的需求，因此补充流动资金是公司经营形势发展所需。", "spo_list": [{"predicate": "营业收入", "object_type": "金额", "subject_type": "日期", "object": "18.52亿元", "subject": "2015年至2017年", "subject_index": {"begin": 0, "end": 11}, "object_index": {"begin": 21, "end": 28}}, {"predicate": "营业收入", "object_type": "金额", "subject_type": "日期", "object": "18.15亿元", "subject": "2015年至2017年", "subject_index": {"begin": 0, "end": 11}, "object_index": {"begin": 29, "end": 36}}, {"predicate": "营业收入", "object_type": "金额", "subject_type": "日期", "object": "19.46亿元", "subject": "2015年至2017年", "subject_index": {"begin": 0, "end": 11}, "object_index": {"begin": 37, "end": 44}}, {"predicate": "总营业成本", "object_type": "金额", "subject_type": "日期", "object": "12.13亿元", "subject": "2015年至2017年", "subject_index": {"begin": 0, "end": 11}, "object_index": {"begin": 55, "end": 62}}, {"predicate": "总营业成本", "object_type": "金额", "subject_type": "日期", "object": "11.57亿元", "subject": "2015年至2017年", "subject_index": {"begin": 0, "end": 11}, "object_index": {"begin": 63, "end": 70}}, {"predicate": "总营业成本", "object_type": "金额", "subject_type": "日期", "object": "13.80亿元", "subject": "2015年至2017年", "subject_index": {"begin": 0, "end": 11}, "object_index": {"begin": 71, "end": 78}}, {"predicate": "营业外支出", "object_type": "金额", "subject_type": "日期", "object": "6.82亿元", "subject": "2015年至2017年", "subject_index": {"begin": 0, "end": 11}, "object_index": {"begin": 102, "end": 108}}, {"predicate": "营业外支出", "object_type": "金额", "subject_type": "日期", "object": "5.89亿元", "subject": "2015年至2017年", "subject_index": {"begin": 0, "end": 11}, "object_index": {"begin": 109, "end": 115}}, {"predicate": "营业外支出", "object_type": "金额", "subject_type": "日期", "object": "6.75亿元", "subject": "2015年至2017年", "subject_index": {"begin": 0, "end": 11}, "object_index": {"begin": 116, "end": 122}}]}
