{"text": "2017年3月16日如上表所示，购买的厂房预计每年需计提折旧214.70万元。2016年，公司租赁东尼服饰相关厂房的租赁费用为289.73万元，按照2016年的租赁费用计算，则购买相关厂房后，每年可以减少公司成本费用75.03万元，对发行人的经营状况影响程度较低。", "spo_list": [{"predicate": "其他成本", "object_type": "金额", "subject_type": "日期", "object": "75.03万元", "subject": "2016年", "subject_index": {"begin": 39, "end": 44}, "object_index": {"begin": 108, "end": 115}}]}
{"text": "截至2016年12月31日，公司应付账款金额为19,893,269.95元，主要内容是应付的原材料采购款。报告期各期末，公司应付账款按账龄划分明细如下：", "spo_list": [{"predicate": "其他应付款", "object_type": "金额", "subject_type": "日期", "object": "19,893,269.95元", "subject": "2016年12月31日", "subject_index": {"begin": 2, "end": 13}, "object_index": {"begin": 23, "end": 37}}]}
{"text": "2016年末，公司货币资金余额较2015年末降低2,744.47万元。主要是一方面，公司于2016年上半年以1,903.00万元的成交价格取得了募投项目土地使用权并支付了相应的价款；另一方面，公司因扩大产能规模，采购相关设备支出较2015年增加较多。", "spo_list": [{"predicate": "货币资金余额", "object_type": "金额", "subject_type": "日期", "object": "2,744.47万元", "subject": "2016年末", "subject_index": {"begin": 0, "end": 6}, "object_index": {"begin": 24, "end": 34}}]}
{"text": "2015年度以及2016年，公司实际核销的应收账款分别为58.13万元和179.29万元，金额较小，均为公司确认无法收回的款项。2014年，公司无核销的应收账款。", "spo_list": [{"predicate": "应收账款净额", "object_type": "金额", "subject_type": "日期", "object": "58.13万元", "subject": "2015年度", "subject_index": {"begin": 0, "end": 6}, "object_index": {"begin": 28, "end": 35}}, {"predicate": "应收账款净额", "object_type": "金额", "subject_type": "日期", "object": "179.29万元", "subject": "2016年", "subject_index": {"begin": 8, "end": 13}, "object_index": {"begin": 36, "end": 44}}]}
{"text": "公司的非流动资产主要由固定资产、在建工程、无形资产以及其他非流动资产构成。报告期内，公司非流动资产总额从2014年末的7,164.26万元增加至2016年末的19,346.75万元，增幅为170.05%，主要原因是公司报告期内因生产经营规模不断扩大，公司进行生产线扩产建设，购置新的土地使用权和生产设", "spo_list": [{"predicate": "非流动资产", "object_type": "金额", "subject_type": "日期", "object": "7,164.26万元", "subject": "2014年末", "subject_index": {"begin": 52, "end": 58}, "object_index": {"begin": 59, "end": 69}}, {"predicate": "非流动资产", "object_type": "金额", "subject_type": "日期", "object": "19,346.75万元", "subject": "2016年末", "subject_index": {"begin": 72, "end": 78}, "object_index": {"begin": 79, "end": 90}}]}
{"text": "2016年，公司无形资产分别为230.08万元、259.62万元和2,178.67万元，主要为土地使用权和软件。", "spo_list": [{"predicate": "无形资产", "object_type": "金额", "subject_type": "日期", "object": "230.08万元", "subject": "2016年", "subject_index": {"begin": 0, "end": 5}, "object_index": {"begin": 15, "end": 23}}, {"predicate": "无形资产", "object_type": "金额", "subject_type": "日期", "object": "259.62万元", "subject": "2016年", "subject_index": {"begin": 0, "end": 5}, "object_index": {"begin": 24, "end": 32}}, {"predicate": "无形资产", "object_type": "金额", "subject_type": "日期", "object": "2,178.67万元", "subject": "2016年", "subject_index": {"begin": 0, "end": 5}, "object_index": {"begin": 33, "end": 43}}]}
{"text": "2014年末、2015年末和2016年末，公司递延所得税资产分别为91.27万元、84.44万元和118.14万元，金额较小，主要为公司计提资产减值准备形成可抵扣暂时性差异。", "spo_list": [{"predicate": "递延所得税资产", "object_type": "金额", "subject_type": "日期", "object": "91.27万元", "subject": "2014年末", "subject_index": {"begin": 0, "end": 6}, "object_index": {"begin": 33, "end": 40}}, {"predicate": "递延所得税资产", "object_type": "金额", "subject_type": "日期", "object": "84.44万元", "subject": "2015年末", "subject_index": {"begin": 7, "end": 13}, "object_index": {"begin": 41, "end": 48}}, {"predicate": "递延所得税资产", "object_type": "金额", "subject_type": "日期", "object": "118.14万元", "subject": "2016年末", "subject_index": {"begin": 14, "end": 20}, "object_index": {"begin": 49, "end": 57}}]}
{"text": "2014年、2015年和2016年末，公司计提的资产减值准备分别为192.63万元、27.48万元和433.37万元，均为计提的坏账减值损失。2016年末，公司计提的资产减值准备较2015年末增加了405.89万元，主要系公司金刚石切割线产销规模扩大，所对应的的光伏行业客户回款周期相对较长，应收账款增加而计提的应收账款坏账准备金额369.95万元。", "spo_list": [{"predicate": "资产减值损失", "object_type": "金额", "subject_type": "日期", "object": "192.63万元", "subject": "2014年", "subject_index": {"begin": 0, "end": 5}, "object_index": {"begin": 33, "end": 41}}, {"predicate": "资产减值损失", "object_type": "金额", "subject_type": "日期", "object": "27.48万元", "subject": "2015年", "subject_index": {"begin": 6, "end": 11}, "object_index": {"begin": 42, "end": 49}}, {"predicate": "资产减值损失", "object_type": "金额", "subject_type": "日期", "object": "433.37万元", "subject": "2016年末", "subject_index": {"begin": 12, "end": 18}, "object_index": {"begin": 50, "end": 58}}]}
{"text": "2014年末、2015年末和2016年末公司递延收益分别为244.53万元、332.81万元和199.09万元，均为公司收到的各项政府补助，其中，新建超微细合金导体产业化项目在报告期各期末计入递延收益的金额分别为244.53万元、221.81万元和199.09万元，是递延收益的主要构成", "spo_list": [{"predicate": "递延所得税资产", "object_type": "金额", "subject_type": "日期", "object": "244.53万元", "subject": "2014年末", "subject_index": {"begin": 0, "end": 6}, "object_index": {"begin": 29, "end": 37}}, {"predicate": "递延所得税资产", "object_type": "金额", "subject_type": "日期", "object": "332.81万元", "subject": "2015年末", "subject_index": {"begin": 7, "end": 13}, "object_index": {"begin": 38, "end": 46}}, {"predicate": "递延所得税资产", "object_type": "金额", "subject_type": "日期", "object": "199.09万元", "subject": "2016年末", "subject_index": {"begin": 14, "end": 20}, "object_index": {"begin": 47, "end": 55}}]}
{"text": "2016年度营业外收入较2015年度增加648.52万元，增幅240.67%；2015年度营业外收入较2014年度增加134.89万元，增幅100.22%，主要原因为公司收到的政府补助逐年增加，政府补助具体情况如下：", "spo_list": [{"predicate": "营业外收入", "object_type": "金额", "subject_type": "日期", "object": "648.52万元", "subject": "2016年度", "subject_index": {"begin": 0, "end": 6}, "object_index": {"begin": 20, "end": 28}}, {"predicate": "营业外收入", "object_type": "金额", "subject_type": "日期", "object": "134.89万元", "subject": "2015年度", "subject_index": {"begin": 39, "end": 45}, "object_index": {"begin": 59, "end": 67}}]}
{"text": "2016年度营业外支出较2015年度增加46.03万元，增幅67.87%；2015年度营业外支出较2014年度增加57.34万元，增幅547.42%，主要原因是公司为满足日益增长的订单需求，公司陆续购置了生产效率更高的机器设备替换原有设备，老旧设备处置逐年增加。", "spo_list": [{"predicate": "营业外支出", "object_type": "金额", "subject_type": "日期", "object": "46.03万元", "subject": "2016年度", "subject_index": {"begin": 0, "end": 6}, "object_index": {"begin": 20, "end": 27}}, {"predicate": "营业外支出", "object_type": "金额", "subject_type": "日期", "object": "57.34万元", "subject": "2015年度", "subject_index": {"begin": 37, "end": 43}, "object_index": {"begin": 57, "end": 64}}]}
{"text": "截至2016年12月31日，公司预收款项余额为154,512.52元，主要内容是预收公司客户的购货款。报告期各期末，公司预收账款按账龄划分明细如下：", "spo_list": [{"predicate": "预收款项", "object_type": "金额", "subject_type": "日期", "object": "154,512.52元", "subject": "2016年12月31日", "subject_index": {"begin": 2, "end": 13}, "object_index": {"begin": 23, "end": 34}}]}
{"text": "2015年末，公司货币资金余额较2014年末增加8,223.73万元，增幅为621.31%，主要是一方面，2015年公司产销规模较2014年有大幅提升，营业收入较2014年增长8,389.32万元，增幅为40.29%，相应的销售回款增加带动公司银行存款增加；另一方面，公司于2015年进行了股权增资并收到增资款6,500万元。", "spo_list": [{"predicate": "货币资金余额", "object_type": "金额", "subject_type": "日期", "object": "8,223.73万元", "subject": "2015年末", "subject_index": {"begin": 0, "end": 6}, "object_index": {"begin": 24, "end": 34}}]}
{"text": "2016年末，公司应收票据金额为568.00万元，均为银行承兑汇票。2014年和2015年末，公司均无应收票据。", "spo_list": [{"predicate": "应收票据", "object_type": "金额", "subject_type": "日期", "object": "568.00万元", "subject": "2016年末", "subject_index": {"begin": 0, "end": 6}, "object_index": {"begin": 16, "end": 24}}]}
{"text": "2014年末，预付账款余额为468.56万元，显著高于2015年末和2016年末，主要是因为2014年末公司向台湾雨虹有限公司和ITOCHUMETALSKITA两家供应商预付银铜合金线货款，以备2015年度生产配套于终端客户智能手表的银铜合金导体所需。由于进口原材料采购周期较长，导致2014年末预付账款显著高于2015年、2016年。", "spo_list": [{"predicate": "预付款项", "object_type": "金额", "subject_type": "日期", "object": "468.56万元", "subject": "2014年末", "subject_index": {"begin": 0, "end": 6}, "object_index": {"begin": 14, "end": 22}}]}
{"text": "2014年末、2015年末和2016年末，公司其他应收款分别为1,584.15万元、281.18万元和768.25万元。2014年末，公司其他应收款余额较高，主要是关联方资金拆借余额为1,628.00万元。2015年末，之前年度的关联方资金拆借已结清，其他应收款余额中主要为融资租赁支付的保证金及押金259.42万元。2016年末，其他应收款余额有所增加，主要为募投项目建设支付的建设履约保证金及押金298.00万元以及融资租赁支付的保证金及押金439.05万元", "spo_list": [{"predicate": "其他成本", "object_type": "金额", "subject_type": "日期", "object": "1,584.15万元", "subject": "2014年末", "subject_index": {"begin": 0, "end": 6}, "object_index": {"begin": 31, "end": 41}}, {"predicate": "其他收入", "object_type": "金额", "subject_type": "日期", "object": "281.18万元", "subject": "2015年末", "subject_index": {"begin": 7, "end": 13}, "object_index": {"begin": 42, "end": 50}}, {"predicate": "其他收入", "object_type": "金额", "subject_type": "日期", "object": "768.25万元", "subject": "2016年末", "subject_index": {"begin": 14, "end": 20}, "object_index": {"begin": 51, "end": 59}}]}
{"text": "2016年末其他非流动资产较2015年末增加334.83万元，增长52.95%。其中，预付设备款增加703.32万元，主要是公司为硅片切割机及募投项目新增设备支付的预付款增加较多；预付工程款减少368.49万元，主要之前预付工程款陆续进入结算期，转入在建工程、无形资产。", "spo_list": [{"predicate": "非流动资产", "object_type": "金额", "subject_type": "日期", "object": "334.83万元", "subject": "2016年末", "subject_index": {"begin": 0, "end": 6}, "object_index": {"begin": 22, "end": 30}}, {"predicate": "预付款项", "object_type": "金额", "subject_type": "日期", "object": "703.32万元，", "subject": "2016年末", "subject_index": {"begin": 0, "end": 6}, "object_index": {"begin": 50, "end": 59}}, {"predicate": "预付款项", "object_type": "金额", "subject_type": "日期", "object": "368.49万元", "subject": "2016年末", "subject_index": {"begin": 0, "end": 6}, "object_index": {"begin": 97, "end": 105}}]}
{"text": "2014年末、2015年末和2016年末，公司预收款项分别为47.95万元、14.33万元和15.45万元，占流动负债总额的比例分别为0.44%、0.11%和0.08%，金额及占比均较低，主要是预收客户的购货款。", "spo_list": [{"predicate": "预收款项", "object_type": "金额", "subject_type": "日期", "object": "47.95万元", "subject": "2014年末", "subject_index": {"begin": 0, "end": 6}, "object_index": {"begin": 30, "end": 37}}, {"predicate": "预收款项", "object_type": "金额", "subject_type": "日期", "object": "14.33万元", "subject": "2015年末", "subject_index": {"begin": 7, "end": 13}, "object_index": {"begin": 38, "end": 45}}, {"predicate": "预收款项", "object_type": "金额", "subject_type": "日期", "object": "15.45万元", "subject": "2016年末", "subject_index": {"begin": 14, "end": 20}, "object_index": {"begin": 46, "end": 53}}]}
{"text": "2014年末、2015年末和2016年末公司其他流动负债分别为51.59万元、125.18万元和50.53万元，占负债总额的比例较低。2015年末，其他流动负债较2014年末增长较多，主要是2015年公司预提短期借款应付利息较多。", "spo_list": [{"predicate": "流动负债", "object_type": "金额", "subject_type": "日期", "object": "51.59万元", "subject": "2014年末", "subject_index": {"begin": 0, "end": 6}, "object_index": {"begin": 31, "end": 38}}, {"predicate": "流动负债", "object_type": "金额", "subject_type": "日期", "object": "125.18万元", "subject": "2015年末", "subject_index": {"begin": 7, "end": 13}, "object_index": {"begin": 39, "end": 47}}, {"predicate": "流动负债", "object_type": "金额", "subject_type": "日期", "object": "50.53万元", "subject": "2016年末", "subject_index": {"begin": 14, "end": 20}, "object_index": {"begin": 48, "end": 55}}]}
{"text": "2014年度、2015年度、2016年度，公司存货周转率分别为6.65次、6.62次和6.14次，公司结合在手订单并根据客户采购周期特点合理安排备货及生产计划，报告期内存货周转率保持在较高且较为稳定的水平。", "spo_list": [{"predicate": "存货周转率", "object_type": "日期", "subject_type": "比率", "object": "2014年度", "subject": "6.65次", "subject_index": {"begin": 31, "end": 36}, "object_index": {"begin": 0, "end": 6}}, {"predicate": "存货周转率", "object_type": "日期", "subject_type": "比率", "object": "2015年度、", "subject": "6.62次", "subject_index": {"begin": 37, "end": 42}, "object_index": {"begin": 7, "end": 14}}, {"predicate": "存货周转率", "object_type": "日期", "subject_type": "比率", "object": "2016年度", "subject": "6.14次", "subject_index": {"begin": 43, "end": 48}, "object_index": {"begin": 14, "end": 20}}]}
{"text": "截止2016年12月31日累计转入营业外收入78.19万元（其中报告期以前年度累计转入营业外收入13.04万元，报告期内转入营业外收入65.15万元），预计1年内转入利润表的金额重分类至其他流动负债22.72万元，递延收益2016年末余额199.09万元", "spo_list": [{"predicate": "营业外收入", "object_type": "金额", "subject_type": "日期", "object": "78.19万元", "subject": "2016年12月31日", "subject_index": {"begin": 2, "end": 13}, "object_index": {"begin": 22, "end": 29}}, {"predicate": "递延所得税资产", "object_type": "金额", "subject_type": "日期", "object": "199.09万", "subject": "2016年末", "subject_index": {"begin": 111, "end": 117}, "object_index": {"begin": 119, "end": 126}}, {"predicate": "营业外收入", "object_type": "金额", "subject_type": "日期", "object": "13.04万元", "subject": "2016年12月31日", "subject_index": {"begin": 2, "end": 13}, "object_index": {"begin": 48, "end": 55}}, {"predicate": "营业外收入", "object_type": "金额", "subject_type": "日期", "object": "65.15万元）", "subject": "2016年12月31日", "subject_index": {"begin": 2, "end": 13}, "object_index": {"begin": 67, "end": 75}}, {"predicate": "流动负债", "object_type": "金额", "subject_type": "日期", "object": "22.72万元", "subject": "2016年12月31日", "subject_index": {"begin": 2, "end": 13}, "object_index": {"begin": 99, "end": 106}}]}
{"text": "公司预付款项主要为预付给会计师事务所的审计费及预付给供应商的原材料货款。2014年末、2015年末和2016年末公司预付款项金额分别为468.56万元、138.72万元和218.79万元，占流动资产的比例为3.20%、0.58%和0.78%，占比较低。", "spo_list": [{"predicate": "预付款项", "object_type": "金额", "subject_type": "日期", "object": "218.79万元", "subject": "2016年末", "subject_index": {"begin": 50, "end": 56}, "object_index": {"begin": 85, "end": 93}}, {"predicate": "预付款项", "object_type": "金额", "subject_type": "日期", "object": "138.72万元", "subject": "2015年末", "subject_index": {"begin": 43, "end": 49}, "object_index": {"begin": 76, "end": 84}}, {"predicate": "预付款项", "object_type": "金额", "subject_type": "日期", "object": "468.56万元", "subject": "2014年末", "subject_index": {"begin": 36, "end": 42}, "object_index": {"begin": 67, "end": 75}}]}
{"text": "2016年末，公司非流动资产较2015年末增加9,849.39万元，主要原因是一方面公司于2016年上半年以1,903.00万元的成交价格取得了本次募投项目用地，并于当年开始在该地块上进行新厂房建设，造成公司在建工程及无形资产增加较多所致；另一方面，公司2016年度扩大产能规模，采购相关生产设备造成固定资产增加较多所致。", "spo_list": [{"predicate": "非流动资产", "object_type": "金额", "subject_type": "日期", "object": "9,849.39万元", "subject": "2016年末", "subject_index": {"begin": 0, "end": 6}, "object_index": {"begin": 23, "end": 33}}]}
{"text": "2016年末，公司长期待摊费用金额为82.52万元，系电池极耳项目无尘车间净化装饰工程费用。2014、2015年末公司无长期待摊费用。", "spo_list": [{"predicate": "长期待摊费用", "object_type": "金额", "subject_type": "日期", "object": "82.52万元", "subject": "2016年末", "subject_index": {"begin": 0, "end": 6}, "object_index": {"begin": 18, "end": 25}}]}
{"text": "2014年末、2015年末和2016年末，公司应交税费分别为365.37万元、415.38万元和434.48万元，主要是应交企业所得税及增值税。", "spo_list": [{"predicate": "应交税费", "object_type": "金额", "subject_type": "日期", "object": "434.48万元", "subject": "2016年末", "subject_index": {"begin": 14, "end": 20}, "object_index": {"begin": 48, "end": 56}}, {"predicate": "应交税费", "object_type": "金额", "subject_type": "日期", "object": "415.38万元", "subject": "2015年末", "subject_index": {"begin": 7, "end": 13}, "object_index": {"begin": 39, "end": 47}}, {"predicate": "应交税费", "object_type": "金额", "subject_type": "日期", "object": "365.37万元", "subject": "2014年末", "subject_index": {"begin": 0, "end": 6}, "object_index": {"begin": 30, "end": 38}}]}
{"text": "2014年度、2015年度、2016年度，公司应收账款周转率分别为2.66次、2.81次和2.37次。2016年度，公司应收账款周转率有所降低，主要系公司2016年金刚石切割线产品销售扩大，所对应的主要光伏行业客户平均信用期较长所致。", "spo_list": [{"predicate": "应收账款周转率", "object_type": "日期", "subject_type": "比率", "object": "2016年度", "subject": "2.37次", "subject_index": {"begin": 45, "end": 50}, "object_index": {"begin": 14, "end": 20}}, {"predicate": "应收账款周转率", "object_type": "日期", "subject_type": "比率", "object": "2015年度", "subject": "2.81次", "subject_index": {"begin": 39, "end": 44}, "object_index": {"begin": 7, "end": 13}}, {"predicate": "应收账款周转率", "object_type": "日期", "subject_type": "比率", "object": "2014年度", "subject": "2.66次", "subject_index": {"begin": 33, "end": 38}, "object_index": {"begin": 0, "end": 6}}]}
{"text": "2014年度、2015年度、2016年度公司营业外支出分别为10.47万元、67.81万元和113.84万元，金额较低，主要是固定资产处置损失及少量对外捐赠。罚款及其他主要为公司机动车辆违章缴纳的罚款。", "spo_list": [{"predicate": "营业外支出", "object_type": "金额", "subject_type": "日期", "object": "113.84万元", "subject": "2016年", "subject_index": {"begin": 14, "end": 19}, "object_index": {"begin": 46, "end": 54}}, {"predicate": "营业外支出", "object_type": "金额", "subject_type": "日期", "object": "67.81万元", "subject": "2015年度", "subject_index": {"begin": 7, "end": 13}, "object_index": {"begin": 38, "end": 45}}, {"predicate": "营业外收入", "object_type": "金额", "subject_type": "日期", "object": "10.47万元", "subject": "2014年度", "subject_index": {"begin": 0, "end": 6}, "object_index": {"begin": 30, "end": 37}}]}
