{"text": "2009年11月5日，中天评估出具《资产评估报告书》（苏中资评报字（2009）第2221号），确认东吴有限截至2009年9月30日经评估的净资产值为人民币354,603.81万元。", "spo_list": [{"predicate": "净资产评估值", "object_type": "金额", "subject_type": "日期", "object": "354,603.81万元", "subject": "2009年11月5日", "subject_index": {"begin": 0, "end": 10}, "object_index": {"begin": 77, "end": 89}}]}
{"text": "截至2011年6月30日，公司货币资金余额较2010年末减少700,723.25万元，同比下降43.55%，其中客户资金减少497,960.37万元，同比减少37.98%，主要原因是上半年二级市场行情低迷，客户资金流出增加。公司自有资金余额较年末减少202,772.47万元，主要原因为公司增加对自营业务金融产品的投资。", "spo_list": [{"predicate": "货币资金余额", "object_type": "金额", "subject_type": "日期", "object": "700,723.25万元", "subject": "2011年6月30日", "subject_index": {"begin": 2, "end": 12}, "object_index": {"begin": 30, "end": 42}}]}
{"text": "2008年至2010年，公司应收利息款项均为正常经营活动所致，且占公司总资产比例极小。截至2008年12月31日、2009年12月31日、2010年12月31日和2011年6月30日，公司应收利息余额分别为887.42万元、607.38万元、1,135.71万元和1,976.85万元。2011年6月30日，应收利息余额较2010年末增加841.14万元，增长了74.06%，主要原因是公司2011年上半年大幅提高了对固定收益类金融产品的配置，相应的应收债券利息出现较大增长。", "spo_list": [{"predicate": "其他应收款净额", "object_type": "金额", "subject_type": "日期", "object": "887.42万元", "subject": "2008年12月31日", "subject_index": {"begin": 45, "end": 56}, "object_index": {"begin": 103, "end": 111}}, {"predicate": "其他应收款净额", "object_type": "金额", "subject_type": "日期", "object": "607.38万元", "subject": "2009年12月31日", "subject_index": {"begin": 57, "end": 68}, "object_index": {"begin": 112, "end": 120}}, {"predicate": "其他应收款净额", "object_type": "金额", "subject_type": "日期", "object": "1,135.71万元", "subject": "2010年12月31日", "subject_index": {"begin": 69, "end": 80}, "object_index": {"begin": 121, "end": 131}}, {"predicate": "其他应收款净额", "object_type": "金额", "subject_type": "日期", "object": "1,976.85万元", "subject": "2011年6月30日", "subject_index": {"begin": 81, "end": 91}, "object_index": {"begin": 132, "end": 142}}]}
{"text": "截至2011年6月30日，公司应收账款净额为4,118.39万元，较2010年末增加了578.40万元，增长16.34%。主要原因是东吴证券大厦预付用电款增加349.16万元。", "spo_list": [{"predicate": "应收账款净额", "object_type": "金额", "subject_type": "日期", "object": "4,118.39万元", "subject": "2011年6月30日", "subject_index": {"begin": 2, "end": 12}, "object_index": {"begin": 22, "end": 32}}]}
{"text": "公司应付利息均为正常经营活动所致。截至2008年12月31日、2009年12月31日、2010年12月31日和2011年6月30日，公司应付利息分别为76.24万元、138.70万元、206.38万元和617.17万元，占公司负债总额比例分别为0.0125%、0.0090%、0.0132%和0.06%。其中，2011年6月30日应付利息余额较2010年末增加了410.79万元，增长了199.05%，原因是2011年上半年公司借入了3亿元次级债产生了480万应付利息。", "spo_list": [{"predicate": "应付利息", "object_type": "金额", "subject_type": "日期", "object": "76.24万元", "subject": "2008年12月31日", "subject_index": {"begin": 19, "end": 30}, "object_index": {"begin": 75, "end": 82}}, {"predicate": "应付利息", "object_type": "金额", "subject_type": "日期", "object": "138.70万元", "subject": "2009年12月31日", "subject_index": {"begin": 31, "end": 42}, "object_index": {"begin": 83, "end": 91}}, {"predicate": "应付利息", "object_type": "金额", "subject_type": "日期", "object": "206.38万元", "subject": "2010年12月31日", "subject_index": {"begin": 43, "end": 54}, "object_index": {"begin": 92, "end": 100}}, {"predicate": "应付利息", "object_type": "金额", "subject_type": "日期", "object": "617.17万元", "subject": "2011年6月30日", "subject_index": {"begin": 55, "end": 65}, "object_index": {"begin": 101, "end": 109}}]}
{"text": "截至2008年12月31日、2009年12月31日、2010年12月31日和2011年6月30日，公司应付账款余额分别为6,221.63万元、7,353.79万元、4,515.42万元和5,149.13万元，主要是公司正常经营活动所致，无逾期应付款项。", "spo_list": [{"predicate": "应付账款", "object_type": "金额", "subject_type": "日期", "object": "6,221.63万元", "subject": "2008年12月31日", "subject_index": {"begin": 2, "end": 13}, "object_index": {"begin": 60, "end": 70}}, {"predicate": "应付账款", "object_type": "金额", "subject_type": "日期", "object": "7,353.79万元", "subject": "2009年12月31日", "subject_index": {"begin": 14, "end": 25}, "object_index": {"begin": 71, "end": 81}}, {"predicate": "应付账款", "object_type": "金额", "subject_type": "日期", "object": "4,515.42万元", "subject": "2010年12月31日", "subject_index": {"begin": 26, "end": 37}, "object_index": {"begin": 82, "end": 92}}, {"predicate": "应付账款", "object_type": "金额", "subject_type": "日期", "object": "5,149.13万元", "subject": "2011年6月30日", "subject_index": {"begin": 38, "end": 48}, "object_index": {"begin": 93, "end": 103}}]}
{"text": "本公司的投资收益包括证券自营业务投资的金融工具收益、投资联营企业的收益。公司2008年度、2009年度、2010年度和2011年上半年分别实现投资收益-111.65万元、11,842.18万元、20,878.85万元和10,608.84万元，占当期营业收入的比重分别为-0.13%、6.32%、11.55%和11.51%。投资收益对公司营业收入的贡献比例稳步提升，源于公司经营业务多元化的发展目标。2008年度，在市场行情不利的情况下，公司自营业务本着稳健经营的原则，及时缩减投资规模。2009年度，公司实现投资收益11,842.18万元，较上年增长了11,953.83万元，主要来自交易性金融资产、可供出售金融资产以及长期股权投资等实现的投资收益。2010年度，公司实现投资收益20,878.85万元，较上年增长9,036.66万元，主要来自可供出售金融资产、衍生金融工具以及长期股权投资实现的投资收益。2011年上半年，公司实现投资收益10,608.84万元，较上年同期有所增加，主要原因是处置交易性金融资产及可供出售金融资产的投资收益有所增加。", "spo_list": [{"predicate": "投资收益", "object_type": "金额", "subject_type": "日期", "object": "-111.65万元", "subject": "2008年度", "subject_index": {"begin": 38, "end": 44}, "object_index": {"begin": 75, "end": 84}}, {"predicate": "投资收益", "object_type": "金额", "subject_type": "日期", "object": "11,842.18万元", "subject": "2009年度", "subject_index": {"begin": 45, "end": 51}, "object_index": {"begin": 85, "end": 96}}, {"predicate": "投资收益", "object_type": "金额", "subject_type": "日期", "object": "20,878.85万元", "subject": "2010年度", "subject_index": {"begin": 52, "end": 58}, "object_index": {"begin": 97, "end": 108}}, {"predicate": "投资收益", "object_type": "金额", "subject_type": "日期", "object": "10,608.84万元", "subject": "2011年上半年", "subject_index": {"begin": 59, "end": 67}, "object_index": {"begin": 109, "end": 120}}]}
{"text": "2008年度公司完成股票、基金、权证等交易金额合计6,791.07亿元，其中股票交易金额占比68.91%，基金交易金额占比0.86%，权证交易金额占比29.66%，其他交易金额占比0.58%。", "spo_list": []}
{"text": "2008年度，公司资产减值准备为3,545.70万元。主要原因是2008年度公司可供出售金融资产公允价值变动产生损失，公司本着谨慎性财务处理原则，将其全额计提减值准备。2009年度，公司将上述可供出售金融资产进行处置，并将相应的资产减值准备转回。2010年度，公司资产减值准备为414.16万元。主要为可供出售金融资产的减值准备。2011年上半年，公司未计提减值准备。", "spo_list": [{"predicate": "资产减值损失", "object_type": "金额", "subject_type": "日期", "object": "3,545.70万元", "subject": "2008年度", "subject_index": {"begin": 0, "end": 6}, "object_index": {"begin": 16, "end": 26}}, {"predicate": "资产减值损失", "object_type": "金额", "subject_type": "日期", "object": "414.16万元", "subject": "2010年度", "subject_index": {"begin": 123, "end": 129}, "object_index": {"begin": 139, "end": 147}}]}
{"text": "2008年度公司营业外支出为759.52万元，主要是缴纳各项基金支出以及处置固定资产损失。2009年公司营业外支出为402.71万元，同比减少46.98%。2010年公司营业外支出为1,353.43万元，同比增长236.08%，主要为公司对苏州大学教育发展基金会的捐赠支出。2011年上半年，营业外支出合计71.35万元。", "spo_list": [{"predicate": "营业外支出", "object_type": "金额", "subject_type": "日期", "object": "759.52万元", "subject": "2008年度", "subject_index": {"begin": 0, "end": 6}, "object_index": {"begin": 14, "end": 22}}, {"predicate": "营业外支出", "object_type": "金额", "subject_type": "日期", "object": "402.71万元", "subject": "2009年", "subject_index": {"begin": 45, "end": 50}, "object_index": {"begin": 58, "end": 66}}, {"predicate": "营业外支出", "object_type": "金额", "subject_type": "日期", "object": "71.35万元", "subject": "2011年上半年", "subject_index": {"begin": 137, "end": 145}, "object_index": {"begin": 153, "end": 160}}]}
{"text": "其他综合收益为本公司根据企业会计准则的规定，未在损益中确认的各项利得和损失。本公司2008年度、2009年度、2010年度和2011年上半年实现的其他综合收益分别为-9,593.23万元、11,695.86万元、-11,411.25万元和-392.33万元。", "spo_list": [{"predicate": "其他收益", "object_type": "金额", "subject_type": "日期", "object": "-9,593.23万元", "subject": "2008年度", "subject_index": {"begin": 41, "end": 47}, "object_index": {"begin": 82, "end": 93}}, {"predicate": "其他收益", "object_type": "金额", "subject_type": "日期", "object": "11,695.86万元", "subject": "2009年度", "subject_index": {"begin": 48, "end": 54}, "object_index": {"begin": 94, "end": 105}}, {"predicate": "其他收益", "object_type": "金额", "subject_type": "日期", "object": "-11,411.25万元", "subject": "2010年度", "subject_index": {"begin": 55, "end": 61}, "object_index": {"begin": 106, "end": 118}}, {"predicate": "其他收益", "object_type": "金额", "subject_type": "日期", "object": "-392.33万元", "subject": "2011年上半年", "subject_index": {"begin": 62, "end": 70}, "object_index": {"begin": 119, "end": 128}}]}
{"text": "2010年5月4日，公证天业出具了《验资报告》（苏公S[2010]B1026号），确认截至2010年4月30日止，公司已将截至2009年9月30日经审计后公司的净资产3,402,078,447.21元中的1,500,000,000元作为股份公司注册资本，其余净资产扣除一般风险准备130,997,426.12元，交易风险准备114,833,472.70元，可供出售金融资产公允价值变动损益41,035,548.97元后，1,615,211,999.42元作为资本公积。", "spo_list": [{"predicate": "截止日期", "object_type": "日期", "subject_type": "报告", "object": "2010年4月30日", "subject": "《验资报告》（苏公S[2010]B1026号）", "subject_index": {"begin": 17, "end": 40}, "object_index": {"begin": 45, "end": 55}}]}
{"text": "截至2010年12月31日，园区发展总资产为404,430.93万元，所有者权益为231,077.54万元；2010年度主营业务收入为13,789.15万元，净利润为-1,621.78万元，以上数据经江苏华星会计师事务所有限公司审计。", "spo_list": [{"predicate": "主营业务收入", "object_type": "金额", "subject_type": "日期", "object": "13,789.15万元", "subject": "2010年度", "subject_index": {"begin": 54, "end": 60}, "object_index": {"begin": 67, "end": 78}}]}
{"text": "截至2008年12月31日，公司可供出售金融资产主要是股票投资，其公允价值低于账面价值35,460,350.00元，公司根据分类计提原则，基于审慎性考虑，对于差额部分全额计提了减值准备。", "spo_list": [{"predicate": "公允价值变动损益", "object_type": "金额", "subject_type": "日期", "object": "35,460,350.00元", "subject": "2008年12月31日", "subject_index": {"begin": 2, "end": 13}, "object_index": {"begin": 43, "end": 57}}]}
{"text": "2008年末，公司存放在证券登记公司的结算备付金为44,426.51万元。2009年末，公司结算备付金余额为71,109.94万元，同比增长60.06%，其中客户资金同比增长75.17%，主要原因是随着证券市场行情转好，交易量出现显著增长，用于清算交收的客户结算备付金和自有结算备付金随之增加。2010年，证券市场行情出现较大幅度波动，公司证券经纪业务受到一定程度影响，同时，公司期货经纪业务实现了较快发展。截至2010年12月31日，公司结算备付金余额较上年增长18.59%，其中客户资金同比增长24.71%。2011年上半年，证券市场行情持续低迷，截至2011年6月30日，公司结算备付金余额比2010年末减少35,730,39万元，降幅42.37%，主要原因是受股市低迷影响，客户资金流出增加，结算备付金相应减少。", "spo_list": [{"predicate": "其他成本", "object_type": "金额", "subject_type": "日期", "object": "71,109.94万元", "subject": "2009年末", "subject_index": {"begin": 37, "end": 43}, "object_index": {"begin": 54, "end": 65}}, {"predicate": "其他成本", "object_type": "金额", "subject_type": "日期", "object": "35,730,39万元", "subject": "2011年6月30日", "subject_index": {"begin": 278, "end": 288}, "object_index": {"begin": 307, "end": 318}}]}
{"text": "公司长期股权投资主要包括直接投资的企业和通过子公司东吴创投间接投资的企业。截至2008年12月31日，公司长期股权投资为5,630.81万元，主要是公司持有的东吴基金49%的股权。2009年12月31日，公司长期股权投资为6,631.89万元，同比增长17.78%，主要原因是按权益法核算的东吴基金管理有限公司投资收益增加所致。", "spo_list": [{"predicate": "长期股权投资账面余额", "object_type": "金额", "subject_type": "日期", "object": "5,630.81万元", "subject": "2008年12月31日", "subject_index": {"begin": 39, "end": 50}, "object_index": {"begin": 60, "end": 70}}, {"predicate": "长期股权投资账面价值", "object_type": "金额", "subject_type": "日期", "object": "6,631.89万元", "subject": "2009年12月31日", "subject_index": {"begin": 90, "end": 101}, "object_index": {"begin": 111, "end": 121}}]}
{"text": "2010年，出于自身业务发展的需要，公司加快了营业部的设立，用于新设营业部的装修预付款增加。截至2010年12月31日，公司应收账款净额为3,539.99万元。", "spo_list": [{"predicate": "应收账款净额", "object_type": "金额", "subject_type": "日期", "object": "3,539.99万元", "subject": "2010年12月31日", "subject_index": {"begin": 48, "end": 59}, "object_index": {"begin": 69, "end": 79}}]}
{"text": "公司自成立以来，相关税费一直遵循相关规定按时足额缴纳。期末应交税费的形成为业务开展过程中正常的结算余额，随着公司业务规模的变化和税务清缴的实际情况而在一定的合理区间内波动。截至2011年6月30日，公司应交税费合计为8,909.73万元，其中应缴个人所得税为3,483.07万元，主要是代扣代缴的客户限售股个人所得税款为3,311.64万元。", "spo_list": [{"predicate": "应交税费", "object_type": "金额", "subject_type": "日期", "object": "8,909.73万元", "subject": "2011年6月30日", "subject_index": {"begin": 88, "end": 98}, "object_index": {"begin": 108, "end": 118}}, {"predicate": "应交税费", "object_type": "金额", "subject_type": "日期", "object": "3,483.07万元", "subject": "2011年6月30日", "subject_index": {"begin": 88, "end": 98}, "object_index": {"begin": 129, "end": 139}}]}
{"text": "2008年度，受国际金融危机影响，国内证券市场行情大跌，证券公司经营业绩高度依赖市场行情的特性导致2008年全行业经营业绩大幅下滑。在不利的市场环境下，公司谨慎推进各项业务，实现营业收入88,338.50万元，实现净利润22,665.68万元。", "spo_list": [{"predicate": "营业收入", "object_type": "金额", "subject_type": "日期", "object": "88,338.50万元", "subject": "2008年", "subject_index": {"begin": 49, "end": 54}, "object_index": {"begin": 93, "end": 104}}]}
{"text": "2009年度，随着国家宏观经济调控政策的实施，国内证券市场逐步复苏，证券公司经营业绩随之显著提升，行业整体营业收入同比上升66.81%，行业整体净利润同比上升88.91%。公司抓住市场机遇，大力推动业务拓展，强化内部管理和内部控制，全年实现营业收入187,283.65万元，同比增长112.01%；实现净利润73,802.66万元，同比增长225.61%，高于行业整体增幅水平。", "spo_list": [{"predicate": "营业收入", "object_type": "金额", "subject_type": "日期", "object": "187,283.65万元", "subject": "2009年度", "subject_index": {"begin": 0, "end": 6}, "object_index": {"begin": 124, "end": 136}}]}
{"text": "2008年度、2009年度、2010年度和2011年上半年，本公司分别实现营业收入88,338.50万元、187,283.65万元、180,747.81万元和92,194.22万元。下表列示了公司报告期内的营业收入构成及变动情况：", "spo_list": [{"predicate": "营业收入", "object_type": "金额", "subject_type": "日期", "object": "88,338.50万元", "subject": "2008年度", "subject_index": {"begin": 0, "end": 6}, "object_index": {"begin": 41, "end": 52}}, {"predicate": "营业收入", "object_type": "金额", "subject_type": "日期", "object": "187,283.65万元", "subject": "2009年度", "subject_index": {"begin": 7, "end": 13}, "object_index": {"begin": 53, "end": 65}}, {"predicate": "营业收入", "object_type": "金额", "subject_type": "日期", "object": "180,747.81万元", "subject": "2010年度", "subject_index": {"begin": 14, "end": 20}, "object_index": {"begin": 66, "end": 78}}, {"predicate": "营业收入", "object_type": "金额", "subject_type": "日期", "object": "92,194.22万元", "subject": "2011年上半年", "subject_index": {"begin": 21, "end": 29}, "object_index": {"begin": 79, "end": 90}}]}
{"text": "本公司的公允价值变动收益是证券自营业务投资的交易性金融资产因公允价值变动产生的浮动盈亏。公司2008年度、2009年度、2010年度和2011年上半年公允价值变动收益分别为-15,203.42万元、488.84万元、-1,166.17万元和-3,582.91万元，占当期营业收入的比重分别-17.21%、0.03%、-0.65%和-3.89%。公允价值变动收益随证券市场行情走势变动而变动。2008年市场行情下跌，交易性金融资产公允价值产生了较大规模的浮亏。2009年市场行情转暖，公司处置了大量交易性金融资产，交易性金融资产公允价值变动收益转入投资收益。2010年证券市场出现较大幅度波动，公司交易性金融资产公允价值变动收益为-1,166.17万元。2011年上半年，证券市场行情持续低迷，公司交易性金融资产公允价值变动收益为-3,582.91万元。", "spo_list": [{"predicate": "公允价值变动损益", "object_type": "金额", "subject_type": "日期", "object": "-15,203.42万元", "subject": "2008年度", "subject_index": {"begin": 46, "end": 52}, "object_index": {"begin": 86, "end": 98}}, {"predicate": "公允价值变动损益", "object_type": "金额", "subject_type": "日期", "object": "488.84万元", "subject": "2009年度", "subject_index": {"begin": 53, "end": 59}, "object_index": {"begin": 99, "end": 107}}, {"predicate": "公允价值变动损益", "object_type": "金额", "subject_type": "日期", "object": "-1,166.17万元", "subject": "2010年度", "subject_index": {"begin": 60, "end": 66}, "object_index": {"begin": 108, "end": 119}}, {"predicate": "公允价值变动损益", "object_type": "金额", "subject_type": "日期", "object": "-3,582.91万元", "subject": "2011年上半年", "subject_index": {"begin": 67, "end": 75}, "object_index": {"begin": 120, "end": 131}}, {"predicate": "公允价值变动损益", "object_type": "金额", "subject_type": "日期", "object": "-3,582.91万元", "subject": "2011年上半年", "subject_index": {"begin": 326, "end": 334}, "object_index": {"begin": 364, "end": 375}}]}
{"text": "2008年度公司共实现营业外收入762.82万元，主要来自上海市黄浦区政府对东吴期货的补贴。2009年公司共实现营业外收入264.91万元，较上年减少497.91万元，主要是因为上海市黄浦区政府对东吴期货的补贴减少。2010年公司共实现营业外收入341.85万元，主要来自上海期货交易所和郑州商品交易所对东吴期货的奖励。2011年上半年补贴及奖励收入系本公司获得的苏州工业园区金融产业扶持款300万元、苏州工业园区先进集体奖励6万元，以及上海分公司获得的企业扶持金500万元。", "spo_list": [{"predicate": "营业外收入", "object_type": "金额", "subject_type": "日期", "object": "762.82万元", "subject": "2008年度", "subject_index": {"begin": 0, "end": 6}, "object_index": {"begin": 16, "end": 24}}, {"predicate": "营业外收入", "object_type": "金额", "subject_type": "日期", "object": "264.91万元", "subject": "2009年", "subject_index": {"begin": 46, "end": 51}, "object_index": {"begin": 61, "end": 69}}, {"predicate": "营业外收入", "object_type": "金额", "subject_type": "日期", "object": "341.85万元", "subject": "2010年", "subject_index": {"begin": 108, "end": 113}, "object_index": {"begin": 123, "end": 131}}]}
{"text": "本公司2008年、2009年、2010年和2011年上半年的所得税费用如下表所示：报告期内，公司所得税费用分别为7,511.16万元、24,528.26万元、17,221.57万元和7,640.26万元。公司报告期内的所得税税率为25%，所得税费用主要随公司利润总额的变化而变化。", "spo_list": [{"predicate": "应交税费", "object_type": "金额", "subject_type": "日期", "object": "7,511.16万元", "subject": "2008年", "subject_index": {"begin": 3, "end": 8}, "object_index": {"begin": 56, "end": 66}}, {"predicate": "应交税费", "object_type": "金额", "subject_type": "日期", "object": "24,528.26万元", "subject": "2009年", "subject_index": {"begin": 9, "end": 14}, "object_index": {"begin": 67, "end": 78}}, {"predicate": "应交税费", "object_type": "金额", "subject_type": "日期", "object": "17,221.57万元", "subject": "2010年", "subject_index": {"begin": 15, "end": 20}, "object_index": {"begin": 79, "end": 90}}, {"predicate": "应交税费", "object_type": "金额", "subject_type": "日期", "object": "7,640.26万元", "subject": "2011年上半年", "subject_index": {"begin": 21, "end": 29}, "object_index": {"begin": 91, "end": 101}}]}
{"text": "2008年度，公司筹资活动现金净流出2,660.00万元，其中筹资活动现金流入17,340.00万元，主要是2008年公司增资扩股时吸收股东投资的现金流入。同时，公司当年现金流出20,000.00万元，主要是分配股利所致。2009年度，公司筹资活动现金净流出15,000.00万元，主要是分配股利所致。2010年度，公司筹资活动现金净流入2,550.00万元，主要是在对子公司东吴期货增资扩股时吸收少数股东投资所收到的现金。2011年上半年，公司筹资活动现金净流入14,490.00万元。其中，公司因发行次级债实现筹资活动现金流入30,000.00万元。此外，公司因分红等原因导致现金流出为15,510.00万元。", "spo_list": [{"predicate": "公司筹资活动产生的现金流量净额", "object_type": "金额", "subject_type": "日期", "object": "2,660.00万元", "subject": "2008年度", "subject_index": {"begin": 0, "end": 6}, "object_index": {"begin": 18, "end": 28}}, {"predicate": "公司筹资活动产生的现金流量净额", "object_type": "金额", "subject_type": "日期", "object": "17,340.00万元", "subject": "2008年度", "subject_index": {"begin": 0, "end": 6}, "object_index": {"begin": 39, "end": 50}}, {"predicate": "公司筹资活动产生的现金流量净额", "object_type": "金额", "subject_type": "日期", "object": "15,000.00万元", "subject": "2009年度", "subject_index": {"begin": 111, "end": 117}, "object_index": {"begin": 129, "end": 140}}, {"predicate": "其他成本", "object_type": "金额", "subject_type": "日期", "object": "20,000.00万元", "subject": "2008年", "subject_index": {"begin": 54, "end": 59}, "object_index": {"begin": 89, "end": 100}}, {"predicate": "公司筹资活动产生的现金流量净额", "object_type": "金额", "subject_type": "日期", "object": "14,490.00万元", "subject": "2011年上半年", "subject_index": {"begin": 212, "end": 220}, "object_index": {"begin": 232, "end": 243}}, {"predicate": "公司筹资活动产生的现金流量净额", "object_type": "金额", "subject_type": "日期", "object": "30,000.00万元", "subject": "2011年上半年", "subject_index": {"begin": 212, "end": 220}, "object_index": {"begin": 265, "end": 276}}, {"predicate": "其他成本", "object_type": "金额", "subject_type": "日期", "object": "15,510.00万元。", "subject": "2011年上半年", "subject_index": {"begin": 212, "end": 220}, "object_index": {"begin": 295, "end": 307}}, {"predicate": "公司筹资活动产生的现金流量净额", "object_type": "金额", "subject_type": "日期", "object": "2,550.00万元", "subject": "。2010年度", "subject_index": {"begin": 150, "end": 157}, "object_index": {"begin": 169, "end": 179}}]}
{"text": "公司货币资金变化与证券市场行情关联性较高，主要是因为公司的货币资金构成中客户资金存款占比较高，而客户资金存款与国内证券市场行情的关联性较强。2008年末，公司货币资金余额为737,869.90万元。2009年，国内证券市场出现显著回暖，证券交易活跃，投资者队伍不断壮大，公司经纪业务的客户资金存款大幅上升。截至2009年12月31日，公司货币资金余额为1,591,833.56万元，较上年同比增长115.73%，其中，客户资金同比增长160.27%。与此同时，公司自有资金同比增长10.82%，货币资金得到了充实，主要是因为公司2009年度盈利实现大幅增长。", "spo_list": [{"predicate": "货币资金余额", "object_type": "金额", "subject_type": "日期", "object": "737,869.90万元", "subject": "2008年末", "subject_index": {"begin": 70, "end": 76}, "object_index": {"begin": 86, "end": 98}}, {"predicate": "货币资金余额", "object_type": "金额", "subject_type": "日期", "object": "1,591,833.56万元", "subject": "2009年12月31日", "subject_index": {"begin": 155, "end": 166}, "object_index": {"begin": 176, "end": 190}}]}
{"text": "2008年，面对股票市场的深度调整，公司及时调整自营业务的持仓结构，减少了股票的配置比例。同时，公司为锁定投资损失，减少投资风险，及时减持已解除限售期的股票。截至2008年12月31日，公司可供出售金融资产余额为2,611.97万元。", "spo_list": [{"predicate": "在产品余额", "object_type": "金额", "subject_type": "日期", "object": "2,611.97万元", "subject": "2008年12月31日", "subject_index": {"begin": 81, "end": 92}, "object_index": {"begin": 106, "end": 116}}]}
{"text": "2010年以来，公司设立子公司东吴创投，加快了直接投资业务的发展。截至2010年12月31日，长期股权投资规模达到11,385.99万元，同比增长71.69%。主要原因为公司全资子公司东吴创投对外投资增加及按权益法核算的东吴基金管理有限公司投资收益增加所致。", "spo_list": [{"predicate": "投资收益", "object_type": "金额", "subject_type": "日期", "object": "11,385.99万元", "subject": "2010年", "subject_index": {"begin": 0, "end": 5}, "object_index": {"begin": 57, "end": 68}}]}
{"text": "2011年6月30日，公司长期股权投资净值15,835.67万元，较2010年末增加4,449.68万元，增长39.08%。主要原因是公司下属全资子公司东吴创投对外投资增加及按权益法核算的东吴基金管理有限公司投资收益增加所致。", "spo_list": [{"predicate": "投资收益", "object_type": "金额", "subject_type": "日期", "object": "15,835.67万元", "subject": "2011年6月30日", "subject_index": {"begin": 0, "end": 10}, "object_index": {"begin": 21, "end": 32}}, {"predicate": "投资收益", "object_type": "金额", "subject_type": "日期", "object": "4,449.68万元", "subject": "2011年6月30日", "subject_index": {"begin": 0, "end": 10}, "object_index": {"begin": 42, "end": 52}}]}
{"text": "截至2009年12月31日，公司应收账款净额为1,585.27万元，同比减少10,868.64万元，减幅为87.27%。主要原因是公司为购入位于苏州工业园区的土地使用权建造办公用房，于2008年预付相关款项。2009年，公司已购入该项土地使用权并计入无形资产。", "spo_list": [{"predicate": "应收账款净额", "object_type": "金额", "subject_type": "日期", "object": "1,585.27万元", "subject": "2009年12月31日", "subject_index": {"begin": 2, "end": 13}, "object_index": {"begin": 23, "end": 33}}, {"predicate": "应收账款净额", "object_type": "金额", "subject_type": "日期", "object": "10,868.64万元", "subject": "2009年12月31日", "subject_index": {"begin": 2, "end": 13}, "object_index": {"begin": 38, "end": 49}}]}
{"text": "截至2008年12月31日、2009年12月31日和2010年12月31日，公司递延所得税负债分别为198.29万元、4,219.12万元和125.31万元。其中，2009年证券市场行情回暖，股票市场价格出现较大幅度上涨，公司抓住时机适当调整自营投资结构，增加股票等证券产品的配置。截至2009年12月31日，公司所持有的可供出售金融资产公允价值存在较大幅度上涨，当年计入的递延所得税负债随之显著增加。截至2011年6月30日，公司无递延所得税负债。", "spo_list": [{"predicate": "递延所得税负债", "object_type": "金额", "subject_type": "日期", "object": "125.31万元", "subject": "2010年12月31日", "subject_index": {"begin": 26, "end": 37}, "object_index": {"begin": 70, "end": 78}}, {"predicate": "递延所得税负债", "object_type": "金额", "subject_type": "日期", "object": "4,219.12万元", "subject": "2009年12月31日", "subject_index": {"begin": 14, "end": 25}, "object_index": {"begin": 59, "end": 69}}, {"predicate": "递延所得税负债", "object_type": "金额", "subject_type": "日期", "object": "198.29万元", "subject": "2008年12月31日", "subject_index": {"begin": 2, "end": 13}, "object_index": {"begin": 50, "end": 58}}]}
{"text": "公司其他负债主要包括应付款项、预提费用、期货风险准备金和应付期货投资者保护基金。截至2008年12月31日、2009年12月31日、2010年12月31日和2011年6月30日，公司其他负债总额分别为7,195.05万元、10,833.64万元、9,321.15万元和9,756.42万元。均为公司正常经营活动所发生的负债。", "spo_list": [{"predicate": "流动负债", "object_type": "金额", "subject_type": "日期", "object": "7,195.05万元", "subject": "2008年12月31日", "subject_index": {"begin": 42, "end": 53}, "object_index": {"begin": 100, "end": 110}}, {"predicate": "流动负债", "object_type": "金额", "subject_type": "日期", "object": "10,833.64万元", "subject": "2009年12月31日", "subject_index": {"begin": 54, "end": 65}, "object_index": {"begin": 111, "end": 122}}, {"predicate": "流动负债", "object_type": "金额", "subject_type": "日期", "object": "9,321.15万元", "subject": "2010年12月31日", "subject_index": {"begin": 66, "end": 77}, "object_index": {"begin": 123, "end": 133}}, {"predicate": "流动负债", "object_type": "金额", "subject_type": "日期", "object": "9,756.42万元", "subject": "2011年6月30日", "subject_index": {"begin": 78, "end": 88}, "object_index": {"begin": 134, "end": 144}}]}
{"text": "本公司的利息收入来自于存放于银行和清算机构的资金所产生的利息。利息支出主要包括客户存款、卖出回购金融资产事项支付的利息。公司2008年度、2009年度、2010年度和2011年上半年分别实现了利息净收入14,330.91万元、14,493.28万元、15,742.13万元和6,622.64万元，占公司当期营业收入比重分别为16.22%、7.74%、8.71%和7.18%。", "spo_list": [{"predicate": "其他收益", "object_type": "金额", "subject_type": "日期", "object": "6,622.64万元", "subject": "2011年", "subject_index": {"begin": 83, "end": 88}, "object_index": {"begin": 137, "end": 147}}, {"predicate": "其他收益", "object_type": "金额", "subject_type": "日期", "object": "15,742.13万元", "subject": "2010年度", "subject_index": {"begin": 76, "end": 82}, "object_index": {"begin": 125, "end": 136}}, {"predicate": "其他收益", "object_type": "金额", "subject_type": "日期", "object": "14,493.28万元", "subject": "2009年度", "subject_index": {"begin": 69, "end": 75}, "object_index": {"begin": 113, "end": 124}}, {"predicate": "其他收益", "object_type": "金额", "subject_type": "日期", "object": "14,330.91万元", "subject": "2008年度", "subject_index": {"begin": 62, "end": 68}, "object_index": {"begin": 101, "end": 112}}]}
{"text": "2008年，受国际金融危机影响国内证券市场行情大幅下跌。在市场行情不利的情况下，公司自营业务本着稳健经营的原则及时缩减了投资规模，但受大盘整体下跌影响，公司自营业务当年出现亏损。2009年，随着市场行情回暖，公司通过股票、债券等投资品种实现投资收益（含公允价值变动）10,841.50万元。2010年，公司谨慎参与了二级市场投资，实现投资收益（含公允价值变动）18,184.74万元，较上年增长了67.73%。2011年上半年，公司股票投资实现收益2,023.46万元，在市场不理想的情况下，表现比较稳健。此外，债券投资上半年实现收益4,282.75万元", "spo_list": [{"predicate": "投资收益", "object_type": "金额", "subject_type": "日期", "object": "10,841.50万元", "subject": "2009年", "subject_index": {"begin": 89, "end": 94}, "object_index": {"begin": 133, "end": 144}}, {"predicate": "投资收益", "object_type": "金额", "subject_type": "日期", "object": "）18,184.74万元", "subject": "2010年", "subject_index": {"begin": 145, "end": 150}, "object_index": {"begin": 179, "end": 191}}, {"predicate": "投资收益", "object_type": "金额", "subject_type": "日期", "object": "2,023.46万元", "subject": "2011年", "subject_index": {"begin": 205, "end": 210}, "object_index": {"begin": 224, "end": 234}}, {"predicate": "投资收益", "object_type": "金额", "subject_type": "日期", "object": "4,282.75万元", "subject": "2011年", "subject_index": {"begin": 205, "end": 210}, "object_index": {"begin": 267, "end": 277}}]}
{"text": "本公司2008年度、2009年度、2010年度和2011年上半年的利润总额分别为30,176.84万元、98,330.93万元、75,275.36万元和30,303.97万元。", "spo_list": [{"predicate": "营业利润", "object_type": "金额", "subject_type": "日期", "object": "30,303.97万元", "subject": "2011年", "subject_index": {"begin": 24, "end": 29}, "object_index": {"begin": 76, "end": 87}}, {"predicate": "营业利润", "object_type": "金额", "subject_type": "日期", "object": "75,275.36万元", "subject": "2010年", "subject_index": {"begin": 17, "end": 22}, "object_index": {"begin": 64, "end": 75}}, {"predicate": "营业利润", "object_type": "金额", "subject_type": "日期", "object": "98,330.93万元", "subject": "2009年度", "subject_index": {"begin": 10, "end": 16}, "object_index": {"begin": 52, "end": 63}}, {"predicate": "营业利润", "object_type": "金额", "subject_type": "日期", "object": "30,176.84万元", "subject": "2008年度", "subject_index": {"begin": 3, "end": 9}, "object_index": {"begin": 40, "end": 51}}]}
{"text": "本公司2008年度、2009年度、2010年度和2011年上半年实现的净利润分别为22,665.68万元、73,802.66万元、58,053.79万元和22,663.71万元。", "spo_list": [{"predicate": "营业利润", "object_type": "金额", "subject_type": "日期", "object": "22,663.71万元", "subject": "2011年", "subject_index": {"begin": 24, "end": 29}, "object_index": {"begin": 77, "end": 88}}, {"predicate": "营业利润", "object_type": "金额", "subject_type": "日期", "object": "58,053.79万元", "subject": "2010年", "subject_index": {"begin": 17, "end": 22}, "object_index": {"begin": 65, "end": 76}}, {"predicate": "营业利润", "object_type": "金额", "subject_type": "日期", "object": "73,802.66万元", "subject": "2009年度", "subject_index": {"begin": 10, "end": 16}, "object_index": {"begin": 53, "end": 64}}, {"predicate": "营业利润", "object_type": "金额", "subject_type": "日期", "object": "22,665.68万元", "subject": "2008年度", "subject_index": {"begin": 3, "end": 9}, "object_index": {"begin": 41, "end": 52}}]}
{"text": "2008年10月7日公司与苏州市工业园区国土房产局签订《国有建设用地使用权出让合同》，公司承诺在该宗地的开发建设投资总额不低于32,000.00万元。截至2011年6月30日公司已支出19,528.60万元。公司未来主要的资本性支出为该宗土地的建设投资。", "spo_list": [{"predicate": "营业外支出", "object_type": "金额", "subject_type": "日期", "object": "19,528.60万元", "subject": "2011年6月30日", "subject_index": {"begin": 77, "end": 87}, "object_index": {"begin": 92, "end": 103}}]}
