{"text": "截至2016年12月31日，本公司合并报表的资产总额为2,422,595,930.44元，其中流动资产为1,988,615,163.05元，非流动资产为433,980,767.39元，主要包括货币资金、应收票据、应收账款、其他应收款、存货、长期应收账款、长期待摊费用、递延所得税资产和固定资产等。", "spo_list": [{"predicate": "非流动资产", "object_type": "金额", "subject_type": "日期", "object": "433,980,767.39元", "subject": "2016年12月31日", "subject_index": {"begin": 2, "end": 13}, "object_index": {"begin": 76, "end": 91}}, {"predicate": "流动资产", "object_type": "金额", "subject_type": "日期", "object": "1,988,615,163.05元", "subject": "2016年12月31日", "subject_index": {"begin": 2, "end": 13}, "object_index": {"begin": 52, "end": 69}}]}
{"text": "截至2016年12月31日，本公司应交税费账面余额为50,628,234.09元，具体明细如下表所示：", "spo_list": [{"predicate": "应交税费", "object_type": "金额", "subject_type": "日期", "object": "50,628,234.09元", "subject": "2016年12月31日", "subject_index": {"begin": 2, "end": 13}, "object_index": {"begin": 26, "end": 40}}]}
{"text": "截至2016年6月末，发行人已背书且在资产负债表日尚未到期的应收票据为5,374.22万元，上述票据均为银行承兑汇票。截至2016年末，上述票据已全部到期，未出现被追索情况。", "spo_list": [{"predicate": "应收票据", "object_type": "金额", "subject_type": "日期", "object": "5,374.22万元", "subject": "2016年6月末", "subject_index": {"begin": 2, "end": 10}, "object_index": {"begin": 35, "end": 45}}]}
{"text": "2016年末应收账款余额比2015年末增加5,886.31万元，上升6.71%，工程结算和收款情况总体平稳，无重大波动。", "spo_list": [{"predicate": "应收账款净额", "object_type": "金额", "subject_type": "日期", "object": "5,886.31万元", "subject": "2016年末", "subject_index": {"begin": 0, "end": 6}, "object_index": {"begin": 21, "end": 31}}]}
{"text": "2015年末应收账款余额比2014年末增加38,308.18万元，增长77.58%，主要原因为公司基于谨慎性原则，将原在存货中核算的已完工验收但未结算项目重分类至应收账款，该事项追溯调整导致2014年调增应收账款10,452.94万元、2015年调增应收账款26,952.22万元，2016年调增应收账款19,608.47万元。", "spo_list": [{"predicate": "应收账款净额", "object_type": "金额", "subject_type": "日期", "object": "38,308.18万元", "subject": "2015年末", "subject_index": {"begin": 0, "end": 6}, "object_index": {"begin": 21, "end": 32}}]}
{"text": "2017年报告期各期末，公司应收账款净额分别为46,089.45万元、81,568.56万元和86,745.17万元，占总资产的比例分别为36.05%、35.81%和43.62%。2014年至2016年，公司应收账款净额及所占总资产比重均有所上升，主要是因为公司业务量增加所致。", "spo_list": [{"predicate": "应收账款净额", "object_type": "金额", "subject_type": "日期", "object": "46,089.45万元", "subject": "2017年", "subject_index": {"begin": 0, "end": 5}, "object_index": {"begin": 23, "end": 34}}, {"predicate": "应收账款净额", "object_type": "金额", "subject_type": "日期", "object": "81,568.56万元", "subject": "2017年", "subject_index": {"begin": 0, "end": 5}, "object_index": {"begin": 35, "end": 46}}, {"predicate": "应收账款净额", "object_type": "金额", "subject_type": "日期", "object": "86,745.17万元", "subject": "2017年", "subject_index": {"begin": 0, "end": 5}, "object_index": {"begin": 47, "end": 58}}]}
{"text": "2017年报告期各期末，公司其他应收款净额分别为3,881.53万元、4,139.59万元和3,847.57万元，占总资产的比例分别为2.29%、1.81%和1.57%。除公司因2014年重组事宜产生的重组保证金外，公司其他年度其他应收款主要为投标保证金、履约保证金等保证金及资金往来。投标保证金在工程投标结束后退回给公司、履约保证金在项目结束或者合同协议约定事项完成后退回给公司。报告期各期末，公司保证金余额分别为3,296.24万元、3,594.25万元和3,215.78万元，占其他应收款余额的比例分别为82.88%、84.24%和80.54%。", "spo_list": [{"predicate": "其他应收款净额", "object_type": "金额", "subject_type": "日期", "object": "3,881.53万元", "subject": "2017年", "subject_index": {"begin": 0, "end": 5}, "object_index": {"begin": 24, "end": 34}}, {"predicate": "其他应收款净额", "object_type": "金额", "subject_type": "日期", "object": "4,139.59万元", "subject": "2017年", "subject_index": {"begin": 0, "end": 5}, "object_index": {"begin": 35, "end": 45}}, {"predicate": "其他应收款净额", "object_type": "金额", "subject_type": "日期", "object": "3,847.57万元", "subject": "2017年", "subject_index": {"begin": 0, "end": 5}, "object_index": {"begin": 46, "end": 56}}]}
{"text": "2014年末、2015年末、2016年末，发行人其他应收款中的往来款分别为680.66万元、672.67万元及776.86万元，占比分别为17.12%、15.76%及19.46%。", "spo_list": [{"predicate": "其他应收款净额", "object_type": "金额", "subject_type": "日期", "object": "680.66万元", "subject": "2014年末", "subject_index": {"begin": 0, "end": 6}, "object_index": {"begin": 37, "end": 45}}, {"predicate": "其他应收款净额", "object_type": "金额", "subject_type": "日期", "object": "672.67万元", "subject": "2015年末", "subject_index": {"begin": 7, "end": 13}, "object_index": {"begin": 46, "end": 54}}, {"predicate": "其他应收款净额", "object_type": "金额", "subject_type": "日期", "object": "776.86万元", "subject": "2016年末", "subject_index": {"begin": 14, "end": 20}, "object_index": {"begin": 55, "end": 63}}]}
{"text": "其中，2016年12月31日长期应收款较2015年末减少849.78万元，主要系梁山县龟山河综合治理PPP项目2016年度确认已完成工程量，新增长期应收款7,406.35万元；而其他BT项目已陆续进入回购期，工程款陆续收回。因此，发行人长期应收款总体保持平稳。", "spo_list": [{"predicate": "长期应收款", "object_type": "金额", "subject_type": "日期", "object": "849.78万元", "subject": "2016年12月31日", "subject_index": {"begin": 3, "end": 14}, "object_index": {"begin": 28, "end": 36}}]}
{"text": "2014年及2015年公司应交税费期末余额主要为营业税和企业所得税，2016年公司应交税费期末余额主要为增值税和企业所得税。报告期内，公司应交税费分别为8,459.85万元、9,766.94万元和5,062.82万元，2014年至2015年，随着公司营业收入的逐年增长，营业税费也相应增加。由于公司于2015年获得了高新企业资格，所得税率下降导致2015年应交税费中所得税金额下降。2016年由于营业税改增值税的影响，待转销项税余额计入其他流动负债科目，因此应交税费较2015年有较大下降。", "spo_list": [{"predicate": "应交税费", "object_type": "金额", "subject_type": "日期", "object": "8,459.85万元", "subject": "2014年", "subject_index": {"begin": 0, "end": 5}, "object_index": {"begin": 76, "end": 86}}, {"predicate": "应交税费", "object_type": "金额", "subject_type": "日期", "object": "9,766.94万元", "subject": "2015年", "subject_index": {"begin": 6, "end": 11}, "object_index": {"begin": 87, "end": 97}}, {"predicate": "应交税费", "object_type": "金额", "subject_type": "日期", "object": "5,062.82万元", "subject": "2016年", "subject_index": {"begin": 34, "end": 39}, "object_index": {"begin": 98, "end": 108}}]}
{"text": "报告期内，随着公司利润快速增长，息税折旧摊销前利润相应由2014年度的18,389.49万元上升至2016年度的22,603.97万元，公司的利息保障倍数由2014年度的14.71倍上升至2016年度的37.30倍。", "spo_list": [{"predicate": "息税折旧摊销前利润", "object_type": "金额", "subject_type": "日期", "object": "18,389.49万元", "subject": "2014年度", "subject_index": {"begin": 28, "end": 34}, "object_index": {"begin": 35, "end": 46}}, {"predicate": "息税折旧摊销前利润", "object_type": "金额", "subject_type": "日期", "object": "22,603.97万元", "subject": "2016年度", "subject_index": {"begin": 49, "end": 55}, "object_index": {"begin": 56, "end": 67}}]}
{"text": "公司发生的销售费用较少，因此，销售费用未进行单独核算，与管理费用一并核算。2014年度、2015年度和2016年度，公司期间费用分别为1,486.39万元、3,781.54万元和5,136.40万元。研发投入增加及项目利息收入减少是报告期内公司期间费用持续上升的主要原因。", "spo_list": [{"predicate": "期间费用", "object_type": "金额", "subject_type": "日期", "object": "1,486.39万元", "subject": "2014年度", "subject_index": {"begin": 37, "end": 43}, "object_index": {"begin": 67, "end": 77}}, {"predicate": "期间费用", "object_type": "金额", "subject_type": "日期", "object": "3,781.54万元", "subject": "2015年度", "subject_index": {"begin": 44, "end": 50}, "object_index": {"begin": 78, "end": 88}}, {"predicate": "期间费用", "object_type": "金额", "subject_type": "日期", "object": "5,136.40万元", "subject": "2016年度", "subject_index": {"begin": 51, "end": 57}, "object_index": {"begin": 89, "end": 99}}]}
{"text": "公司的营业税金及附加为营业税、城市维护建设税、教育费附加、房产税、土地使用税及印花税。2014年度、2015年度和2016年度，公司的营业税金及附加分别为2,319.58万元、3,041.72万元和528.02万元，占营业收入的比例分别为3.20%、3.46%和0.54%。2014至2015年间，随着营业收入的逐年增长，营业税金及附加也相应增加，2016年公司税金及附加下降较多主要是因为受到营业税改增值税影响。", "spo_list": [{"predicate": "税金及附加", "object_type": "金额", "subject_type": "日期", "object": "2,319.58万元", "subject": "2014年度", "subject_index": {"begin": 43, "end": 49}, "object_index": {"begin": 77, "end": 87}}, {"predicate": "税金及附加", "object_type": "金额", "subject_type": "日期", "object": "3,041.72万元", "subject": "2015年度", "subject_index": {"begin": 50, "end": 56}, "object_index": {"begin": 88, "end": 98}}, {"predicate": "税金及附加", "object_type": "金额", "subject_type": "日期", "object": "528.02万元", "subject": "2016年度", "subject_index": {"begin": 57, "end": 63}, "object_index": {"begin": 99, "end": 107}}]}
{"text": "2014年度、2015年度和2016年度，公司投资活动产生的现金流量净额分别为-395.34万元、-11,908.55万元和-3,885.76万元。", "spo_list": [{"predicate": "公司投资活动产生的现金流量净额", "object_type": "金额", "subject_type": "日期", "object": "-395.34万元", "subject": "2014年度", "subject_index": {"begin": 0, "end": 6}, "object_index": {"begin": 39, "end": 48}}, {"predicate": "公司投资活动产生的现金流量净额", "object_type": "金额", "subject_type": "日期", "object": "-11,908.55万元", "subject": "2015年度", "subject_index": {"begin": 7, "end": 13}, "object_index": {"begin": 49, "end": 61}}, {"predicate": "公司投资活动产生的现金流量净额", "object_type": "金额", "subject_type": "日期", "object": "-3,885.76万元", "subject": "2016年度", "subject_index": {"begin": 14, "end": 20}, "object_index": {"begin": 62, "end": 73}}]}
{"text": "2014年度、2015年度和2016年度，公司筹资活动产生的现金流量净额分别为4,870.86万元、10,211.37万元和-14,988.86万元。2016年度公司筹资活动产生的现金流量净额下降较多主要是因为公司因运营资金压力较小，所以减少了银行借款，同时增加了大量为开具银行承兑汇票做担保的保证金和定期存款。", "spo_list": [{"predicate": "公司筹资活动产生的现金流量净额", "object_type": "金额", "subject_type": "日期", "object": "4,870.86万元", "subject": "2014年度", "subject_index": {"begin": 0, "end": 6}, "object_index": {"begin": 39, "end": 49}}, {"predicate": "公司筹资活动产生的现金流量净额", "object_type": "金额", "subject_type": "日期", "object": "10,211.37万元", "subject": "2015年度", "subject_index": {"begin": 7, "end": 13}, "object_index": {"begin": 50, "end": 61}}, {"predicate": "公司筹资活动产生的现金流量净额", "object_type": "金额", "subject_type": "日期", "object": "-14,988.86万元", "subject": "2016年度", "subject_index": {"begin": 14, "end": 20}, "object_index": {"begin": 62, "end": 74}}]}
{"text": "截至2016年12月31日，本公司应付票据余额为107,149,341.00元，全部为银行承兑汇票。", "spo_list": [{"predicate": "应付票据", "object_type": "金额", "subject_type": "日期", "object": "107,149,341.00元", "subject": "2016年12月31日", "subject_index": {"begin": 2, "end": 13}, "object_index": {"begin": 24, "end": 39}}]}
{"text": "报告期内，公司货币资金余额分别为5,592.93万元、33,955.19万元和43,841.44万元，占公司总资产的比例分别为3.30%、14.82%和17.88%。", "spo_list": [{"predicate": "货币资金余额", "object_type": "金额", "subject_type": "日期", "object": "5,592.93万元", "subject": "报告期内", "subject_index": {"begin": 0, "end": 4}, "object_index": {"begin": 16, "end": 26}}, {"predicate": "货币资金余额", "object_type": "金额", "subject_type": "日期", "object": "33,955.19万元", "subject": "报告期内", "subject_index": {"begin": 0, "end": 4}, "object_index": {"begin": 27, "end": 38}}, {"predicate": "货币资金余额", "object_type": "金额", "subject_type": "日期", "object": "43,841.44万元", "subject": "报告期内", "subject_index": {"begin": 0, "end": 4}, "object_index": {"begin": 39, "end": 50}}]}
{"text": "①根据发行人会计政策，虽基于谨慎性原则对于存货中已竣工验收但未结算的工程均由存货转入应收账款核算，但相关应收账款按照合同约定未到结算期，因此导致报告期末应收账款余额大幅增长且应收账款周转率降低。例如，发行人部分项目集中在2015年完工验收但未到结算期而导致当年应收账款大幅增长。其中：河北邯郸永年县广府古城环水观光走廊及全部岛屿项目于2013年开工，2015年完工验收，未审计结算工程量全部结转至应收账款，新增应收账款13,204.17万元；九里河生态环境整治映月湖中央公园二标项目于2015年完工验收，未审计结算工程量全部结转至应收账款，新增应收账款2,994.33万元；徐州潘安湖二期项目于2015年完工验收，未审计结算工程量全部结转至应收账款，新增应收账款3,227.00万元；嘉祥县环湖西路（含东湖景区南段A区）景观绿化项目于2015年完工验收，未审计结算工程量全部结转至应收账款，新增应收账款2,747.49万元。", "spo_list": [{"predicate": "应收账款净额", "object_type": "金额", "subject_type": "日期", "object": "13,204.17万元", "subject": "2015年", "subject_index": {"begin": 175, "end": 180}, "object_index": {"begin": 209, "end": 220}}, {"predicate": "应收账款净额", "object_type": "金额", "subject_type": "日期", "object": "2,994.33万元", "subject": "2015年", "subject_index": {"begin": 242, "end": 247}, "object_index": {"begin": 276, "end": 286}}, {"predicate": "应收账款净额", "object_type": "金额", "subject_type": "日期", "object": "3,227.00万元", "subject": "2015年", "subject_index": {"begin": 242, "end": 247}, "object_index": {"begin": 331, "end": 341}}, {"predicate": "应收账款净额", "object_type": "金额", "subject_type": "日期", "object": "2,747.49万元", "subject": "2015年", "subject_index": {"begin": 367, "end": 372}, "object_index": {"begin": 401, "end": 411}}]}
{"text": "2016年末比2015年末增加5,886.3万元，上升6.71%，主要原因系淮安市白马湖湿地公园项目于2014年开工，根据工程施工合同约定确认了当期应结算的工程进度款，新增应收账款5,938.38万元；吉木萨尔镇北风貌改造（绿化提升改造二期）项目于2016年开工，根据工程施工合同约定确认了当期应结算的工程进度款，新增应收账款3,484.80万元；濮阳龙文化公园项目于2015年开工，2016年完工，根据施工合同约定确认工程结算款项，新增应收款项2,200万元；徐州凤凰泉二期项目于2013年开工，2014年完工验收，2016年经审计结算后，已完工未结算工程量全部确认应收账款，新增应收账款2,018.10万元。前述合计新增应收账款13,641.28万元，占当期新增应收账款的231.75%。", "spo_list": [{"predicate": "长期应收款", "object_type": "金额", "subject_type": "日期", "object": "2,200万元", "subject": "2016年", "subject_index": {"begin": 192, "end": 197}, "object_index": {"begin": 223, "end": 230}}, {"predicate": "长期应收款", "object_type": "金额", "subject_type": "日期", "object": "2,018.10万元", "subject": "2016年", "subject_index": {"begin": 259, "end": 264}, "object_index": {"begin": 295, "end": 305}}, {"predicate": "长期应收款", "object_type": "金额", "subject_type": "日期", "object": "13,641.28万元", "subject": "2016年", "subject_index": {"begin": 259, "end": 264}, "object_index": {"begin": 316, "end": 327}}]}
{"text": "2014年末、2015年末、2016年末，发行人其他应收款中的保证金分别为3,296.24万元、3,594.26万元及3,215.78万元，占比分别为82.88%、84.24%及80.54%。", "spo_list": [{"predicate": "长期应收款", "object_type": "金额", "subject_type": "日期", "object": "3,296.24万元", "subject": "2014年末", "subject_index": {"begin": 0, "end": 6}, "object_index": {"begin": 37, "end": 47}}, {"predicate": "长期应收款", "object_type": "金额", "subject_type": "日期", "object": "3,594.26万元", "subject": "2015年末", "subject_index": {"begin": 7, "end": 13}, "object_index": {"begin": 48, "end": 58}}, {"predicate": "长期应收款", "object_type": "金额", "subject_type": "日期", "object": "3,215.78万元", "subject": "2016年末，", "subject_index": {"begin": 14, "end": 21}, "object_index": {"begin": 59, "end": 69}}]}
{"text": "公司2014年、2015年及2016年末存货余额分别为87,087.89万元、67,286.92万元和63,204.94万元。2014年末、2015年末及2016年末的存货余额较上期分别增长了10.21%、下降了22.74%和下降了6.07%。2015年及2016年末存货余额有所下降的主要原因一方面是公司积极推进项目审计验收工作，大量竣工项目完成审计验收转入了应收账款，如吉木萨尔镇北风貌改造（绿化提升改造二期）项目、濮阳龙文化公园项目、泗洪洪泽湖国家湿地公园旅游工程项目、河北邯郸永年县广府古城环水观光走廊及全部岛屿项目等。另一方面，报告期内是公司PPP类型项目占比逐渐增大，该类项目所签订合同中的结算条款通常优于普通工程施工项目。", "spo_list": [{"predicate": "存货", "object_type": "金额", "subject_type": "日期", "object": "87,087.89万元", "subject": "2014年", "subject_index": {"begin": 2, "end": 7}, "object_index": {"begin": 27, "end": 38}}, {"predicate": "存货", "object_type": "金额", "subject_type": "日期", "object": "67,286.92万元", "subject": "2015年", "subject_index": {"begin": 8, "end": 13}, "object_index": {"begin": 39, "end": 50}}, {"predicate": "存货", "object_type": "金额", "subject_type": "日期", "object": "63,204.94万元", "subject": "2016年末", "subject_index": {"begin": 14, "end": 20}, "object_index": {"begin": 51, "end": 62}}]}
{"text": "2017年报告期内，公司长期应收款余额分别为21,142.34万元、24,728.97万元和23,879.19万元。2015年12月31日长期应收款较2014年末增长3,586.63万元，增幅为16.96%；2016年12月31日长期应收款较2015年12月31日减少849.78万元，增幅为-3.44%.", "spo_list": [{"predicate": "长期应收款", "object_type": "金额", "subject_type": "日期", "object": "3,586.63万元", "subject": "2015年12月31日", "subject_index": {"begin": 58, "end": 69}, "object_index": {"begin": 83, "end": 93}}, {"predicate": "长期应收款", "object_type": "金额", "subject_type": "日期", "object": "849.78万元", "subject": "2016年12月31日", "subject_index": {"begin": 104, "end": 115}, "object_index": {"begin": 134, "end": 142}}]}
{"text": "2015年12月31日长期应收款较2014年末增加3,586.63万元，增幅为16.96%，主要系郑州市高新区锦和公园BT项目2015年度确认已完成工程量，新增长期应收款6,589.37万元，由此导致2015年末长期应收款增长较快。", "spo_list": [{"predicate": "长期应收款", "object_type": "金额", "subject_type": "日期", "object": "3,586.63万元", "subject": "2015年12月31日", "subject_index": {"begin": 0, "end": 11}, "object_index": {"begin": 25, "end": 35}}, {"predicate": "长期应收款", "object_type": "金额", "subject_type": "日期", "object": "6,589.37万元", "subject": "2015年12月31日", "subject_index": {"begin": 0, "end": 11}, "object_index": {"begin": 85, "end": 95}}]}
{"text": "2017年报告期各期末，公司的资产负债率（母公司）分别为55.65%、54.52%和50.26%，流动比率分别为1.52、1.53和1.66，速动比率分别为0.59、0.98和1.13，公司资产负债率（母公司）近年来有所下降，流动比率及速动比率近年来有所上升。流动比率及速动比率上升主要原因为公司规模增长迅速，承接项目规模逐步增大，项目周期较长，使得流动资产余额上升较快。同时公司通过外部股权融资以及加强应收账款催收等方式降低了对短期借款的需求，导致报告期内流动负债余额变化不大。", "spo_list": [{"predicate": "速动比率", "object_type": "日期", "subject_type": "比率", "object": "2017年报告期各期末", "subject": "0.59", "subject_index": {"begin": 78, "end": 82}, "object_index": {"begin": 0, "end": 11}}, {"predicate": "速动比率", "object_type": "日期", "subject_type": "比率", "object": "2017年报告期各期末", "subject": "0.98", "subject_index": {"begin": 83, "end": 87}, "object_index": {"begin": 0, "end": 11}}, {"predicate": "速动比率", "object_type": "日期", "subject_type": "比率", "object": "2017年报告期各期末", "subject": "1.13", "subject_index": {"begin": 88, "end": 92}, "object_index": {"begin": 0, "end": 11}}]}
{"text": "如2016年度管理费用率排名前两名的同行业上市公司岭南园林、铁汉生态，其当年计入管理费用的折旧摊销金额分别为1,113.03万元、4,424.32万元，而发行人当年计入管理费用的折旧摊销金额仅为114.86万元。", "spo_list": [{"predicate": "息税折旧摊销前利润", "object_type": "金额", "subject_type": "日期", "object": "1,113.03万元", "subject": "2016年度", "subject_index": {"begin": 1, "end": 7}, "object_index": {"begin": 54, "end": 64}}, {"predicate": "息税折旧摊销前利润", "object_type": "金额", "subject_type": "日期", "object": "4,424.32万元", "subject": "2016年度", "subject_index": {"begin": 1, "end": 7}, "object_index": {"begin": 65, "end": 75}}, {"predicate": "息税折旧摊销前利润", "object_type": "金额", "subject_type": "日期", "object": "114.86万元", "subject": "2016年度", "subject_index": {"begin": 1, "end": 7}, "object_index": {"begin": 97, "end": 105}}]}
{"text": "公司营业外收支的金额较小，214年度、2015年度和2016年度，公司的营业外收支净额分别为-10.14万元、-44.41万元和-160.88万元，占当期利润总额的比例分别为-0.06%、-0.21%和-0.74%。2015年公司营业外收入中政府补贴为3.95万元，主要为专利赞助和锡山区科技局高新技术企业奖励。2016年公司营业外收入中政府补贴为142.78万元，主要为直接融资奖励、专利赞助以及赣州市西部大开发企业所得税优惠，营业外支出为304.05万元，主要为捐赠110.00万元以及应收账款转让财务费用193.56万元。", "spo_list": [{"predicate": "营业外支出", "object_type": "金额", "subject_type": "日期", "object": "-10.14万元", "subject": "214年度", "subject_index": {"begin": 13, "end": 18}, "object_index": {"begin": 46, "end": 54}}, {"predicate": "营业外支出", "object_type": "金额", "subject_type": "日期", "object": "-44.41万元", "subject": "2015年度", "subject_index": {"begin": 19, "end": 25}, "object_index": {"begin": 55, "end": 63}}, {"predicate": "营业外支出", "object_type": "金额", "subject_type": "日期", "object": "-160.88万元", "subject": "2016年度", "subject_index": {"begin": 26, "end": 32}, "object_index": {"begin": 64, "end": 73}}, {"predicate": "营业外收入", "object_type": "金额", "subject_type": "日期", "object": "3.95万元", "subject": "2015年", "subject_index": {"begin": 108, "end": 113}, "object_index": {"begin": 126, "end": 132}}, {"predicate": "营业外收入", "object_type": "金额", "subject_type": "日期", "object": "142.78万元", "subject": "2016年", "subject_index": {"begin": 156, "end": 161}, "object_index": {"begin": 174, "end": 182}}, {"predicate": "营业外收入", "object_type": "金额", "subject_type": "日期", "object": "304.05万元", "subject": "2016年", "subject_index": {"begin": 156, "end": 161}, "object_index": {"begin": 221, "end": 229}}]}
{"text": "2015年、2016年，公司营业收入分别为87,874.29万元、97,959.68万元，报告期末，公司总资产为243,741.91万元。本次募集资金项目的金额为93,701.29万元，与公司经营规模相适应。报告期内，公司营业收入分别为72,573.02万元、87,874.29万元和97,959.68万元，净利润分别为12,601.98万元、15,122.54万元和18,533.81万元，经营活动产生的现金流量净额分别为-13,489.91万元、27,933.81万元和24,640.39万元。公司具有较强的盈利能力，现金流逐渐改善，各项财务指标良好，与本次募集资金投资项目适应。", "spo_list": [{"predicate": "每股经营活动产生的现金流量净额", "object_type": "金额", "subject_type": "日期", "object": "-13,489.91万元", "subject": "2015年", "subject_index": {"begin": 0, "end": 5}, "object_index": {"begin": 212, "end": 224}}, {"predicate": "每股经营活动产生的现金流量净额", "object_type": "金额", "subject_type": "日期", "object": "27,933.81万元", "subject": "2016年", "subject_index": {"begin": 6, "end": 11}, "object_index": {"begin": 225, "end": 236}}, {"predicate": "每股经营活动产生的现金流量净额", "object_type": "金额", "subject_type": "日期", "object": "24,640.39万元", "subject": "报告期末", "subject_index": {"begin": 45, "end": 49}, "object_index": {"begin": 237, "end": 248}}]}
{"text": "截至2016年12月31日，本公司应付账款的账面余额为862,968,331.89元，全部为劳务费及材料款，无应付持有本公司5%（含5%）以上股份的股东单位或关联方的款项。本公司账龄超过一年的300万元以上重要应付账款如下表所示：", "spo_list": [{"predicate": "应付账款", "object_type": "金额", "subject_type": "日期", "object": "862,968,331.89元", "subject": "2016年12月31日", "subject_index": {"begin": 2, "end": 13}, "object_index": {"begin": 27, "end": 42}}]}
{"text": "截至2016年12月31日，本公司其他应付款的账面余额为31,966,280.91元，无应付持有本公司5%（含5%）以上股份的股东单位或关联方的款项。本公司其他应付款的账龄情况如下表所示", "spo_list": [{"predicate": "应付账款", "object_type": "金额", "subject_type": "日期", "object": "31,966,280.91元", "subject": "2016年12月31日", "subject_index": {"begin": 2, "end": 13}, "object_index": {"begin": 28, "end": 42}}]}
{"text": "2016年末，公司的货币资金余额较上年末增长9,886.25万元，主要是由于公司大型工程项目如杭州钱江世纪城沿江公园项目、湖州经济开发区绿化工程PPP项目等PPP项目回款情况良好，同时公司部分项目完成审计验收进入回款期。", "spo_list": [{"predicate": "货币资金余额", "object_type": "金额", "subject_type": "日期", "object": "9,886.25万元", "subject": "2016年末", "subject_index": {"begin": 0, "end": 6}, "object_index": {"begin": 22, "end": 32}}]}
{"text": "报告期内公司应收账款余额增长较快，2014年末、2015年末及2016年末，公司应收账款余额分别为49,377.19万元、87,685.36万元和93,571.68万元；2015年末比2014年末增加38,308.18万元，增长77.58%；2016年末比2015年末增加5,886.31万元，上升6.71%。2014年至2016年间公司应收账款增长较快，主要是随着公司业务规模的扩大，已经办理结算但尚未收取的工程款余额也相应增加所致。", "spo_list": [{"predicate": "应收账款余额", "object_type": "金额", "subject_type": "日期", "object": "49,377.19万元", "subject": "2014年末", "subject_index": {"begin": 17, "end": 23}, "object_index": {"begin": 49, "end": 60}}, {"predicate": "应收账款余额", "object_type": "金额", "subject_type": "日期", "object": "87,685.36万元", "subject": "2015年末", "subject_index": {"begin": 24, "end": 30}, "object_index": {"begin": 61, "end": 72}}, {"predicate": "应收账款余额", "object_type": "金额", "subject_type": "日期", "object": "93,571.68万元", "subject": "2016年末", "subject_index": {"begin": 31, "end": 37}, "object_index": {"begin": 73, "end": 84}}]}
{"text": "2017年报告期内各期末公司坏账准备余额分别为3,287.74万元、6,116.80万元和6,826.51万元，占应收账款余额的比例分别为6.66%、6.98%和7.30%。公司客户主要为政府单位，发生坏账的风险较低，报告期内公司未发生实际坏账损失", "spo_list": [{"predicate": "坏账准备", "object_type": "金额", "subject_type": "日期", "object": "3,287.74万元", "subject": "2017年", "subject_index": {"begin": 0, "end": 5}, "object_index": {"begin": 23, "end": 33}}, {"predicate": "坏账准备", "object_type": "金额", "subject_type": "日期", "object": "6,116.80万元", "subject": "2017年", "subject_index": {"begin": 0, "end": 5}, "object_index": {"begin": 34, "end": 44}}, {"predicate": "坏账准备", "object_type": "金额", "subject_type": "日期", "object": "6,826.51万元", "subject": "2017年", "subject_index": {"begin": 0, "end": 5}, "object_index": {"begin": 45, "end": 55}}]}
{"text": "2015年末比2014年末增加38,308.18万元，增长77.58%，主要原因系湖州经济技术开发区绿化工程PPP项目于2015年开工，根据合同条款约定，2015年确认了当期应结算的工程结算款项，新增应收账款6,517.26万元；泗洪洪泽湖国家湿地公园旅游工程项目于2012年开工，2013年末完工验收，根据合同条款约定分期结算，2015年确认了当期应结算的工程结算款项，新增应收账款3,633.46万元；河北邯郸永年县广府古城环水观光走廊及全部岛屿项目于2013年开工，2015年完工验收，根据合同条款约定分期结算，2015年确认了当期应结算的工程结算款项，新增应收账款5,500.00万元。前述合计新增应收账款15,650.72万元，占当年新增应收账款的40.85%。", "spo_list": [{"predicate": "长期应收款", "object_type": "金额", "subject_type": "日期", "object": "6,517.26万元", "subject": "2015年", "subject_index": {"begin": 77, "end": 82}, "object_index": {"begin": 104, "end": 114}}, {"predicate": "长期应收款", "object_type": "金额", "subject_type": "日期", "object": "5,500.00万元", "subject": "2015年", "subject_index": {"begin": 236, "end": 241}, "object_index": {"begin": 286, "end": 296}}, {"predicate": "长期应收款", "object_type": "金额", "subject_type": "日期", "object": "3,633.46万元", "subject": "2015年", "subject_index": {"begin": 165, "end": 170}, "object_index": {"begin": 192, "end": 202}}]}
{"text": "2016年末公司的存货周转率为1.07。公司的存货周转率逐年增长，主要工程项目均在正常建设施工和结算当中。", "spo_list": []}
{"text": "2017年报告期各期末，公司长期应收款余额分别为21,142.34万元、24,728.97万元和23,879.19万元。", "spo_list": [{"predicate": "长期应收款", "object_type": "金额", "subject_type": "日期", "object": "21,142.34万元", "subject": "2017年", "subject_index": {"begin": 0, "end": 5}, "object_index": {"begin": 24, "end": 35}}, {"predicate": "长期应收款", "object_type": "金额", "subject_type": "日期", "object": "24,728.97万元", "subject": "2017年", "subject_index": {"begin": 0, "end": 5}, "object_index": {"begin": 36, "end": 47}}, {"predicate": "长期应收款", "object_type": "金额", "subject_type": "日期", "object": "23,879.19万元", "subject": "2017年", "subject_index": {"begin": 0, "end": 5}, "object_index": {"begin": 48, "end": 59}}]}
{"text": "2017年报告期各期末，公司应付账款余额分别为61,146.76万元、86,381.35万元、86,296.83万元。公司应付账款的账龄较短，报告期各期末两年以内的应付账款占当期应付账款余额的比例均在90%以上，其中各期末1年以上的应付账款余额分别为18,365.5万元、16,408.76万元、27,551.98万元，占当期末应付账款余额的比例分别为30.04%、18.99%、31.93%。公司报告期各期末1年以上应付账款金额较大主要是因为：发行人报告期内收入结构逐渐调整，来自于规模大、周期长的PPP项目收入增长较快。基于此，发行人也相应根据承揽项目特点调整了对供应商的付款流程及政策。2015年末公司1年以上应付账款金额占比有所下降主要是因为当年开工的杭州萧山钱江世纪城沿江公园PPP项目施工周期较短、期末未支付的采购金额增加较多导致1年以内应付账款占比上升所致。", "spo_list": [{"predicate": "应付账款", "object_type": "金额", "subject_type": "日期", "object": "61,146.76万元", "subject": "2017年", "subject_index": {"begin": 0, "end": 5}, "object_index": {"begin": 23, "end": 34}}, {"predicate": "应付账款", "object_type": "金额", "subject_type": "日期", "object": "86,381.35万元", "subject": "2017年", "subject_index": {"begin": 0, "end": 5}, "object_index": {"begin": 35, "end": 46}}, {"predicate": "应付账款", "object_type": "金额", "subject_type": "日期", "object": "86,296.83万元", "subject": "2017年", "subject_index": {"begin": 0, "end": 5}, "object_index": {"begin": 47, "end": 58}}, {"predicate": "应付账款", "object_type": "金额", "subject_type": "日期", "object": "18,365.5万元", "subject": "2017年", "subject_index": {"begin": 0, "end": 5}, "object_index": {"begin": 125, "end": 135}}, {"predicate": "应付账款", "object_type": "金额", "subject_type": "日期", "object": "16,408.76万元", "subject": "2017年", "subject_index": {"begin": 0, "end": 5}, "object_index": {"begin": 136, "end": 147}}, {"predicate": "应付账款", "object_type": "金额", "subject_type": "日期", "object": "27,551.98万元", "subject": "2017年", "subject_index": {"begin": 0, "end": 5}, "object_index": {"begin": 148, "end": 159}}]}
{"text": "2014年公司利息收入较高主要是因为公司根据以下各相关项目合同计提了当期利息收入：2014年公司根据泗洪洪泽湖国家湿地公园旅游工程合同计提项目利息收入1,984.38万元、南通翠园绿地合同计提项目利息收入408.28万元以及镇江新区景观工程合同计提利息收入750.45万元。2015年及2016年公司利息收入下降较多主要是因为随着以往承接支付利息项目完工，支付利息项目的数量下降。", "spo_list": [{"predicate": "其他收益", "object_type": "金额", "subject_type": "日期", "object": "1,984.38万元", "subject": "2014年", "subject_index": {"begin": 41, "end": 46}, "object_index": {"begin": 75, "end": 85}}, {"predicate": "其他收益", "object_type": "金额", "subject_type": "日期", "object": "408.28万元", "subject": "2014年", "subject_index": {"begin": 41, "end": 46}, "object_index": {"begin": 102, "end": 110}}, {"predicate": "其他收益", "object_type": "金额", "subject_type": "日期", "object": "750.45万元", "subject": "2014年", "subject_index": {"begin": 41, "end": 46}, "object_index": {"begin": 128, "end": 136}}]}
{"text": "2014年度、2015年度和2016年度，公司的非经常性损益净额分别为-3.97万元、-37.68万元和-124.31万元，占净利润的比重分别为-0.03%、-0.25%和-0.67%，对净利润的影响较小。", "spo_list": [{"predicate": "非经常性损益", "object_type": "金额", "subject_type": "日期", "object": "-124.31万元", "subject": "2016年度", "subject_index": {"begin": 14, "end": 20}, "object_index": {"begin": 52, "end": 61}}, {"predicate": "非经常性损益", "object_type": "金额", "subject_type": "日期", "object": "-37.68万元", "subject": "2015年度", "subject_index": {"begin": 7, "end": 13}, "object_index": {"begin": 43, "end": 51}}, {"predicate": "非经常性损益", "object_type": "金额", "subject_type": "日期", "object": "-3.97万元", "subject": "2014年度", "subject_index": {"begin": 0, "end": 6}, "object_index": {"begin": 35, "end": 42}}]}
