{"text": "报告期内，2012年、2013年及2014年，公司国债、金融债承销业务分别实现收入8,900.58万元、4,533.11万元及8,779.65万元。", "spo_list": [{"predicate": "其他收益", "object_type": "金额", "subject_type": "日期", "object": "8,900.58万元", "subject": "2012年", "subject_index": {"begin": 5, "end": 10}, "object_index": {"begin": 41, "end": 51}}, {"predicate": "其他收益", "object_type": "金额", "subject_type": "日期", "object": "4,533.11万元", "subject": "2013年", "subject_index": {"begin": 11, "end": 16}, "object_index": {"begin": 52, "end": 62}}, {"predicate": "其他收益", "object_type": "金额", "subject_type": "日期", "object": "8,779.65万元", "subject": "2014年", "subject_index": {"begin": 17, "end": 22}, "object_index": {"begin": 63, "end": 73}}]}
{"text": "2013年公司取得资产管理业务净收入21,439.81万元，同比增长115.99%。", "spo_list": [{"predicate": "管理费用", "object_type": "金额", "subject_type": "日期", "object": "21,439.81万元", "subject": "2013年", "subject_index": {"begin": 0, "end": 5}, "object_index": {"begin": 18, "end": 29}}]}
{"text": "2014年公司取得资产管理业务净收入28,170.65万元，同比增长31.39%，", "spo_list": [{"predicate": "其他收益", "object_type": "金额", "subject_type": "日期", "object": "28,170.65万元", "subject": "2014年", "subject_index": {"begin": 0, "end": 5}, "object_index": {"begin": 18, "end": 29}}]}
{"text": "报告期内，2012年、2013年及2014年，公司自营业务收入（金融工具投资收益与公允价值变动收益之和）分别为125,438.13万元、213,274.60万元及387,913.19万元，占营业收入比例分别为52.68%、65.75%及70.53%，收入和占比逐年上升。主要原因是由于2011年以来，在股票市场持续低迷的情况下，债券市场向好，银行间市场交易活跃，债券指数总体呈现上行趋势。公司加大了债券投资规模，使得报告期间债券投资收益有较大增长。", "spo_list": [{"predicate": "其他收益", "object_type": "金额", "subject_type": "日期", "object": "125,438.13万元", "subject": "2012年", "subject_index": {"begin": 5, "end": 10}, "object_index": {"begin": 55, "end": 67}}, {"predicate": "其他收益", "object_type": "金额", "subject_type": "日期", "object": "213,274.60万元", "subject": "2013年", "subject_index": {"begin": 11, "end": 16}, "object_index": {"begin": 68, "end": 80}}, {"predicate": "其他收益", "object_type": "金额", "subject_type": "日期", "object": "387,913.19万元", "subject": "2014年", "subject_index": {"begin": 17, "end": 22}, "object_index": {"begin": 81, "end": 93}}]}
{"text": "截至2014年末，研究所约有130名员工，研究人员占比约为65%，销售服务及后台支持人员占比约为35%。其中，约80%具有硕士以上学位。从人员知识及经验来看，研究人员普遍具备长期证券从业经历，具有优秀的专业背景和扎实的业务能力。报告期内，2012年、2013年及2014年公司的研究费用（主要为研究所的员工工资及奖金性支出）分别为9,931.38万元、7,833.16万元及7,738.21万元。", "spo_list": [{"predicate": "研发费用", "object_type": "金额", "subject_type": "日期", "object": "9,931.38万元", "subject": "2012年", "subject_index": {"begin": 119, "end": 124}, "object_index": {"begin": 165, "end": 175}}, {"predicate": "研发费用", "object_type": "金额", "subject_type": "日期", "object": "7,833.16万元", "subject": "2013年", "subject_index": {"begin": 125, "end": 130}, "object_index": {"begin": 176, "end": 186}}, {"predicate": "研发费用", "object_type": "金额", "subject_type": "日期", "object": "7,738.21万元", "subject": "2014年", "subject_index": {"begin": 131, "end": 136}, "object_index": {"begin": 187, "end": 197}}]}
{"text": "2012年度、2013年度及2014年度，公司分别向上海申能物业管理有限公司支付物业管理费7.20万元、6.92万元和6.92万元", "spo_list": [{"predicate": "管理费用", "object_type": "金额", "subject_type": "日期", "object": "7.20万元", "subject": "2012年度", "subject_index": {"begin": 0, "end": 6}, "object_index": {"begin": 45, "end": 51}}, {"predicate": "管理费用", "object_type": "金额", "subject_type": "日期", "object": "6.92万元", "subject": "2013年度", "subject_index": {"begin": 7, "end": 13}, "object_index": {"begin": 52, "end": 58}}, {"predicate": "管理费用", "object_type": "金额", "subject_type": "日期", "object": "6.92万元", "subject": "2014年度", "subject_index": {"begin": 14, "end": 20}, "object_index": {"begin": 59, "end": 65}}]}
{"text": "2012年度、2013年度，公司分别向北京诚恭兴业贸易发展有限公司支付物业管理费61.10万元、106.24万元。", "spo_list": [{"predicate": "管理费用", "object_type": "金额", "subject_type": "日期", "object": "61.10万元", "subject": "2012年度", "subject_index": {"begin": 0, "end": 6}, "object_index": {"begin": 40, "end": 47}}, {"predicate": "管理费用", "object_type": "金额", "subject_type": "日期", "object": "106.24万元", "subject": "2013年度", "subject_index": {"begin": 7, "end": 13}, "object_index": {"begin": 48, "end": 56}}]}
{"text": "本报告期中除2014年度核销其他应收款1,190.20元外，无其他核销的其他应收款。", "spo_list": [{"predicate": "其他应收款净额", "object_type": "金额", "subject_type": "日期", "object": "1,190.20元", "subject": "2014年度", "subject_index": {"begin": 6, "end": 12}, "object_index": {"begin": 19, "end": 28}}]}
{"text": "2012年末、2013年末及2014年末，货币资金余额分别为986,804.29万元、1,098,604.73万元和2,380,314.88万元，结算备付金余额分别为316,015.75万元、314,707.54万元和564,861.70万元。客户的资金存款和备付金是公司货币资金和结算备付金的最主要来源。", "spo_list": [{"predicate": "货币资金余额", "object_type": "金额", "subject_type": "日期", "object": "986,804.29万元", "subject": "2012年末", "subject_index": {"begin": 0, "end": 6}, "object_index": {"begin": 30, "end": 42}}, {"predicate": "货币资金余额", "object_type": "金额", "subject_type": "日期", "object": "1,098,604.73万元", "subject": "2013年末", "subject_index": {"begin": 7, "end": 13}, "object_index": {"begin": 43, "end": 57}}, {"predicate": "货币资金余额", "object_type": "金额", "subject_type": "日期", "object": "2,380,314.88万元", "subject": "2014年末", "subject_index": {"begin": 14, "end": 20}, "object_index": {"begin": 58, "end": 72}}]}
{"text": "报告期内，公司应收款项主要为应收基金席位佣金以及资产管理产品管理费/业绩报酬。2012年末、2013年末及2014年末，公司应收款项分别为6,352.77万元、11,728.13万元和13,122.95万元，具体构成情况如下：", "spo_list": [{"predicate": "应收票据", "object_type": "金额", "subject_type": "日期", "object": "6,352.77万元", "subject": "2012年末", "subject_index": {"begin": 39, "end": 45}, "object_index": {"begin": 69, "end": 79}}, {"predicate": "应收票据", "object_type": "金额", "subject_type": "日期", "object": "11,728.13万元", "subject": "2013年末", "subject_index": {"begin": 46, "end": 52}, "object_index": {"begin": 80, "end": 91}}, {"predicate": "应收票据", "object_type": "金额", "subject_type": "日期", "object": "13,122.95万元", "subject": "2014年末", "subject_index": {"begin": 53, "end": 59}, "object_index": {"begin": 92, "end": 103}}]}
{"text": "2013年10月，本公司与上海滨江祥瑞投资建设有限责任公司（以下简称“滨江祥瑞”）签订《596南块项目转让框架协议》。本公司与滨江祥瑞约定，由滨江祥瑞负责在596南块地块按照本公司的要求建设16,751平方米地上建筑及11,000平方米地下建筑，并转让给本公司或本公司指定的下属企业。截至2013年末，本公司已向上海滨江祥瑞投资建设有限责任公司支付剩余土地出让金、财务费用及前期25%利润（即项目管理费）共计人民币83,521.84万元。上述原因导致2013年末在建工程较2012年末增加83,350.42万元。", "spo_list": [{"predicate": "在建工程账面价值", "object_type": "金额", "subject_type": "日期", "object": "83,350.42万元", "subject": "2013年末", "subject_index": {"begin": 225, "end": 231}, "object_index": {"begin": 244, "end": 255}}]}
{"text": "2013年末递延所得税资产较2012年末增加2,068.74万元，主要原因是2013年公司根据可供出售金融资产减值准备计提政策对部分金融资产计提了减值准备而产生了可抵扣暂时性差异。", "spo_list": [{"predicate": "递延所得税资产", "object_type": "金额", "subject_type": "日期", "object": "2,068.74万元", "subject": "2013年末", "subject_index": {"begin": 0, "end": 6}, "object_index": {"begin": 22, "end": 32}}]}
{"text": "其中，2012年末、2013年末及2014年末其他应收款分别为10,507.75万元、33,260.33万元和69,105.03万元。2013年末其他应收款较2012年末增加22,752.58万元，主要原因是2013年子公司东证创投通过购买银行债权包的方式进行投资，与银行签订了17份债权转让合同，合计以2.51亿元受让其债权，截至2013年末，上述债权账面价值为23,750.96万元。", "spo_list": [{"predicate": "其他应收款净额", "object_type": "金额", "subject_type": "日期", "object": "10,507.75万元", "subject": "2012年末", "subject_index": {"begin": 3, "end": 9}, "object_index": {"begin": 31, "end": 42}}, {"predicate": "其他应收款净额", "object_type": "金额", "subject_type": "日期", "object": "33,260.33万元", "subject": "2013年末", "subject_index": {"begin": 10, "end": 16}, "object_index": {"begin": 43, "end": 54}}, {"predicate": "其他应收款净额", "object_type": "金额", "subject_type": "日期", "object": "69,105.03万元", "subject": "2014年末", "subject_index": {"begin": 17, "end": 23}, "object_index": {"begin": 55, "end": 66}}]}
{"text": "2013年末应交税费较2012年末增加8,698.83万元，主要原因包括：①2013年公司利润总额较2012年大幅增加，应交企业所得税较2012年末大幅增加；②2013年营业收入较2012年大幅增加，应交营业税较2012年末大幅增加。", "spo_list": [{"predicate": "应交税费", "object_type": "金额", "subject_type": "日期", "object": "8,698.83万元", "subject": "2013年末", "subject_index": {"begin": 0, "end": 6}, "object_index": {"begin": 19, "end": 29}}]}
{"text": "2014年末应缴税费较2013年末增加26,971.34万元，主要原因是2014年公司营业收入和利润总额较2013年度大幅增加，应交营业税和企业所得税增加较多。", "spo_list": [{"predicate": "应交税费", "object_type": "金额", "subject_type": "日期", "object": "26,971.34万元", "subject": "2014年末", "subject_index": {"begin": 0, "end": 6}, "object_index": {"begin": 19, "end": 30}}]}
{"text": "2014年末应付利息较2013年末增加28,601.87万元，主要原因包括：①2014年8月公司发行了60亿元公司债，截至2014年末应付公司债利息为13,189.95万元；②随着卖出回购融资规模的增加，2014年末公司应付卖出回购金融资产利息较2013年末增加11,676.39万元。", "spo_list": [{"predicate": "应付利息", "object_type": "金额", "subject_type": "日期", "object": "28,601.87万元", "subject": "2014年末", "subject_index": {"begin": 0, "end": 6}, "object_index": {"begin": 19, "end": 30}}, {"predicate": "应付利息", "object_type": "金额", "subject_type": "日期", "object": "13,189.95万元", "subject": "2014年末", "subject_index": {"begin": 61, "end": 67}, "object_index": {"begin": 75, "end": 86}}]}
{"text": "报告期内，公司投资咨询业务发展较快，2012年、2013年及2014年，公司投资咨询业务净收入分别为1,480.49万元、2,863.28万元和4,748.26万元。", "spo_list": [{"predicate": "其他收益", "object_type": "金额", "subject_type": "日期", "object": "1,480.49万元", "subject": "2012年", "subject_index": {"begin": 18, "end": 23}, "object_index": {"begin": 50, "end": 60}}, {"predicate": "其他收益", "object_type": "金额", "subject_type": "日期", "object": "2,863.28万元", "subject": "2013年", "subject_index": {"begin": 24, "end": 29}, "object_index": {"begin": 61, "end": 71}}, {"predicate": "其他收益", "object_type": "金额", "subject_type": "日期", "object": "4,748.26万元", "subject": "2014年", "subject_index": {"begin": 30, "end": 35}, "object_index": {"begin": 72, "end": 82}}]}
{"text": "公司投资收益来源于自营业务投资的金融工具所产生的收益和股权投资的收益，是营业收入的重要组成部分。2012年度、2013年度及2014年度，投资收益分别为125,435.95万元、241,523.35万元和379,809.20万元，占营业收入的比例分别为52.68%、74.45%和69.06%", "spo_list": [{"predicate": "投资收益", "object_type": "金额", "subject_type": "日期", "object": "125,435.95万元", "subject": "2012年度", "subject_index": {"begin": 48, "end": 54}, "object_index": {"begin": 76, "end": 88}}, {"predicate": "投资收益", "object_type": "金额", "subject_type": "日期", "object": "241,523.35万元", "subject": "2013年度", "subject_index": {"begin": 55, "end": 61}, "object_index": {"begin": 89, "end": 101}}, {"predicate": "投资收益", "object_type": "金额", "subject_type": "日期", "object": "379,809.20万元", "subject": "2014年度", "subject_index": {"begin": 62, "end": 68}, "object_index": {"begin": 102, "end": 114}}]}
{"text": "2013年末公司公允价值变动损益较2012年减少23,193.60万元，主要原因包括：①2013年12月，A股指数大幅下跌，年末公司持有的交易性股票和基金的公允价值大幅下降；②2013年下半年以来，债券价格不断下跌，公司持有的交易性债券公允价值大幅下降。", "spo_list": [{"predicate": "公允价值变动损益", "object_type": "金额", "subject_type": "日期", "object": "23,193.60万元", "subject": "2013年末", "subject_index": {"begin": 0, "end": 6}, "object_index": {"begin": 24, "end": 35}}]}
{"text": "2012年度，证券金融（融资融券）业务实现收入9,175.48万元；2013年度、2014年度，证券金融（融资融券）业务分别实现收入15,240.70万元、64,279.77万元，分别较上一年度增长66.10%和321.76%。", "spo_list": [{"predicate": "其他收益", "object_type": "金额", "subject_type": "日期", "object": "15,240.70万元", "subject": "2013年度", "subject_index": {"begin": 34, "end": 40}, "object_index": {"begin": 66, "end": 77}}, {"predicate": "其他收益", "object_type": "金额", "subject_type": "日期", "object": "64,279.77万元", "subject": "2014年度", "subject_index": {"begin": 41, "end": 47}, "object_index": {"begin": 78, "end": 89}}]}
{"text": "2012年度、2013年度及2014年度，公司代理买卖证券手续费净收入分别为48,109.03万元、73,526.14万元和101,874.36万元。", "spo_list": [{"predicate": "其他收益", "object_type": "金额", "subject_type": "日期", "object": "48,109.03万元", "subject": "2012年度", "subject_index": {"begin": 0, "end": 6}, "object_index": {"begin": 38, "end": 49}}, {"predicate": "其他收益", "object_type": "金额", "subject_type": "日期", "object": "73,526.14万元", "subject": "2013年度", "subject_index": {"begin": 7, "end": 13}, "object_index": {"begin": 50, "end": 61}}, {"predicate": "其他收益", "object_type": "金额", "subject_type": "日期", "object": "101,874.36万元", "subject": "2014年度", "subject_index": {"begin": 14, "end": 20}, "object_index": {"begin": 62, "end": 74}}]}
{"text": "公司证券自营业务收入主要由投资收益和公允价值变动损益构成。2012年度、2013年度及2014年度，公司证券自营业务收入分别为71,495.06万元、121,330.92万元和225,145.20万元，占公司营业收入的比重分别为30.02%、37.40%和40.94%。", "spo_list": [{"predicate": "其他收益", "object_type": "金额", "subject_type": "日期", "object": "71,495.06万元", "subject": "2012年度", "subject_index": {"begin": 29, "end": 35}, "object_index": {"begin": 63, "end": 74}}, {"predicate": "其他收益", "object_type": "金额", "subject_type": "日期", "object": "121,330.92万元", "subject": "2013年度", "subject_index": {"begin": 36, "end": 42}, "object_index": {"begin": 75, "end": 87}}, {"predicate": "其他收益", "object_type": "金额", "subject_type": "日期", "object": "225,145.20万元", "subject": "2014年度", "subject_index": {"begin": 43, "end": 49}, "object_index": {"begin": 88, "end": 100}}]}
{"text": "公司投资银行业务收入主要包括证券承销业务收入、保荐业务收入和财务顾问收入。2012年度、2013年度及2014年度，投资银行业务收入分别为23,057.17万元、25,290.24万元和48,848.08万元，占公司营业收入的比重分别为9.68%、7.80%和8.88%。报告期内，公司投资银行业务收入的构成情况如下", "spo_list": [{"predicate": "其他收益", "object_type": "金额", "subject_type": "日期", "object": "23,057.17万元", "subject": "2012年度", "subject_index": {"begin": 37, "end": 43}, "object_index": {"begin": 69, "end": 80}}, {"predicate": "其他收益", "object_type": "金额", "subject_type": "日期", "object": "25,290.24万元", "subject": "2013年度", "subject_index": {"begin": 44, "end": 50}, "object_index": {"begin": 81, "end": 92}}, {"predicate": "其他收益", "object_type": "金额", "subject_type": "日期", "object": "48,848.08万元", "subject": "2014年度", "subject_index": {"begin": 51, "end": 57}, "object_index": {"begin": 93, "end": 104}}]}
{"text": "公司财务顾问业务收入主要来源于企业改制、股权分置改革、收购兼并、重大资产重组、股权转让以及新三板等业务。2012年度、2013年度及2014年度，公司财务顾问收入分别为1,665.72万元、5,064.84万元和9,584.09万元。", "spo_list": [{"predicate": "其他收益", "object_type": "金额", "subject_type": "日期", "object": "1,665.72万元", "subject": "2012年度", "subject_index": {"begin": 52, "end": 58}, "object_index": {"begin": 84, "end": 94}}, {"predicate": "其他收益", "object_type": "金额", "subject_type": "日期", "object": "5,064.84万元", "subject": "2013年度", "subject_index": {"begin": 59, "end": 65}, "object_index": {"begin": 95, "end": 105}}, {"predicate": "其他收益", "object_type": "金额", "subject_type": "日期", "object": "9,584.09万元", "subject": "2014年度", "subject_index": {"begin": 66, "end": 72}, "object_index": {"begin": 106, "end": 116}}]}
{"text": "2013年度资产管理业务收入较2012年度增加6,681.66万元，主要原因是公司管理的集合理财计划产品数量、规模均较2012年度大幅增加，公司按照产品净值提取的管理费和手续费较2012年度增加4,377.05万元。", "spo_list": [{"predicate": "管理费用", "object_type": "金额", "subject_type": "日期", "object": "6,681.66万元", "subject": "2013年度", "subject_index": {"begin": 0, "end": 6}, "object_index": {"begin": 23, "end": 33}}]}
{"text": "2013年6月底公司申报的“东证资管—阿里巴巴专项资产管理计划”获得中国证监会批准，该计划是国内首个以小额贷款资产为基础资产并与互联网深度结合的资产证券化项目。截至2013年末，公司共发行了5期“东证资管—阿里巴巴”系列专项资产管理产品，根据相关资产管理合同，2013年公司对上述专项资产管理产品共计提了341.85万元管理费。", "spo_list": [{"predicate": "管理费用", "object_type": "金额", "subject_type": "日期", "object": "341.85万元", "subject": "2013年", "subject_index": {"begin": 130, "end": 135}, "object_index": {"begin": 152, "end": 160}}]}
{"text": "集合资产管理业务主要面对普通投资者，公司向投资者募集到投资资金，产品成立后，根据与客户签订的理财产品协议进行投资，并向客户收取一定比例的管理费或业绩报酬。2012年度、2013年度及2014年度，公司集合资产管理业务收入分别为9,200.11万元、17,729.65万元和20,441.99万元。报告期内，公司集合资产管理业务收入的具体情况如下", "spo_list": [{"predicate": "管理费用", "object_type": "金额", "subject_type": "日期", "object": "9,200.11万元", "subject": "2012年度", "subject_index": {"begin": 77, "end": 83}, "object_index": {"begin": 113, "end": 123}}, {"predicate": "管理费用", "object_type": "金额", "subject_type": "日期", "object": "17,729.65万元", "subject": "2013年度", "subject_index": {"begin": 84, "end": 90}, "object_index": {"begin": 124, "end": 135}}, {"predicate": "管理费用", "object_type": "金额", "subject_type": "日期", "object": "20,441.99万元", "subject": "2014年度", "subject_index": {"begin": 91, "end": 97}, "object_index": {"begin": 136, "end": 147}}]}
{"text": "2013年8月26日，中国证监会以《关于核准上海东方证券资产管理有限公司公开募集证券投资基金管理业务资格的批复》（证监许可[2013]1131号），核准东证资管开展募集证券投资基金管理业务资格。2014年1月28日、2014年6月6日、2014年9月，公司旗下三只基金“东方红新动力灵活配置混合型证券投资基金”、“东方红产业升级灵活配置混合型证券投资基金”和“东方红睿丰灵活配置混合型证券投资基金”成立。截至2014年末，公司对上述公募基金，共计提了2,126.54万元管理费，收取了575.45万元手续费，", "spo_list": [{"predicate": "管理费用", "object_type": "金额", "subject_type": "日期", "object": "2,126.54万元", "subject": "2014年末", "subject_index": {"begin": 204, "end": 210}, "object_index": {"begin": 225, "end": 235}}]}
{"text": "融资融券业务发展较快，融出资金规模逐年增加，报告期各期末，公司融出资金分别为141,419.48万元、280,695.32万元和994,605.76万元，2012年度、2013年度及2014年度，证券金融业务分部的融资融券利息收入分别为9,200.14万元、19,266.03万元和38,964.51万元。", "spo_list": [{"predicate": "其他收益", "object_type": "金额", "subject_type": "日期", "object": "9,200.14万元", "subject": "2012年度", "subject_index": {"begin": 77, "end": 83}, "object_index": {"begin": 118, "end": 128}}, {"predicate": "其他收益", "object_type": "金额", "subject_type": "日期", "object": "19,266.03万元", "subject": "2013年度", "subject_index": {"begin": 84, "end": 90}, "object_index": {"begin": 129, "end": 140}}, {"predicate": "其他收益", "object_type": "金额", "subject_type": "日期", "object": "38,964.51万元", "subject": "2014年度", "subject_index": {"begin": 91, "end": 97}, "object_index": {"begin": 141, "end": 152}}]}
{"text": "报告期内，公司资产减值损失主要是公司计提的坏账准备以及可供出售金融资产减值损失。2012年度、2013年度及2014年度，公司的资产减值损失分别为38.52万元、7,182.83万元和495.35万元。", "spo_list": [{"predicate": "资产减值损失", "object_type": "金额", "subject_type": "日期", "object": "38.52万元", "subject": "2012年度", "subject_index": {"begin": 40, "end": 46}, "object_index": {"begin": 73, "end": 80}}, {"predicate": "资产减值损失", "object_type": "金额", "subject_type": "日期", "object": "7,182.83万元", "subject": "2013年度", "subject_index": {"begin": 47, "end": 53}, "object_index": {"begin": 81, "end": 91}}, {"predicate": "资产减值损失", "object_type": "金额", "subject_type": "日期", "object": "495.35万元", "subject": "2014年度", "subject_index": {"begin": 54, "end": 60}, "object_index": {"begin": 92, "end": 100}}]}
{"text": "2012年度、2013年度及2014年度，公司的利润总额分别为71,232.14万元、113,423.75万元和293,368.82万元", "spo_list": [{"predicate": "营业利润", "object_type": "金额", "subject_type": "日期", "object": "71,232.14万元", "subject": "2012年度", "subject_index": {"begin": 0, "end": 6}, "object_index": {"begin": 31, "end": 42}}, {"predicate": "营业利润", "object_type": "金额", "subject_type": "日期", "object": "113,423.75万元", "subject": "2013年度", "subject_index": {"begin": 7, "end": 13}, "object_index": {"begin": 43, "end": 55}}, {"predicate": "营业利润", "object_type": "金额", "subject_type": "日期", "object": "293,368.82万元", "subject": "2014年度", "subject_index": {"begin": 14, "end": 20}, "object_index": {"begin": 56, "end": 68}}]}
{"text": "2012年末、2013年末，公司以公允价值计量且其变动计入当期损益的金融资产、可供出售金融资产、持有至到期投资三项金融资产的合计投资成本分别为3,058,229.08万元、3,673,650.77万元，其中2012年末较2011年末增加798,247.14万元，2013年末较2012年末增加615,421.69万元，导致公司2012年度以及2013年度“处置交易性金融资产净增加额”分别为-714,003.37万元和-262,343.66万元。", "spo_list": [{"predicate": "公司应收票据和应收款项融资合计", "object_type": "金额", "subject_type": "日期", "object": "3,058,229.08万元", "subject": "2012年末", "subject_index": {"begin": 0, "end": 6}, "object_index": {"begin": 71, "end": 85}}, {"predicate": "公司应收票据和应收款项融资合计", "object_type": "金额", "subject_type": "日期", "object": "3,673,650.77万元", "subject": "2013年末", "subject_index": {"begin": 7, "end": 13}, "object_index": {"begin": 86, "end": 100}}]}
{"text": "报告期内，公司筹资活动现金流入主要包括发行债券收到的现金以及子公司设立时收到少数股东出资款，筹资活动现金流出主要为分配股利、利润或偿付利息支付的现金。2012年度、2013年度及2014年度，公司筹资活动产生的现金流量净额分别为-16,150.76万元、640,734.63万元和1,026,339.83万元。", "spo_list": [{"predicate": "公司筹资活动产生的现金流量净额", "object_type": "金额", "subject_type": "日期", "object": "-16,150.76万元", "subject": "2012年度", "subject_index": {"begin": 75, "end": 81}, "object_index": {"begin": 114, "end": 126}}, {"predicate": "公司筹资活动产生的现金流量净额", "object_type": "金额", "subject_type": "日期", "object": "640,734.63万元", "subject": "2013年度", "subject_index": {"begin": 82, "end": 88}, "object_index": {"begin": 127, "end": 139}}, {"predicate": "公司筹资活动产生的现金流量净额", "object_type": "金额", "subject_type": "日期", "object": "1,026,339.83万元", "subject": "2014年度", "subject_index": {"begin": 89, "end": 95}, "object_index": {"begin": 140, "end": 154}}]}
{"text": "2014年度，公司筹资活动现金净流量净额为951,923.54万元，主要原因包括：①2014年公司先后发行了八期短期融资券，发行金额合计2,000,000.00万元，其中前六期合计1,500,000.00万元以及2013年10月发行的250,000.00万元已偿还完毕；②2014年8月26日，公司向符合条件的机构投资者发行14东证债，规模为人民币600,000.00万元。", "spo_list": [{"predicate": "公司筹资活动产生的现金流量净额", "object_type": "金额", "subject_type": "日期", "object": "951,923.54万元", "subject": "2014年度", "subject_index": {"begin": 0, "end": 6}, "object_index": {"begin": 21, "end": 33}}]}
{"text": "截至2014年12月31日，上海腾希投资合伙企业总资产为8,000.70万元，合伙人权益为8,000.70万元，2014年度净利润为6,965.11元。以上数据未经审计", "spo_list": [{"predicate": "股东权益评估值", "object_type": "金额", "subject_type": "日期", "object": "8,000.70万元", "subject": "2014年12月31日", "subject_index": {"begin": 2, "end": 13}, "object_index": {"begin": 45, "end": 55}}]}
{"text": "报告期内，2012年公司完成企业债、公司债分销7次，分销金额为14.7亿元，分销收入为342.70万元；2013年公司未发生企业债、公司债分销业务。2014年完成企业债分销4次，实现分销收入8万元。", "spo_list": [{"predicate": "其他收益", "object_type": "金额", "subject_type": "日期", "object": "14.7亿元", "subject": "2012年公", "subject_index": {"begin": 5, "end": 11}, "object_index": {"begin": 31, "end": 37}}, {"predicate": "其他收益", "object_type": "金额", "subject_type": "日期", "object": "342.70万元", "subject": "2012年公", "subject_index": {"begin": 5, "end": 11}, "object_index": {"begin": 43, "end": 51}}, {"predicate": "其他收益", "object_type": "金额", "subject_type": "日期", "object": "8万元", "subject": "2014年", "subject_index": {"begin": 74, "end": 79}, "object_index": {"begin": 95, "end": 98}}]}
{"text": "2013年实现专项资产管理费收入341.85万元，2014年实现专项资产管理费收入1,434.01万元。", "spo_list": [{"predicate": "营业外收入", "object_type": "金额", "subject_type": "日期", "object": "341.85万元", "subject": "2013年", "subject_index": {"begin": 0, "end": 5}, "object_index": {"begin": 16, "end": 24}}, {"predicate": "营业外收入", "object_type": "金额", "subject_type": "日期", "object": "1,434.01万元", "subject": "2014年", "subject_index": {"begin": 25, "end": 30}, "object_index": {"begin": 41, "end": 51}}]}
{"text": "另外，在扣除卖出回购金融资产（固定收益证券）利息支出后，2012年、2013年及2014年，公司自营业务收入净额分别为70,677.27万元、128,808.10万元及310,569.24万元，占营业收入总额比例分别为29.68%、39.91%及56.47%。", "spo_list": [{"predicate": "其他收益", "object_type": "金额", "subject_type": "日期", "object": "70,677.27万元", "subject": "2012年", "subject_index": {"begin": 28, "end": 33}, "object_index": {"begin": 59, "end": 70}}, {"predicate": "其他收益", "object_type": "金额", "subject_type": "日期", "object": "128,808.10万元", "subject": "2013年", "subject_index": {"begin": 34, "end": 39}, "object_index": {"begin": 71, "end": 83}}, {"predicate": "其他收益", "object_type": "金额", "subject_type": "日期", "object": "310,569.24万元", "subject": "2014年", "subject_index": {"begin": 40, "end": 45}, "object_index": {"begin": 84, "end": 96}}]}
{"text": "从所实现收入来看，据统计，2012年证券公司融资融券总收入约74.27亿元，同比增长132.75%，其中息费收入53.09亿元，同比增长117.67%。2013年融资融券利息收入约184.62亿元，同比增长148.58%", "spo_list": [{"predicate": "其他收益", "object_type": "金额", "subject_type": "日期", "object": "74.27亿元", "subject": "2012年", "subject_index": {"begin": 13, "end": 18}, "object_index": {"begin": 30, "end": 37}}, {"predicate": "其他收益", "object_type": "金额", "subject_type": "日期", "object": "53.09亿元", "subject": "2012年", "subject_index": {"begin": 13, "end": 18}, "object_index": {"begin": 56, "end": 63}}, {"predicate": "其他收益", "object_type": "金额", "subject_type": "日期", "object": "184.62亿元", "subject": "2013年", "subject_index": {"begin": 76, "end": 81}, "object_index": {"begin": 90, "end": 98}}]}
{"text": "2012年度、2013年度及2014年度，公司分别向上海申能房地产有限公司支付房屋租金35.12万元、36.13万元和37.39万元。", "spo_list": [{"predicate": "其他成本", "object_type": "金额", "subject_type": "日期", "object": "35.12万元", "subject": "2012年度", "subject_index": {"begin": 0, "end": 6}, "object_index": {"begin": 43, "end": 50}}, {"predicate": "其他成本", "object_type": "金额", "subject_type": "日期", "object": "36.13万元", "subject": "2013年度", "subject_index": {"begin": 7, "end": 13}, "object_index": {"begin": 51, "end": 58}}, {"predicate": "其他成本", "object_type": "金额", "subject_type": "日期", "object": "37.39万元", "subject": "2014年度", "subject_index": {"begin": 14, "end": 20}, "object_index": {"begin": 59, "end": 66}}]}
{"text": "其他服务主要包括提供装修管理费、会议服务费等，一般据实结算，2012年、2013年分别为135.12万元、75.45万元。", "spo_list": [{"predicate": "其他成本", "object_type": "金额", "subject_type": "日期", "object": "135.12万元", "subject": "2012年", "subject_index": {"begin": 30, "end": 35}, "object_index": {"begin": 44, "end": 52}}, {"predicate": "其他成本", "object_type": "金额", "subject_type": "日期", "object": "75.45万元", "subject": "2013年", "subject_index": {"begin": 36, "end": 41}, "object_index": {"begin": 53, "end": 60}}]}
{"text": "2014年末公司持有的未结算人民币股指期货合约889手，其中：看涨合约10手，初始合约价值为10,295,880.00元，公允价值变动443,520.00元。看跌合约879手，初始合约价值为922,627,104.00元，公允价值变动-31,081,236.00元。", "spo_list": [{"predicate": "公允价值变动损益", "object_type": "金额", "subject_type": "日期", "object": "10,295,880.00元", "subject": "2014年末", "subject_index": {"begin": 0, "end": 6}, "object_index": {"begin": 46, "end": 60}}, {"predicate": "公允价值变动损益", "object_type": "金额", "subject_type": "日期", "object": "443,520.00元", "subject": "2014年末", "subject_index": {"begin": 0, "end": 6}, "object_index": {"begin": 67, "end": 78}}, {"predicate": "公允价值变动损益", "object_type": "金额", "subject_type": "日期", "object": "922,627,104.00元", "subject": "2014年末", "subject_index": {"begin": 0, "end": 6}, "object_index": {"begin": 95, "end": 110}}, {"predicate": "公允价值变动损益", "object_type": "金额", "subject_type": "日期", "object": "-31,081,236.00元", "subject": "2014年末", "subject_index": {"begin": 0, "end": 6}, "object_index": {"begin": 117, "end": 132}}]}
{"text": "从资产构成上看，货币资金、以公允价值计量且其变动计入当期损益的金融资产、可供出售金融资产为公司主要资产。2012年末、2013年末及2014年末上述三项资产总额合计占公司扣除后总资产的比重分别为82.30%、74.89%和62.20%。截至2014年12月31日，公司货币资金账面余额为514,084.33万元，占扣除后总资产比例为6.05%；以公允价值计量且其变动计入当期损益的金融资产账面余额为727,364.60万元，占扣除后总资产比例为8.56%；可供出售金融资产账面余额为4,043,241.78万元，占扣除后总资产比例为47.59%。", "spo_list": [{"predicate": "货币资金余额", "object_type": "金额", "subject_type": "日期", "object": "514,084.33万元", "subject": "2014年12月31日", "subject_index": {"begin": 120, "end": 131}, "object_index": {"begin": 143, "end": 155}}, {"predicate": "货币资金余额", "object_type": "金额", "subject_type": "日期", "object": "727,364.60万元", "subject": "2014年12月31日", "subject_index": {"begin": 120, "end": 131}, "object_index": {"begin": 199, "end": 211}}, {"predicate": "货币资金余额", "object_type": "金额", "subject_type": "日期", "object": "4,043,241.78万元", "subject": "2014年12月31日", "subject_index": {"begin": 120, "end": 131}, "object_index": {"begin": 241, "end": 255}}]}
{"text": "如果将持有期不足3个月的可供出售金融资产股票视为交易性金融资产来处置，次年对公司的损益无影响，仅影响投资收益的分类。其对2012年、2013年、2014年投资收益的分类数据影响如分别为-851.12万元、2,978.81万元、5,413.12万元。", "spo_list": [{"predicate": "投资收益", "object_type": "金额", "subject_type": "日期", "object": "-851.12万元", "subject": "2012年", "subject_index": {"begin": 60, "end": 65}, "object_index": {"begin": 92, "end": 101}}, {"predicate": "投资收益", "object_type": "金额", "subject_type": "日期", "object": "2,978.81万元", "subject": "2013年", "subject_index": {"begin": 66, "end": 71}, "object_index": {"begin": 102, "end": 112}}, {"predicate": "投资收益", "object_type": "金额", "subject_type": "日期", "object": "5,413.12万元", "subject": "2014年", "subject_index": {"begin": 72, "end": 77}, "object_index": {"begin": 113, "end": 123}}]}
{"text": "2012年末、2013年末及2014年末，公司在建工程分别为2,686.86万元、86,037.28万元和100,412.04万元。", "spo_list": [{"predicate": "在建工程账面价值", "object_type": "金额", "subject_type": "日期", "object": "2,686.86万元", "subject": "2012年末", "subject_index": {"begin": 0, "end": 6}, "object_index": {"begin": 30, "end": 40}}, {"predicate": "在建工程账面价值", "object_type": "金额", "subject_type": "日期", "object": "86,037.28万元", "subject": "2013年末", "subject_index": {"begin": 7, "end": 13}, "object_index": {"begin": 41, "end": 52}}, {"predicate": "在建工程账面价值", "object_type": "金额", "subject_type": "日期", "object": "100,412.04万元", "subject": "2014年末", "subject_index": {"begin": 14, "end": 20}, "object_index": {"begin": 53, "end": 65}}]}
{"text": "2014年末其他应收款较2013年末增加35,844.70万元，主要原因包括：①2014年东证创投又陆续与银行签订了三批债权受让合同，合计以5.15亿元受让银行债权，截至2014年12月末，受让的债权账面价值为33,387.73万元。②2014年8月，东证创投与上海银行闸北支行、威联房地产咨询（上海）有限公司签订《人民币单位委托贷款借款合同》，委托上海银行闸北支行向威联房地产咨询（上海）有限公司发放1.4亿元贷款。", "spo_list": [{"predicate": "其他应收款净额", "object_type": "金额", "subject_type": "日期", "object": "35,844.70万元，", "subject": "2014年", "subject_index": {"begin": 0, "end": 5}, "object_index": {"begin": 20, "end": 32}}]}
{"text": "公司应交税费主要包括企业所得税、营业税、城建税以及为职工代扣代缴的个人所得税等。2012年末、2013年末及2014年末，公司应交税费分别为-373.29万元、8,325.54万元和35,296.88万元，构成和变动情况如下", "spo_list": [{"predicate": "应交税费", "object_type": "金额", "subject_type": "日期", "object": "-373.29万元", "subject": "。2012年末", "subject_index": {"begin": 39, "end": 46}, "object_index": {"begin": 70, "end": 79}}, {"predicate": "应交税费", "object_type": "金额", "subject_type": "日期", "object": "8,325.54万元", "subject": "2013年末", "subject_index": {"begin": 47, "end": 53}, "object_index": {"begin": 80, "end": 90}}, {"predicate": "应交税费", "object_type": "金额", "subject_type": "日期", "object": "35,296.88万元", "subject": "2014年末", "subject_index": {"begin": 54, "end": 60}, "object_index": {"begin": 91, "end": 102}}]}
{"text": "公司递延所得税负债主要来源于交易性金融工具公允价值变动和可供出售金融资产公允价值变动所产生的暂时性差异。2012年末、2013年末及2014年末，递延所得税负债分别为3,381.72万元、8,933.31万元和50,136.26万元，具体情况如下", "spo_list": [{"predicate": "递延所得税负债", "object_type": "金额", "subject_type": "日期", "object": "3,381.72万元", "subject": "2012年末", "subject_index": {"begin": 52, "end": 58}, "object_index": {"begin": 83, "end": 93}}, {"predicate": "递延所得税负债", "object_type": "金额", "subject_type": "日期", "object": "8,933.31万元", "subject": "2013年末", "subject_index": {"begin": 59, "end": 65}, "object_index": {"begin": 94, "end": 104}}, {"predicate": "递延所得税负债", "object_type": "金额", "subject_type": "日期", "object": "50,136.26万元", "subject": "2014年末", "subject_index": {"begin": 66, "end": 72}, "object_index": {"begin": 105, "end": 116}}]}
{"text": "报告期内，公司为满足短期的资金需求，与浦东发展银行、上海银行股份有限公司、中国农业银行、中国农业发展银行以及兴业银行股份有限公司上海分行等金融机构开展短期资金的融通业务，2012年末、2013年末及2014年末，公司的银行拆入资金余额分别为45,000.00万元、270,000.00万元和470,000.00万元。", "spo_list": []}
{"text": "2013年度手续费及佣金净收入较2012年度增加42,048.25万元，主要原因包括：①2013年股票市场成交量较2012年大幅放大，公司经纪业务手续费净收入较2012年度增加27,719.71万元；②2013年公司受托管理资产的规模快速增长，收取的管理费和业绩报酬等资产管理业务手续费净收入较2012年增加11,599.04万元", "spo_list": [{"predicate": "其他收入", "object_type": "金额", "subject_type": "日期", "object": "42,048.25万元", "subject": "2013年", "subject_index": {"begin": 0, "end": 5}, "object_index": {"begin": 24, "end": 35}}, {"predicate": "其他收入", "object_type": "金额", "subject_type": "日期", "object": "27,719.71万元", "subject": "2013年", "subject_index": {"begin": 44, "end": 49}, "object_index": {"begin": 88, "end": 99}}, {"predicate": "其他收入", "object_type": "金额", "subject_type": "日期", "object": "11,599.04万", "subject": "2013年", "subject_index": {"begin": 101, "end": 106}, "object_index": {"begin": 154, "end": 164}}]}
{"text": "公司公允价值变动收益主要来自自营业务投资的以公允价值计量且其变动计入当期损益的金融资产的公允价值变动所产生的浮动盈亏。2012年度、2013年度以及2014年度，公司公允价值变动收益分别为8,971.20万元、-14,222.40万元和24,430.50万元，占营业收入的比例分别为3.77%、-4.38%和4.44%。", "spo_list": [{"predicate": "公允价值变动损益", "object_type": "金额", "subject_type": "日期", "object": "8,971.20万元", "subject": "2012年度", "subject_index": {"begin": 59, "end": 65}, "object_index": {"begin": 94, "end": 104}}, {"predicate": "公允价值变动损益", "object_type": "金额", "subject_type": "日期", "object": "-14,222.40万元", "subject": "2013年度", "subject_index": {"begin": 66, "end": 72}, "object_index": {"begin": 105, "end": 117}}, {"predicate": "公允价值变动损益", "object_type": "金额", "subject_type": "日期", "object": "24,430.50万元", "subject": "2014年度", "subject_index": {"begin": 74, "end": 80}, "object_index": {"begin": 118, "end": 129}}]}
{"text": "2014年，股票市场行情好转，公司持有的交易性股票和债券公允价值大幅回升，2014年公允价值变动损益较2013年度增加38,652.90万元。", "spo_list": [{"predicate": "公允价值变动损益", "object_type": "金额", "subject_type": "日期", "object": "38,652.90万元", "subject": "2014年", "subject_index": {"begin": 37, "end": 42}, "object_index": {"begin": 59, "end": 70}}]}
{"text": "公司其他业务收入主要为咨询服务收入、租赁收入等，2012年度、2013年度及2014年度，公司其他业务收入分别为874.35万元、1,169.07万元和1,716.05万元，占营业收入的比例分别为0.37%、0.36%和0.31%，对公司业绩影响较小。", "spo_list": [{"predicate": "其他收入", "object_type": "金额", "subject_type": "日期", "object": "874.35万元", "subject": "2012年度", "subject_index": {"begin": 24, "end": 30}, "object_index": {"begin": 56, "end": 64}}, {"predicate": "其他收入", "object_type": "金额", "subject_type": "日期", "object": "1,169.07万元", "subject": "2013年度", "subject_index": {"begin": 31, "end": 37}, "object_index": {"begin": 65, "end": 75}}, {"predicate": "其他收入", "object_type": "金额", "subject_type": "日期", "object": "1,716.05万元，", "subject": "2014年度", "subject_index": {"begin": 38, "end": 44}, "object_index": {"begin": 76, "end": 87}}]}
{"text": "证券经纪业务收入主要包括手续费及佣金净收入、利息收入和其他收入等，是公司重要的收入来源之一，2012年度、2013年度及2014年度，证券经纪业务收入分别为87,552.14万元、117,001.69万元和146,208.35万元，占营业收入的比重分别为36.77%、36.07%和26.59%。", "spo_list": [{"predicate": "其他收入", "object_type": "金额", "subject_type": "日期", "object": "87,552.14万元", "subject": "2012年度", "subject_index": {"begin": 46, "end": 52}, "object_index": {"begin": 78, "end": 89}}, {"predicate": "其他收入", "object_type": "金额", "subject_type": "日期", "object": "117,001.69万元", "subject": "2013年度", "subject_index": {"begin": 53, "end": 59}, "object_index": {"begin": 90, "end": 102}}, {"predicate": "其他收入", "object_type": "金额", "subject_type": "日期", "object": "146,208.35万元", "subject": "2014年度", "subject_index": {"begin": 60, "end": 66}, "object_index": {"begin": 103, "end": 115}}]}
{"text": "2013年度、2014年度，股票市场成交金额同比均大幅增长，公司代理买卖证券手续费收入分布较上一年度增加25,417.11万元、28,348.22万元。", "spo_list": [{"predicate": "其他收入", "object_type": "金额", "subject_type": "日期", "object": "25,417.11万元", "subject": "2013年度", "subject_index": {"begin": 0, "end": 6}, "object_index": {"begin": 52, "end": 63}}, {"predicate": "其他收入", "object_type": "金额", "subject_type": "日期", "object": "28,348.22万元", "subject": "2014年度", "subject_index": {"begin": 7, "end": 13}, "object_index": {"begin": 64, "end": 75}}]}
{"text": "2013年度公司自营业务收入较2012年度增加49,835.86万元，主要原因是2013年度股票市场较2012年有所好转，公司自营证券处置收益较2012年大幅增加。", "spo_list": [{"predicate": "其他收入", "object_type": "金额", "subject_type": "日期", "object": "49,835.86万元", "subject": "2013年度", "subject_index": {"begin": 0, "end": 6}, "object_index": {"begin": 23, "end": 34}}]}
{"text": "2014年度，我国股票市场指数出现大幅上涨，公司自营业务分部实现收入225,145.20万元，较2013年度增加103,814.28万元，增长幅度为85.56%。", "spo_list": [{"predicate": "其他收入", "object_type": "金额", "subject_type": "日期", "object": "225,145.20万元", "subject": "2014年度", "subject_index": {"begin": 0, "end": 6}, "object_index": {"begin": 34, "end": 46}}, {"predicate": "其他收入", "object_type": "金额", "subject_type": "日期", "object": "103,814.28万元", "subject": "2013年度", "subject_index": {"begin": 48, "end": 54}, "object_index": {"begin": 56, "end": 68}}]}
{"text": "公司证券承销业务净收入由股票承销收入和债券承销收入构成，2012年度、2013年度及2014年度，公司证券承销业务净收入分别为19,272.35万元、15,849.94万元和32,839.95万元。", "spo_list": [{"predicate": "其他收入", "object_type": "金额", "subject_type": "日期", "object": "19,272.35万元", "subject": "2012年", "subject_index": {"begin": 28, "end": 33}, "object_index": {"begin": 63, "end": 74}}, {"predicate": "其他收入", "object_type": "金额", "subject_type": "日期", "object": "15,849.94万元", "subject": "2013年", "subject_index": {"begin": 35, "end": 40}, "object_index": {"begin": 75, "end": 86}}, {"predicate": "其他收入", "object_type": "金额", "subject_type": "日期", "object": "32,839.95万元", "subject": "2014年度", "subject_index": {"begin": 42, "end": 48}, "object_index": {"begin": 87, "end": 98}}]}
{"text": "2012年度、2013年度及2014年度，公司资产管理业务收入分别为10,746.67万元、17,428.33万元和29,379.72万元，占公司营业收入的比重分别为4.51%、5.37%和5.34%。", "spo_list": [{"predicate": "其他收入", "object_type": "金额", "subject_type": "日期", "object": "10,746.67万元", "subject": "2012年度", "subject_index": {"begin": 0, "end": 6}, "object_index": {"begin": 34, "end": 45}}, {"predicate": "其他收入", "object_type": "金额", "subject_type": "日期", "object": "17,428.33万元", "subject": "2013年度", "subject_index": {"begin": 7, "end": 13}, "object_index": {"begin": 46, "end": 57}}, {"predicate": "其他收入", "object_type": "金额", "subject_type": "日期", "object": "29,379.72万元", "subject": "2014年度", "subject_index": {"begin": 14, "end": 20}, "object_index": {"begin": 58, "end": 69}}]}
{"text": "2014年末，公司定向资产管理产品受托规模小幅增加到2,117,093.38万元，2014年度公司定向资产管理业务收入较2013年度增加294.65万元。", "spo_list": [{"predicate": "其他收入", "object_type": "金额", "subject_type": "日期", "object": "294.65万元", "subject": "2014年度", "subject_index": {"begin": 41, "end": 47}, "object_index": {"begin": 68, "end": 76}}]}
{"text": "2012年度、2013年度及2014年度，公司集合资产管理业务管理费收入（含认购/申购费、退出费）分别为8,301.25万元、12,678.30万元和8,692.22万元，管理费收入的变动主要是由资产管理规模的变化造成的。", "spo_list": [{"predicate": "其他收入", "object_type": "金额", "subject_type": "日期", "object": "8,301.25万元", "subject": "2012年度", "subject_index": {"begin": 0, "end": 6}, "object_index": {"begin": 52, "end": 62}}, {"predicate": "其他收入", "object_type": "金额", "subject_type": "日期", "object": "12,678.30万元", "subject": "2013年度", "subject_index": {"begin": 7, "end": 13}, "object_index": {"begin": 63, "end": 74}}, {"predicate": "其他收入", "object_type": "金额", "subject_type": "日期", "object": "8,692.22万元", "subject": "2014年度", "subject_index": {"begin": 14, "end": 20}, "object_index": {"begin": 75, "end": 85}}]}
{"text": "公司的期货经纪业务主要包括商品期货经纪、金融期货经纪、期货投资咨询以及期货资产管理，收入主要来源于代理期货交易手续费收入和存放金融同业利息收入。2012年度、2013年度、2014年度，公司期货业务收入分别为22,251.31万元、21,120.30万元、27,721.95万元。期货业务收入的构成情况如下：", "spo_list": [{"predicate": "其他收入", "object_type": "金额", "subject_type": "日期", "object": "22,251.31万元", "subject": "2012年度", "subject_index": {"begin": 72, "end": 78}, "object_index": {"begin": 104, "end": 115}}, {"predicate": "其他收入", "object_type": "金额", "subject_type": "日期", "object": "21,120.30万元", "subject": "2013年度、", "subject_index": {"begin": 79, "end": 86}, "object_index": {"begin": 116, "end": 127}}, {"predicate": "其他收入", "object_type": "金额", "subject_type": "日期", "object": "27,721.95万元", "subject": "2014年度", "subject_index": {"begin": 86, "end": 92}, "object_index": {"begin": 128, "end": 139}}]}
{"text": "2012年度、2013年度及2014年度，公司业务及管理费分别为173,525.55万元、193,223.49万元和234,218.56万元。", "spo_list": [{"predicate": "其他成本", "object_type": "金额", "subject_type": "日期", "object": "173,525.55万元", "subject": "2012年度", "subject_index": {"begin": 0, "end": 6}, "object_index": {"begin": 32, "end": 44}}, {"predicate": "其他成本", "object_type": "金额", "subject_type": "日期", "object": "193,223.49万", "subject": "2013年度", "subject_index": {"begin": 7, "end": 13}, "object_index": {"begin": 45, "end": 56}}, {"predicate": "其他成本", "object_type": "金额", "subject_type": "日期", "object": "234,218.56万元", "subject": "2014年度", "subject_index": {"begin": 14, "end": 20}, "object_index": {"begin": 58, "end": 70}}]}
{"text": "2013年度公司营业外收入较2012年度减少11,370.50万元，主要是公司收到的政府补助大幅减少所致。", "spo_list": [{"predicate": "营业外收入", "object_type": "金额", "subject_type": "日期", "object": "11,370.50万元", "subject": "2013年度", "subject_index": {"begin": 0, "end": 6}, "object_index": {"begin": 22, "end": 33}}]}
{"text": "2014年度公司营业外收入较2013年度增加1,213.99万元，主要公司固定资产清理收入以及收到政府补助较2013年增加所致。", "spo_list": [{"predicate": "营业外收入", "object_type": "金额", "subject_type": "日期", "object": "1,213.99万元", "subject": "2014年度", "subject_index": {"begin": 0, "end": 6}, "object_index": {"begin": 22, "end": 32}}]}
{"text": "2013年度公司营业外支出较2012年度减少260.49万元，主要是公司捐赠支出减少以及固定资产清理损失减少所致。", "spo_list": [{"predicate": "营业外支出", "object_type": "金额", "subject_type": "日期", "object": "260.49万元", "subject": "2013年度", "subject_index": {"begin": 0, "end": 6}, "object_index": {"begin": 22, "end": 30}}]}
{"text": "2014年度公司营业外支出较2013年度增加702.47万元，主要原因是公司捐赠支出大幅增加。", "spo_list": [{"predicate": "营业外支出", "object_type": "金额", "subject_type": "日期", "object": "702.47万元", "subject": "2014年度", "subject_index": {"begin": 0, "end": 6}, "object_index": {"begin": 22, "end": 30}}]}
{"text": "。2012年度、2013年度及2014年度，公司其他综合收益的税后净额分别为16,269.62万元、22,086.89万元和88,933.74万元。", "spo_list": [{"predicate": "其他收益", "object_type": "金额", "subject_type": "日期", "object": "16,269.62万元", "subject": "2012年度", "subject_index": {"begin": 1, "end": 7}, "object_index": {"begin": 38, "end": 49}}, {"predicate": "其他收益", "object_type": "金额", "subject_type": "日期", "object": "22,086.89万元", "subject": "2013年度", "subject_index": {"begin": 8, "end": 14}, "object_index": {"begin": 50, "end": 61}}, {"predicate": "其他收益", "object_type": "金额", "subject_type": "日期", "object": "88,933.74万元", "subject": "2014年度", "subject_index": {"begin": 15, "end": 21}, "object_index": {"begin": 62, "end": 73}}]}
{"text": "2012年度，子公司东方花旗收到股东花旗亚洲的26,666.67万元出资款，公司向股东发放了2011年度的现金分红42,817.43万元，公司筹资活动产生的现金流量净额为-16,150.76万元。", "spo_list": [{"predicate": "公司筹资活动产生的现金流量净额", "object_type": "金额", "subject_type": "日期", "object": "-16,150.76万元。", "subject": "2012年度", "subject_index": {"begin": 0, "end": 6}, "object_index": {"begin": 85, "end": 98}}]}
{"text": "2013年度，公司筹资活动现金净流量较2012年度增加656,885.39万元，主要原因包括：①2013年公司先后发行了四期短期融资券，发行金额合计940,000.00万元，其中前三期690,000.00万元已偿还完毕；②2013年11月，公司向符合条件的机构投资者发行13年东方次级债，规模为360,000.00万元；③2013年6月，公司向股东申能集团借入80,000.00万元次级债务。", "spo_list": [{"predicate": "公司筹资活动产生的现金流量净额", "object_type": "金额", "subject_type": "日期", "object": "656,885.39万元", "subject": "2013年度", "subject_index": {"begin": 0, "end": 6}, "object_index": {"begin": 27, "end": 39}}]}
{"text": "2012年公司受托资产管理规模超过200亿元，2012年公司发行了新睿2号、3号等7只集合理财产品，其中新睿2号是业内首只专注于折价套利机会的产品。2012年公司受托资产管理规模大幅增长的原因主要是银证合作的政策限制被放开，公司定向理财规模同比增加了二十多倍。但由于大部分属通道业务，管理费率及报酬率均较低，对收入贡献度较低。2012年公司取得资产管理业务净收入9,840.77万元，同比基本持平。", "spo_list": [{"predicate": "其他收入", "object_type": "金额", "subject_type": "日期", "object": "9,840.77万元", "subject": "2012年", "subject_index": {"begin": 163, "end": 168}, "object_index": {"begin": 181, "end": 191}}, {"predicate": "管理费用", "object_type": "金额", "subject_type": "日期", "object": "200亿元", "subject": "2012年", "subject_index": {"begin": 0, "end": 5}, "object_index": {"begin": 17, "end": 22}}]}
{"text": "2013年9月公司首家获批开展公募基金业务，并于2014年1月和2014年6月分别发行了东方红新动力基金和东方红产业升级基金。截至2014年末，公司的公募基金资金规模合计30.62亿元。", "spo_list": [{"predicate": "其他收入", "object_type": "金额", "subject_type": "日期", "object": "30.62亿元", "subject": "2014年", "subject_index": {"begin": 65, "end": 70}, "object_index": {"begin": 85, "end": 92}}]}
{"text": "从市场余额来看，据统计，截至2012年末，融资融券市场余额为895.16亿元，同比增加2.34倍，其中，融资余额为856.94亿元，融券余额为38.22亿元。截至2013年末，融资融券市场余额为3,465.27亿元，其中，融资余额为3,434.70亿元，融券余额为30.57亿元。", "spo_list": [{"predicate": "其他收入", "object_type": "金额", "subject_type": "日期", "object": "895.16亿元", "subject": "2012年末", "subject_index": {"begin": 14, "end": 20}, "object_index": {"begin": 30, "end": 38}}, {"predicate": "其他收入", "object_type": "金额", "subject_type": "日期", "object": "856.94亿元", "subject": "2012年末", "subject_index": {"begin": 14, "end": 20}, "object_index": {"begin": 57, "end": 65}}, {"predicate": "其他收入", "object_type": "金额", "subject_type": "日期", "object": "38.22亿元", "subject": "2012年末", "subject_index": {"begin": 14, "end": 20}, "object_index": {"begin": 71, "end": 78}}, {"predicate": "其他收入", "object_type": "金额", "subject_type": "日期", "object": "3,465.27亿元", "subject": "2013年末", "subject_index": {"begin": 81, "end": 87}, "object_index": {"begin": 97, "end": 107}}, {"predicate": "其他收入", "object_type": "金额", "subject_type": "日期", "object": "3,434.70亿元", "subject": "2013年末", "subject_index": {"begin": 81, "end": 87}, "object_index": {"begin": 116, "end": 126}}, {"predicate": "其他收入", "object_type": "金额", "subject_type": "日期", "object": "30.57亿元", "subject": "2013年末", "subject_index": {"begin": 81, "end": 87}, "object_index": {"begin": 132, "end": 139}}]}
{"text": "报告期内，2012年、2013年发行人将座落于上海市中山南路268号，东方国际金融广场1号楼25层部分（2501A，2501B，2501C）出租给诚恭实业，租金为每日每平方米建筑面积6元，每月管理费为每平方米建筑面积28.95元，合计年租金（含物业费）为815,723.35元。发行人原向上海新源投资有限公司租赁该房产的租赁价格与转租给诚恭实业的价格一致。报告期内，双方租赁费已结算完毕。", "spo_list": [{"predicate": "其他成本", "object_type": "金额", "subject_type": "日期", "object": "815,723.35元", "subject": "2012年、2013年", "subject_index": {"begin": 5, "end": 16}, "object_index": {"begin": 127, "end": 138}}]}
{"text": "：2014年末公司利率互换合约名义本金总额182.25亿元，公允价值变动81,154,672.73元。由于2014年7月1日以后的利率互换合约采用每日无负债结算，故期末，将此部分公允价值变动-25,245,323.54元在衍生金融资产-利率互换和其他应付款-利率互换暂收暂付款抵消后以净额在资产负债表中列示。", "spo_list": [{"predicate": "公允价值变动损益", "object_type": "金额", "subject_type": "日期", "object": "-25,245,323.54元", "subject": "2014年7月1日", "subject_index": {"begin": 53, "end": 62}, "object_index": {"begin": 95, "end": 110}}, {"predicate": "公允价值变动损益", "object_type": "金额", "subject_type": "日期", "object": "182.25亿元", "subject": "2014年", "subject_index": {"begin": 1, "end": 6}, "object_index": {"begin": 21, "end": 29}}, {"predicate": "公允价值变动损益", "object_type": "金额", "subject_type": "日期", "object": "81,154,672.73元", "subject": "2014年", "subject_index": {"begin": 1, "end": 6}, "object_index": {"begin": 36, "end": 50}}]}
{"text": "报告期内，公司应收利息主要为持有的债券产生的应收利息和融资融券业务以及股票质押回购业务产生的应收利息。2012年末、2013年末及2014年末，公司应收利息分别为70,552.11万元、87,808.53万元和124,000.67万元，具体构成情况如下：", "spo_list": [{"predicate": "应付利息", "object_type": "金额", "subject_type": "日期", "object": "70,552.11万元", "subject": "2012年末", "subject_index": {"begin": 51, "end": 57}, "object_index": {"begin": 81, "end": 92}}, {"predicate": "应付利息", "object_type": "金额", "subject_type": "日期", "object": "87,808.53万元", "subject": "2013年末", "subject_index": {"begin": 58, "end": 64}, "object_index": {"begin": 93, "end": 104}}, {"predicate": "应付利息", "object_type": "金额", "subject_type": "日期", "object": "124,000.67万元", "subject": "2014年末", "subject_index": {"begin": 65, "end": 71}, "object_index": {"begin": 105, "end": 117}}]}
{"text": "2014年末公司在建工程较2013年末增加14,374.77万元，主要是在建公司办公大楼项目的后续投入及该工程借款费用利息资本化所致。", "spo_list": [{"predicate": "其他收入", "object_type": "金额", "subject_type": "日期", "object": "14,374.77万元", "subject": "2014年", "subject_index": {"begin": 0, "end": 5}, "object_index": {"begin": 21, "end": 32}}]}
{"text": "2013年末，公司存出保证金较2012年末减少4,811.07万元，减少的主要原因是2013年1月3日开始实施的《证券结算保证金管理办法》，公司向中国证券登记结算有限责任公司缴纳的结算保证金大幅减少。2014年末，公司存出保证金较2013年末增加46,937.01万元，主要系公司向中国证券金融公司交存转融通业务保证金大幅增加所致。", "spo_list": [{"predicate": "其他成本", "object_type": "金额", "subject_type": "日期", "object": "4,811.07万元", "subject": "2013年末", "subject_index": {"begin": 0, "end": 6}, "object_index": {"begin": 23, "end": 33}}, {"predicate": "其他成本", "object_type": "金额", "subject_type": "日期", "object": "46,937.01万元", "subject": "2014年末", "subject_index": {"begin": 100, "end": 106}, "object_index": {"begin": 123, "end": 134}}]}
{"text": "2013年末公司应付利息较2012年末增加11,959.79万元，主要原因包括：①2013年公司发行短期融资券、次级债券、向申能集团借入次级债务，截至2013年末应付上述债务利息合计8,143.61万元；②随着公司转融通融入资金规模的扩大，公司应付转融通资金利息较2012年末增加1,051.02万元。", "spo_list": [{"predicate": "应付利息", "object_type": "金额", "subject_type": "日期", "object": "11,959.79万元", "subject": "2013年末", "subject_index": {"begin": 0, "end": 6}, "object_index": {"begin": 21, "end": 32}}, {"predicate": "应付利息", "object_type": "金额", "subject_type": "日期", "object": "8,143.61万元", "subject": "2013年末", "subject_index": {"begin": 75, "end": 81}, "object_index": {"begin": 91, "end": 101}}, {"predicate": "应付利息", "object_type": "金额", "subject_type": "日期", "object": "1,051.02万元", "subject": "2012年末", "subject_index": {"begin": 132, "end": 138}, "object_index": {"begin": 140, "end": 150}}]}
{"text": "2013年、2014年公司经纪业务手续费净收入分别较上一年度增长31.80%、23.83%，主要原因是受市场环境影响，2013年、2014年公司客户股票成交金额均较上一年大幅上升，公司代理买卖证券业务净收入分别较上一年度增加25,641.31万元、29,176.36万元。", "spo_list": [{"predicate": "其他收入", "object_type": "金额", "subject_type": "日期", "object": "29,176.36万元", "subject": "2014年", "subject_index": {"begin": 6, "end": 11}, "object_index": {"begin": 124, "end": 135}}, {"predicate": "其他收入", "object_type": "金额", "subject_type": "日期", "object": "25,641.31万元", "subject": "2013年", "subject_index": {"begin": 0, "end": 5}, "object_index": {"begin": 112, "end": 123}}]}
{"text": "2014年度公司投资收益较2013年度增加138,285.85万元，主要原因是受证券市场行情的影响，公司金融工具投资收益较2013年度增加136,501.10万元。", "spo_list": [{"predicate": "投资收益", "object_type": "金额", "subject_type": "日期", "object": "138,285.85万元", "subject": "2014年", "subject_index": {"begin": 0, "end": 5}, "object_index": {"begin": 21, "end": 33}}, {"predicate": "投资收益", "object_type": "金额", "subject_type": "日期", "object": "136,501.10万元", "subject": "2014年", "subject_index": {"begin": 0, "end": 5}, "object_index": {"begin": 69, "end": 81}}]}
{"text": "2012年12月，股票指数大幅上涨，年末公司持有的交易性股票和基金的公允价值大幅上升，公允价值变动损益为8,971.20万元。", "spo_list": [{"predicate": "公允价值变动损益", "object_type": "金额", "subject_type": "日期", "object": "8,971.20万元", "subject": "2012年12月", "subject_index": {"begin": 0, "end": 8}, "object_index": {"begin": 52, "end": 62}}]}
{"text": "2012年及2013年公司汇兑损失分别为216.01万元、644.41万元，主要是人民币不断升值，导致公司持有的外币资产产生的汇兑损失。2014年，人民币兑外币年初出现一定幅度贬值，公司持有的外币资产产生汇兑收益409.88万元。", "spo_list": [{"predicate": "资产减值损失", "object_type": "金额", "subject_type": "日期", "object": "644.41万元", "subject": "2013年", "subject_index": {"begin": 6, "end": 11}, "object_index": {"begin": 29, "end": 37}}, {"predicate": "资产减值损失", "object_type": "金额", "subject_type": "日期", "object": "216.01万元", "subject": "2012年", "subject_index": {"begin": 0, "end": 5}, "object_index": {"begin": 20, "end": 28}}, {"predicate": "资产减值损失", "object_type": "金额", "subject_type": "日期", "object": "409.88万元", "subject": "2014年", "subject_index": {"begin": 68, "end": 73}, "object_index": {"begin": 106, "end": 114}}]}
{"text": "公司保荐业务收入主要来源于IPO及上市公司再融资的保荐业务。2012年度、2013年度及2014年度，公司保荐业务收入分别为530.00万元、1,900.00万元和1,170.00万元。", "spo_list": [{"predicate": "其他收入", "object_type": "金额", "subject_type": "日期", "object": "1,170.00万元", "subject": "2014年度", "subject_index": {"begin": 44, "end": 50}, "object_index": {"begin": 82, "end": 92}}, {"predicate": "其他收入", "object_type": "金额", "subject_type": "日期", "object": "1,900.00万元", "subject": "2013年度", "subject_index": {"begin": 37, "end": 43}, "object_index": {"begin": 71, "end": 81}}, {"predicate": "其他收入", "object_type": "金额", "subject_type": "日期", "object": "530.00万元", "subject": "2012年度", "subject_index": {"begin": 30, "end": 36}, "object_index": {"begin": 62, "end": 70}}]}
{"text": "公司的定向资产管理业务主要面对机构和高端个人投资者，业务灵活性较强，可以根据投资者不同的理财需求和风险偏好为客户量身定制不同的产品。公司定向资产管理业务收入主要来源于向客户收取的资产管理费和双方在理财协议中约定的业绩报酬。2012年度、2013年度及2014年度，公司定向资产管理业务收入分别为526.12万元、3,284.97万元和3,579.62万元。", "spo_list": [{"predicate": "管理费用", "object_type": "金额", "subject_type": "日期", "object": "3,579.62万元", "subject": "2014年度", "subject_index": {"begin": 125, "end": 131}, "object_index": {"begin": 167, "end": 177}}, {"predicate": "管理费用", "object_type": "金额", "subject_type": "日期", "object": "3,284.97万元", "subject": "2013年度", "subject_index": {"begin": 118, "end": 124}, "object_index": {"begin": 156, "end": 166}}, {"predicate": "管理费用", "object_type": "金额", "subject_type": "日期", "object": "526.12万元", "subject": "2012年度", "subject_index": {"begin": 111, "end": 117}, "object_index": {"begin": 147, "end": 155}}]}
{"text": "2013年7月，公司取得上海证券交易所和深圳证券交易所股票质押式回购交易资质，股票质押回购业务发展迅速，股票质押回购业务利息收入已经成为公司证券金融（融资融券）业务的主要收入来源之一，2013年度、2014年度，证券金融业务分部股票质押回购利息收入分别为2,757.08万元和55,447.20万元。", "spo_list": [{"predicate": "应付利息", "object_type": "金额", "subject_type": "日期", "object": "55,447.20万元", "subject": "2014年度", "subject_index": {"begin": 99, "end": 105}, "object_index": {"begin": 138, "end": 149}}, {"predicate": "应付利息", "object_type": "金额", "subject_type": "日期", "object": "2,757.08万元", "subject": "2013年度", "subject_index": {"begin": 92, "end": 98}, "object_index": {"begin": 127, "end": 137}}]}
{"text": "2013年度、2014年度公司业务及管理费分别较上一年度增加19,697.94万元、40,995.07万元，主要原因是近两年股票市场行情较好，公司根据业绩计提的绩效工资和奖金大幅增长，导致2013年度、2014年度公司职工薪酬分别较上一年度增加15,545.01万元、34,222.26万元。", "spo_list": [{"predicate": "管理费用", "object_type": "金额", "subject_type": "日期", "object": "40,995.07万元", "subject": "2014年度", "subject_index": {"begin": 7, "end": 13}, "object_index": {"begin": 42, "end": 53}}, {"predicate": "管理费用", "object_type": "金额", "subject_type": "日期", "object": "19,697.94万元", "subject": "2013年度", "subject_index": {"begin": 0, "end": 6}, "object_index": {"begin": 30, "end": 41}}, {"predicate": "管理费用", "object_type": "金额", "subject_type": "日期", "object": "34,222.26万元", "subject": "2014年度", "subject_index": {"begin": 101, "end": 107}, "object_index": {"begin": 134, "end": 145}}, {"predicate": "管理费用", "object_type": "金额", "subject_type": "日期", "object": "15,545.01万元", "subject": "2013年度", "subject_index": {"begin": 94, "end": 100}, "object_index": {"begin": 122, "end": 133}}]}
{"text": "2012年度“代理买卖证券支付的现金净额”为170,666.93万元，主要原因包括：①2012年1-11月股票市场延续了2011年的态势，公司客户资金转移出证券市场的趋势并未得到改变；②2012年12月，A股市场指数大幅上涨，公司客户交易整体呈现净买入状态，使得公司代理买卖证券款有所减少。", "spo_list": [{"predicate": "在建工程净额", "object_type": "金额", "subject_type": "日期", "object": "为170,666.93万元", "subject": "2012年度", "subject_index": {"begin": 0, "end": 6}, "object_index": {"begin": 21, "end": 34}}]}
{"text": "报告期内公司融资业务增长迅速，2012年末、2013年末，公司融出资金余额分别为141,419.48万元、280,695.32万元，导致公司2012年度、2013年度“融出资金净增加额”分别为17,148.23万元、139,311.88万元。", "spo_list": [{"predicate": "在产品余额", "object_type": "金额", "subject_type": "日期", "object": "280,695.32万元", "subject": "2013年末", "subject_index": {"begin": 22, "end": 28}, "object_index": {"begin": 53, "end": 65}}, {"predicate": "在产品余额", "object_type": "金额", "subject_type": "日期", "object": "141,419.48万元", "subject": "2012年末", "subject_index": {"begin": 15, "end": 21}, "object_index": {"begin": 40, "end": 52}}, {"predicate": "其他应收款净额", "object_type": "金额", "subject_type": "日期", "object": "139,311.88万元", "subject": "2013年末", "subject_index": {"begin": 22, "end": 28}, "object_index": {"begin": 108, "end": 120}}, {"predicate": "其他应收款净额", "object_type": "金额", "subject_type": "日期", "object": "17,148.23万元", "subject": "2012年末", "subject_index": {"begin": 15, "end": 21}, "object_index": {"begin": 96, "end": 107}}]}
