{"text": "多多电商根据采购计划，在对未来多多平台的采购产品进行预估的基础上，针对市场上价格波动较大和供不应求的商品，会以预付款方式，保证货源；此外，多多电商采购部分产品存放于多多电商的自有仓库中，以满足客户的小批量需求以及客户临时加货的仓库调拨需求。2016年末、2017年末和2018年末公司库存余额分别为96.83万元、1,094.32万元和2,292.19万元。2016年度、2017年度和2018年，从发行人租赁仓库发货实现的销售收入分别是775.20万元、8,520.86万元和9,126.77万元，占网上商品交易业务收入的比例分别是0.99%、4.61%和2.60%，发行人租赁仓库实现的销售收入占其网上商品交易的收入比例较低，发行人不存在大量囤货现象。", "spo_list": [{"predicate": "存货余额", "object_type": "金额", "subject_type": "日期", "object": "96.83万元", "subject": "2016年末", "subject_index": {"begin": 120, "end": 126}, "object_index": {"begin": 149, "end": 156}}, {"predicate": "存货余额", "object_type": "金额", "subject_type": "日期", "object": "1,094.32万元", "subject": "2017年末", "subject_index": {"begin": 127, "end": 133}, "object_index": {"begin": 157, "end": 167}}, {"predicate": "存货余额", "object_type": "金额", "subject_type": "日期", "object": "2,292.19万元", "subject": "2018年末", "subject_index": {"begin": 134, "end": 140}, "object_index": {"begin": 168, "end": 178}}]}
{"text": "各报告期期末，公司应收账款余额分别为2,056.31万元、3,494.73万元及4,931.14万元。公司应收账款逐年增长主要系公司网上商品交易业务的快速发展及公司西南电商中标参与四川地区的电子商务进农村建设项目，应收的政府采购项目款增多所致。", "spo_list": [{"predicate": "其他应收款余额", "object_type": "金额", "subject_type": "日期", "object": "2,056.31万元", "subject": "各报告期期末", "subject_index": {"begin": 0, "end": 6}, "object_index": {"begin": 18, "end": 28}}, {"predicate": "其他应收款余额", "object_type": "金额", "subject_type": "日期", "object": "3,494.73万元", "subject": "各报告期期末", "subject_index": {"begin": 0, "end": 6}, "object_index": {"begin": 29, "end": 39}}, {"predicate": "其他应收款余额", "object_type": "金额", "subject_type": "日期", "object": "4,931.14万元", "subject": "各报告期期末", "subject_index": {"begin": 0, "end": 6}, "object_index": {"begin": 40, "end": 50}}]}
{"text": "，截至2018年末，发行人短期借款合计14,000.00万元，不存在长期借款，资产总额84,025.83万元。发行人流动比率为2.14，速动比率为2.07，母公司口径资产负债率44.02%。发行人借款规模较小，流动比率、速动比率较高，资产负债率较低，偿债能力较强，发行人无法偿还相应借款的风险较小，抵押房产被执行的风险较低。", "spo_list": [{"predicate": "速动比率", "object_type": "日期", "subject_type": "比率", "object": "2018年末", "subject": "2.07", "subject_index": {"begin": 73, "end": 77}, "object_index": {"begin": 3, "end": 9}}]}
{"text": "各报告期期末，应付账款余额分别为1,380.55万元、1,270.44万元及8,278.76万元，占流动负债的比例分别为4.59%、4.78%及22.02%。", "spo_list": [{"predicate": "应付账款余额", "object_type": "金额", "subject_type": "日期", "object": "1,380.55万元", "subject": "各报告期期末", "subject_index": {"begin": 0, "end": 6}, "object_index": {"begin": 16, "end": 26}}, {"predicate": "应付账款余额", "object_type": "金额", "subject_type": "日期", "object": "1,270.44万元", "subject": "各报告期期末", "subject_index": {"begin": 0, "end": 6}, "object_index": {"begin": 27, "end": 37}}, {"predicate": "应付账款余额", "object_type": "金额", "subject_type": "日期", "object": "8,278.76万元", "subject": "各报告期期末", "subject_index": {"begin": 0, "end": 6}, "object_index": {"begin": 38, "end": 48}}]}
{"text": "各报告期期末，公司其他应付账款分别为16,268.65万元、833.50万元及562.53万元，占流动负债的比例分别为54.04%、3.14%及1.50%，主要为保证金押金、员工绩效风险质押金、股东增资款及应付利息等。", "spo_list": [{"predicate": "其他应付款", "object_type": "金额", "subject_type": "日期", "object": "16,268.65万元", "subject": "各报告期期末", "subject_index": {"begin": 0, "end": 6}, "object_index": {"begin": 18, "end": 29}}, {"predicate": "其他应付款", "object_type": "金额", "subject_type": "日期", "object": "833.50万元", "subject": "各报告期期末", "subject_index": {"begin": 0, "end": 6}, "object_index": {"begin": 30, "end": 38}}, {"predicate": "其他应付款", "object_type": "金额", "subject_type": "日期", "object": "562.53万元", "subject": "各报告期期末", "subject_index": {"begin": 0, "end": 6}, "object_index": {"begin": 39, "end": 47}}]}
{"text": "报告期内，公司应收账款周转率分别为68.55次、79.20次及95.23次，公司应收账款周转率处于较高水平。增长较快的原因为公司网上商品交易的快速发展。", "spo_list": [{"predicate": "应收账款周转率", "object_type": "日期", "subject_type": "比率", "object": "报告期内", "subject": "68.55次", "subject_index": {"begin": 17, "end": 23}, "object_index": {"begin": 0, "end": 4}}, {"predicate": "应收账款周转率", "object_type": "日期", "subject_type": "比率", "object": "报告期内", "subject": "79.20次", "subject_index": {"begin": 24, "end": 30}, "object_index": {"begin": 0, "end": 4}}, {"predicate": "应收账款周转率", "object_type": "日期", "subject_type": "比率", "object": "报告期内", "subject": "95.23次", "subject_index": {"begin": 31, "end": 37}, "object_index": {"begin": 0, "end": 4}}]}
{"text": "报告期内，公司存货周转率分别为112.73次、150.59次及141.44次，期末存货主要为是未完结的商业信息服务和互联网技术服务发生的成本以及网上商品交易业务的库存商品。公司的存货周转率较高主要受公司的经营模式所决定，报告期内公司的网上商品交易的业务多数商品由供应商仓库直接运抵客户指定地点。各报告期期末公司的库存余额较低，分别为348.97万元、2,042.12万元及2,721.25万元，占流动资产的比例分别为0.85%、3.47%及3.38%。", "spo_list": [{"predicate": "存货周转率", "object_type": "日期", "subject_type": "比率", "object": "报告期内", "subject": "112.73次", "subject_index": {"begin": 15, "end": 22}, "object_index": {"begin": 0, "end": 4}}, {"predicate": "存货周转率", "object_type": "日期", "subject_type": "比率", "object": "报告期内", "subject": "150.59次", "subject_index": {"begin": 23, "end": 30}, "object_index": {"begin": 0, "end": 4}}, {"predicate": "存货周转率", "object_type": "日期", "subject_type": "比率", "object": "报告期内", "subject": "141.44次", "subject_index": {"begin": 31, "end": 38}, "object_index": {"begin": 0, "end": 4}}]}
{"text": "报告期内，公司销售费用分别为5,619.66万元、6,938.60万元及10,250.83万元，呈上升趋势。销售费用占营业收入的比例分别为6.18%、3.47%及2.79%，呈下降趋势，主要原因为公司网上商品交易业务的快速发展所致。", "spo_list": [{"predicate": "销售费用", "object_type": "金额", "subject_type": "日期", "object": "5,619.66万元", "subject": "报告期内", "subject_index": {"begin": 0, "end": 4}, "object_index": {"begin": 14, "end": 24}}, {"predicate": "销售费用", "object_type": "金额", "subject_type": "日期", "object": "6,938.60万元", "subject": "报告期内", "subject_index": {"begin": 0, "end": 4}, "object_index": {"begin": 25, "end": 35}}, {"predicate": "销售费用", "object_type": "金额", "subject_type": "日期", "object": "10,250.83万元", "subject": "报告期内", "subject_index": {"begin": 0, "end": 4}, "object_index": {"begin": 36, "end": 47}}]}
{"text": "报告期各期末公司预付账款余额分别为：14,951.09万元、28,412.79万元及35,178.31万元。公司的预付账款周转率较高，平均30-40天即可转换为公司存货并实现销售。", "spo_list": [{"predicate": "预付账款余额", "object_type": "金额", "subject_type": "日期", "object": "14,951.09万元", "subject": "报告期各期末", "subject_index": {"begin": 0, "end": 6}, "object_index": {"begin": 18, "end": 29}}, {"predicate": "预付账款余额", "object_type": "金额", "subject_type": "日期", "object": "28,412.79万元", "subject": "报告期各期末", "subject_index": {"begin": 0, "end": 6}, "object_index": {"begin": 30, "end": 41}}, {"predicate": "预付账款余额", "object_type": "金额", "subject_type": "日期", "object": "35,178.31万元", "subject": "报告期各期末", "subject_index": {"begin": 0, "end": 6}, "object_index": {"begin": 42, "end": 53}}]}
{"text": "2018年投资2019年投资本项目总投资4,366.78万元，其中工程建设费用2,561.48万元，工程建设其他费用1,005.30万元，补充流动资金800.00万元。具体如下：", "spo_list": [{"predicate": "流动资产", "object_type": "金额", "subject_type": "日期", "object": "800.00万元", "subject": "2018年投资2019年", "subject_index": {"begin": 0, "end": 12}, "object_index": {"begin": 75, "end": 83}}]}
{"text": "2018年投资2019年投资本项目总投资21,409.47万元，其中工程建设费用16,747.17万元，工程建设其他费用1,362.30万元，铺底流动资金3,300.00万元。具体如下：", "spo_list": [{"predicate": "流动资产", "object_type": "金额", "subject_type": "日期", "object": "3,300.00万元", "subject": "2018年投资2019年", "subject_index": {"begin": 0, "end": 12}, "object_index": {"begin": 77, "end": 87}}]}
{"text": "2017年末、2018年末公司应收票据分别较上年末增长2,606.88万元和2,883.51万元，增长比例为70.84%和45.87%。主要为公司网上商品交易业务的快速发展所致。", "spo_list": [{"predicate": "应付票据", "object_type": "金额", "subject_type": "日期", "object": "2,883.51万元", "subject": "2018年末", "subject_index": {"begin": 7, "end": 13}, "object_index": {"begin": 38, "end": 48}}, {"predicate": "应付票据", "object_type": "金额", "subject_type": "日期", "object": "2,606.88万元", "subject": "2017年末", "subject_index": {"begin": 0, "end": 6}, "object_index": {"begin": 27, "end": 37}}]}
{"text": "各报告期期末，公司预付账款账面价值分别为14,951.09万元、28,412.79万元及35,178.31万元，占流动资产的比例分别为36.33%、48.23%及43.75%，预付账款逐年增大且占流动资产比例较高", "spo_list": [{"predicate": "预付账款余额", "object_type": "金额", "subject_type": "日期", "object": "35,178.31万元", "subject": "报告期期末", "subject_index": {"begin": 1, "end": 6}, "object_index": {"begin": 44, "end": 55}}, {"predicate": "预付账款余额", "object_type": "金额", "subject_type": "日期", "object": "28,412.79万元", "subject": "报告期期末", "subject_index": {"begin": 1, "end": 6}, "object_index": {"begin": 32, "end": 43}}, {"predicate": "预付账款余额", "object_type": "金额", "subject_type": "日期", "object": "14,951.09万元", "subject": "报告期期末", "subject_index": {"begin": 1, "end": 6}, "object_index": {"begin": 20, "end": 31}}]}
{"text": "各报告期期末，公司存货的账面价值分别为348.97万元、2,042.12万元及2,721.25万元，占期末流动资产总额的比重分别为0.85%、3.47%及3.38%。", "spo_list": [{"predicate": "存货账面价值", "object_type": "金额", "subject_type": "日期", "object": "348.97万元", "subject": "各报告期期末", "subject_index": {"begin": 0, "end": 6}, "object_index": {"begin": 19, "end": 27}}, {"predicate": "存货账面价值", "object_type": "金额", "subject_type": "日期", "object": "2,042.12万元", "subject": "各报告期期末", "subject_index": {"begin": 0, "end": 6}, "object_index": {"begin": 28, "end": 38}}, {"predicate": "存货账面价值", "object_type": "金额", "subject_type": "日期", "object": "2,721.25万元", "subject": "各报告期期末", "subject_index": {"begin": 0, "end": 6}, "object_index": {"begin": 39, "end": 49}}]}
{"text": "各报告期期末，无形资产净额分别为476.11万元、421.62万元及714.58万元，占非流动资产的比例分别为12.47%、13.05%及19.74%。", "spo_list": [{"predicate": "无形资产", "object_type": "金额", "subject_type": "日期", "object": "476.11万元", "subject": "报告期期末", "subject_index": {"begin": 1, "end": 6}, "object_index": {"begin": 16, "end": 24}}, {"predicate": "无形资产", "object_type": "金额", "subject_type": "日期", "object": "421.62万元", "subject": "报告期期末", "subject_index": {"begin": 1, "end": 6}, "object_index": {"begin": 25, "end": 33}}, {"predicate": "无形资产", "object_type": "金额", "subject_type": "日期", "object": "714.58万元", "subject": "报告期期末", "subject_index": {"begin": 1, "end": 6}, "object_index": {"begin": 34, "end": 42}}]}
{"text": "各报告期期末，公司预收账款余额分别为9,375.27万元、11,701.11万元及12,507.64万元，占流动负债的比例分别为31.14%、44.02%及33.27%。", "spo_list": [{"predicate": "预收账款余额", "object_type": "金额", "subject_type": "日期", "object": "9,375.27万元", "subject": "报告期期末", "subject_index": {"begin": 1, "end": 6}, "object_index": {"begin": 18, "end": 28}}, {"predicate": "预收款项余额", "object_type": "金额", "subject_type": "日期", "object": "11,701.11万元", "subject": "报告期期末", "subject_index": {"begin": 1, "end": 6}, "object_index": {"begin": 29, "end": 40}}, {"predicate": "预收账款余额", "object_type": "金额", "subject_type": "日期", "object": "12,507.64万元", "subject": "报告期期末", "subject_index": {"begin": 1, "end": 6}, "object_index": {"begin": 41, "end": 52}}]}
{"text": "各报告期期末，应收账款净额分别为1,878.03万元、3,172.03万元及4,543.29万元，占流动资产的比例分别为4.56%、5.38%及5.65%。", "spo_list": [{"predicate": "应收账款净额", "object_type": "金额", "subject_type": "日期", "object": "1,878.03万元", "subject": "报告期期末", "subject_index": {"begin": 1, "end": 6}, "object_index": {"begin": 16, "end": 26}}, {"predicate": "应收账款净额", "object_type": "金额", "subject_type": "日期", "object": "3,172.03万元", "subject": "报告期期末", "subject_index": {"begin": 1, "end": 6}, "object_index": {"begin": 27, "end": 37}}, {"predicate": "应收账款净额", "object_type": "金额", "subject_type": "日期", "object": "4,543.29万元", "subject": "报告期期末", "subject_index": {"begin": 1, "end": 6}, "object_index": {"begin": 38, "end": 48}}]}
{"text": "报告期内，公司期间费用分别为8,962.49万元、11,368.94万元及15,939.90万元，呈上升趋势，期间费用占营业收入的比例分别为9.86%、5.69%及4.34%，呈下降趋势，主要原因为公司网上商品交易业务的快速发展所致。", "spo_list": [{"predicate": "期间费用", "object_type": "金额", "subject_type": "日期", "object": "8,962.49万元", "subject": "报告期内", "subject_index": {"begin": 0, "end": 4}, "object_index": {"begin": 14, "end": 24}}, {"predicate": "期间费用", "object_type": "金额", "subject_type": "日期", "object": "11,368.94万元", "subject": "报告期内", "subject_index": {"begin": 0, "end": 4}, "object_index": {"begin": 25, "end": 36}}, {"predicate": "期间费用", "object_type": "金额", "subject_type": "日期", "object": "15,939.90万元", "subject": "报告期内", "subject_index": {"begin": 0, "end": 4}, "object_index": {"begin": 37, "end": 48}}]}
{"text": "报告期内，职工薪酬为销售费用的主要组成部分，金额分别为3,945.76万元、4,221.01万元及4,902.71万元，占销售费用的比例分别为70.21%、60.83%及47.83%。职工薪酬呈上升趋势，主要原因是随着公司业务的增大，销售人员待遇有所提升。", "spo_list": [{"predicate": "销售费用", "object_type": "金额", "subject_type": "日期", "object": "3,945.76万元", "subject": "报告期内", "subject_index": {"begin": 0, "end": 4}, "object_index": {"begin": 27, "end": 37}}, {"predicate": "销售费用", "object_type": "金额", "subject_type": "日期", "object": "4,221.01万元", "subject": "报告期内", "subject_index": {"begin": 0, "end": 4}, "object_index": {"begin": 38, "end": 48}}, {"predicate": "销售费用", "object_type": "金额", "subject_type": "日期", "object": "4,902.71万元", "subject": "报告期内", "subject_index": {"begin": 0, "end": 4}, "object_index": {"begin": 49, "end": 59}}]}
{"text": "银行承兑汇票因素：随着公司网上商品交易业务的发展，使用承兑结算的比例逐步提高。报告期各期末公司应收票据余额分别为：3,679.82万元、6,286.69万元及9,170.20万元。", "spo_list": [{"predicate": "应收票据余额", "object_type": "金额", "subject_type": "日期", "object": "3,679.82万元", "subject": "报告期各期", "subject_index": {"begin": 39, "end": 44}, "object_index": {"begin": 57, "end": 67}}, {"predicate": "应收票据余额", "object_type": "金额", "subject_type": "日期", "object": "6,286.69万元", "subject": "报告期各期", "subject_index": {"begin": 39, "end": 44}, "object_index": {"begin": 68, "end": 78}}, {"predicate": "应收票据余额", "object_type": "金额", "subject_type": "日期", "object": "9,170.20万元", "subject": "报告期各期", "subject_index": {"begin": 39, "end": 44}, "object_index": {"begin": 79, "end": 89}}]}
