{"text": "2014年12月16日，新余市人民政府出具《新余市人民政府关于对江西新余国泰特种化工有限责任公司“10.18”爆炸一般事故结案的批复》（余府字[2014]42号），对事故责任人作出处理，并对新余国泰处以罚款13万元", "spo_list": [{"predicate": "罚款", "object_type": "金额", "subject_type": "日期", "object": "13万元", "subject": "2014年12月16日", "subject_index": {"begin": 0, "end": 11}, "object_index": {"begin": 103, "end": 107}}]}
{"text": "截至报告期末，公司流动资产为26,452.69万元，占总资产的28.05%，流动资产主要包括货币资金、应收账款、存货等。具体构成情况如下：", "spo_list": [{"predicate": "流动资产", "object_type": "金额", "subject_type": "日期", "object": "26,452.69万元", "subject": "截至报告期末", "subject_index": {"begin": 0, "end": 6}, "object_index": {"begin": 14, "end": 25}}]}
{"text": "截至报告期末，公司无形资产合计13,944.78万元，情况如下", "spo_list": [{"predicate": "无形资产", "object_type": "金额", "subject_type": "日期", "object": "13,944.78万元", "subject": "截至报告期末", "subject_index": {"begin": 0, "end": 6}, "object_index": {"begin": 15, "end": 26}}]}
{"text": "截至报告期末，公司银行借款余额13,500.00万元，具体如下", "spo_list": [{"predicate": "短期借款余额", "object_type": "金额", "subject_type": "日期", "object": "13,500.00万元", "subject": "截至报告期末", "subject_index": {"begin": 0, "end": 6}, "object_index": {"begin": 15, "end": 26}}]}
{"text": "截至报告期末，公司应交税费合计2,213.53万元，主要系应交增值税、企业所得税和防洪基金，具体情况如下：", "spo_list": [{"predicate": "应交税费", "object_type": "金额", "subject_type": "日期", "object": "2,213.53万元", "subject": "截至报告期末", "subject_index": {"begin": 0, "end": 6}, "object_index": {"begin": 15, "end": 25}}]}
{"text": "赣州国泰技改搬迁项目已于2015年6月完成，赣州国泰可向政府提出清偿损失的固定资产账面净额1,416.20万元转入固定资产清理，具体补偿事宜正在协商中。", "spo_list": [{"predicate": "固定资产净额", "object_type": "金额", "subject_type": "日期", "object": "1,416.20万元", "subject": "2015年6月", "subject_index": {"begin": 12, "end": 19}, "object_index": {"begin": 45, "end": 55}}]}
{"text": "报告期各期末，公司的应收账款净额分别为3,129.73万元、3,560.31万元、4,333.73万元和7,882.83万元，", "spo_list": [{"predicate": "应收账款净额", "object_type": "金额", "subject_type": "日期", "object": "3,129.73万元", "subject": "报告期各期末", "subject_index": {"begin": 0, "end": 6}, "object_index": {"begin": 19, "end": 29}}, {"predicate": "应收账款净额", "object_type": "金额", "subject_type": "日期", "object": "3,560.31万元", "subject": "报告期各期末", "subject_index": {"begin": 0, "end": 6}, "object_index": {"begin": 30, "end": 40}}, {"predicate": "应收账款净额", "object_type": "金额", "subject_type": "日期", "object": "4,333.73万元", "subject": "报告期各期末", "subject_index": {"begin": 0, "end": 6}, "object_index": {"begin": 41, "end": 51}}, {"predicate": "应收账款净额", "object_type": "金额", "subject_type": "日期", "object": "7,882.83万元", "subject": "报告期各期末", "subject_index": {"begin": 0, "end": 6}, "object_index": {"begin": 52, "end": 62}}]}
{"text": "报告期各期末，公司其他应收款账面价值分别为72.99万元、140.38万元、372.25万元和423.16万元，全部采用账龄分析法计提坏账准备，", "spo_list": [{"predicate": "其他应收账款账面价值", "object_type": "金额", "subject_type": "日期", "object": "72.99万元", "subject": "报告期各期末", "subject_index": {"begin": 0, "end": 6}, "object_index": {"begin": 21, "end": 28}}, {"predicate": "其他应收账款账面价值", "object_type": "金额", "subject_type": "日期", "object": "140.38万元", "subject": "报告期各期末", "subject_index": {"begin": 0, "end": 6}, "object_index": {"begin": 29, "end": 37}}, {"predicate": "其他应收账款账面价值", "object_type": "金额", "subject_type": "日期", "object": "372.25万元", "subject": "报告期各期末", "subject_index": {"begin": 0, "end": 6}, "object_index": {"begin": 38, "end": 46}}, {"predicate": "其他应收账款账面价值", "object_type": "金额", "subject_type": "日期", "object": "423.16万元", "subject": "报告期各期末", "subject_index": {"begin": 0, "end": 6}, "object_index": {"begin": 47, "end": 55}}]}
{"text": "报告期各期末，公司存货账面价值分别为3,390.71万元、3,593.19万元、3,448.41万元和3,410.75万元，占流动资产的比例为13.26%、13.89%、15.40%和12.89%", "spo_list": [{"predicate": "存货账面价值", "object_type": "金额", "subject_type": "日期", "object": "3,390.71万元", "subject": "报告期各期末", "subject_index": {"begin": 0, "end": 6}, "object_index": {"begin": 18, "end": 28}}, {"predicate": "存货账面价值", "object_type": "金额", "subject_type": "日期", "object": "3,593.19万元", "subject": "报告期各期末", "subject_index": {"begin": 0, "end": 6}, "object_index": {"begin": 29, "end": 39}}, {"predicate": "存货账面价值", "object_type": "金额", "subject_type": "日期", "object": "3,448.41万元", "subject": "报告期各期末", "subject_index": {"begin": 0, "end": 6}, "object_index": {"begin": 40, "end": 50}}, {"predicate": "存货账面价值", "object_type": "金额", "subject_type": "日期", "object": "3,410.75万元", "subject": "报告期各期末", "subject_index": {"begin": 0, "end": 6}, "object_index": {"begin": 51, "end": 61}}]}
{"text": "报告期内，公司长期股权投资分别为271.81万元、267.91万元、274.79万元和275.59万元，占非流动资产比例较小", "spo_list": [{"predicate": "长期股权投资账面价值", "object_type": "金额", "subject_type": "日期", "object": "271.81万元", "subject": "报告期内", "subject_index": {"begin": 0, "end": 4}, "object_index": {"begin": 16, "end": 24}}, {"predicate": "长期股权投资账面价值", "object_type": "金额", "subject_type": "日期", "object": "267.91万元", "subject": "报告期内", "subject_index": {"begin": 0, "end": 4}, "object_index": {"begin": 25, "end": 33}}, {"predicate": "长期股权投资账面价值", "object_type": "金额", "subject_type": "日期", "object": "274.79万元", "subject": "报告期内", "subject_index": {"begin": 0, "end": 4}, "object_index": {"begin": 34, "end": 42}}, {"predicate": "长期股权投资账面价值", "object_type": "金额", "subject_type": "日期", "object": "275.59万元", "subject": "报告期内", "subject_index": {"begin": 0, "end": 4}, "object_index": {"begin": 43, "end": 51}}]}
{"text": "报告期内，公司无形资产净值分别为17,508.27万元、18,128.08万元、17,697.72万元和13,944.78万元，占非流动资产的比例分别为43.74%、34.82%、25.97%和20.55%，主要由土地使用权构成。2016年6月末，无形资产账面价值减少，主要原因是：新余国泰原厂址所在区域土地已由政府征收下账。", "spo_list": [{"predicate": "无形资产", "object_type": "金额", "subject_type": "日期", "object": "17,508.27万元", "subject": "报告期内", "subject_index": {"begin": 0, "end": 4}, "object_index": {"begin": 16, "end": 27}}, {"predicate": "无形资产", "object_type": "金额", "subject_type": "日期", "object": "18,128.08万元", "subject": "报告期内", "subject_index": {"begin": 0, "end": 4}, "object_index": {"begin": 28, "end": 39}}, {"predicate": "无形资产", "object_type": "金额", "subject_type": "日期", "object": "17,697.72万元", "subject": "报告期内", "subject_index": {"begin": 0, "end": 4}, "object_index": {"begin": 40, "end": 51}}, {"predicate": "无形资产", "object_type": "金额", "subject_type": "日期", "object": "13,944.78万元", "subject": "报告期内", "subject_index": {"begin": 0, "end": 4}, "object_index": {"begin": 52, "end": 63}}]}
{"text": "报告期各期末，公司预收款项分别为1,282.43万元、835.73万元、954.17万元和345.10万元。", "spo_list": [{"predicate": "预收款项", "object_type": "金额", "subject_type": "日期", "object": "1,282.43万元", "subject": "报告期各期末", "subject_index": {"begin": 0, "end": 6}, "object_index": {"begin": 16, "end": 26}}, {"predicate": "预收款项", "object_type": "金额", "subject_type": "日期", "object": "835.73万元", "subject": "报告期各期末", "subject_index": {"begin": 0, "end": 6}, "object_index": {"begin": 27, "end": 35}}, {"predicate": "预收款项", "object_type": "金额", "subject_type": "日期", "object": "954.17万元", "subject": "报告期各期末", "subject_index": {"begin": 0, "end": 6}, "object_index": {"begin": 36, "end": 44}}, {"predicate": "预收款项", "object_type": "金额", "subject_type": "日期", "object": "345.10万元", "subject": "报告期各期末", "subject_index": {"begin": 0, "end": 6}, "object_index": {"begin": 45, "end": 53}}]}
{"text": "报告期各期末，公司应交税费余额分别为2,981.69万元、2,333.93万元、2,628.34万元和2,213.53万元，应交税费余额主要以企业所得税、防洪基金和增值税为主。", "spo_list": [{"predicate": "应交税费余额", "object_type": "金额", "subject_type": "日期", "object": "2,981.69万元", "subject": "报告期各期末", "subject_index": {"begin": 0, "end": 6}, "object_index": {"begin": 18, "end": 28}}, {"predicate": "应交税费余额", "object_type": "金额", "subject_type": "日期", "object": "2,333.93万元", "subject": "报告期各期末", "subject_index": {"begin": 0, "end": 6}, "object_index": {"begin": 29, "end": 39}}, {"predicate": "应交税费余额", "object_type": "金额", "subject_type": "日期", "object": "2,628.34万元", "subject": "报告期各期末", "subject_index": {"begin": 0, "end": 6}, "object_index": {"begin": 40, "end": 50}}, {"predicate": "应交税费余额", "object_type": "金额", "subject_type": "日期", "object": "2,213.53万元", "subject": "报告期各期末", "subject_index": {"begin": 0, "end": 6}, "object_index": {"begin": 51, "end": 61}}]}
{"text": "新余国泰搬迁技改于2015年年底完成，2016年1-6月增加利润总额44.02万元，按资产预计平均使用寿命10年确认补助收益，资产摊销期内各期预计将增加利润总额105.64万元。", "spo_list": []}
{"text": "报告期各期末，公司递延所得税负债分别为41.29万元、35.80万元、30.32万元和27.58万元，占非流动负债的比例分别为1.14%、0.67%、0.57%和0.53%，系非同一控制下合并成本低于可辨认净资产公允价值造成。", "spo_list": [{"predicate": "递延所得税负债", "object_type": "金额", "subject_type": "日期", "object": "41.29万元", "subject": "报告期各期末", "subject_index": {"begin": 0, "end": 6}, "object_index": {"begin": 19, "end": 26}}, {"predicate": "递延所得税负债", "object_type": "金额", "subject_type": "日期", "object": "35.80万元", "subject": "报告期各期末", "subject_index": {"begin": 0, "end": 6}, "object_index": {"begin": 27, "end": 34}}, {"predicate": "递延所得税负债", "object_type": "金额", "subject_type": "日期", "object": "30.32万元", "subject": "报告期各期末", "subject_index": {"begin": 0, "end": 6}, "object_index": {"begin": 35, "end": 42}}, {"predicate": "递延所得税负债", "object_type": "金额", "subject_type": "日期", "object": "27.58万元", "subject": "报告期各期末", "subject_index": {"begin": 0, "end": 6}, "object_index": {"begin": 43, "end": 50}}]}
{"text": "报告期内，公司息税折旧摊销前利润分别为14,254.21万元、15,396.78万元、14,156.10万元和8,187.68万元，反映了公司良好的盈利能力。", "spo_list": [{"predicate": "息税折旧摊销前利润", "object_type": "金额", "subject_type": "日期", "object": "14,254.21万元", "subject": "报告期内", "subject_index": {"begin": 0, "end": 4}, "object_index": {"begin": 19, "end": 30}}, {"predicate": "息税折旧摊销前利润", "object_type": "金额", "subject_type": "日期", "object": "15,396.78万元", "subject": "报告期内", "subject_index": {"begin": 0, "end": 4}, "object_index": {"begin": 31, "end": 42}}, {"predicate": "息税折旧摊销前利润", "object_type": "金额", "subject_type": "日期", "object": "14,156.10万元", "subject": "报告期内", "subject_index": {"begin": 0, "end": 4}, "object_index": {"begin": 43, "end": 54}}, {"predicate": "息税折旧摊销前利润", "object_type": "金额", "subject_type": "日期", "object": "8,187.68万元", "subject": "报告期内", "subject_index": {"begin": 0, "end": 4}, "object_index": {"begin": 55, "end": 65}}]}
{"text": "报告期内，公司应收账款周转率分别为18.15次、17.09次、12.24次和3.33次（年化后为6.66次），周转率较高，周转速度较快，主要原因是各期的应收账款余额较低。", "spo_list": [{"predicate": "应收账款周转率", "object_type": "日期", "subject_type": "比率", "object": "报告期内", "subject": "18.15次", "subject_index": {"begin": 17, "end": 23}, "object_index": {"begin": 0, "end": 4}}, {"predicate": "应收账款周转率", "object_type": "日期", "subject_type": "比率", "object": "报告期内", "subject": "17.09次", "subject_index": {"begin": 24, "end": 30}, "object_index": {"begin": 0, "end": 4}}, {"predicate": "应收账款周转率", "object_type": "日期", "subject_type": "比率", "object": "报告期内", "subject": "12.24次", "subject_index": {"begin": 31, "end": 37}, "object_index": {"begin": 0, "end": 4}}, {"predicate": "应收账款周转率", "object_type": "日期", "subject_type": "比率", "object": "报告期内", "subject": "3.33次", "subject_index": {"begin": 38, "end": 43}, "object_index": {"begin": 0, "end": 4}}]}
{"text": "报告期内，公司期间费用总额分别为12,920.43万元、14,789.10万元、13,890.22万元和6,226.82万元，分别为当期营业收入的24.18%、25.87%、28.75%和30.63%。报告期内，公司期间费用及占当期营业收入比例变动情况如下：", "spo_list": [{"predicate": "期间费用", "object_type": "金额", "subject_type": "日期", "object": "12,920.43万元", "subject": "报告期内", "subject_index": {"begin": 0, "end": 4}, "object_index": {"begin": 16, "end": 27}}, {"predicate": "期间费用", "object_type": "金额", "subject_type": "日期", "object": "14,789.10万元", "subject": "报告期内", "subject_index": {"begin": 0, "end": 4}, "object_index": {"begin": 28, "end": 39}}, {"predicate": "期间费用", "object_type": "金额", "subject_type": "日期", "object": "13,890.22万元", "subject": "报告期内", "subject_index": {"begin": 0, "end": 4}, "object_index": {"begin": 40, "end": 51}}, {"predicate": "期间费用", "object_type": "金额", "subject_type": "日期", "object": "6,226.82万元", "subject": "报告期内", "subject_index": {"begin": 0, "end": 4}, "object_index": {"begin": 52, "end": 62}}]}
{"text": "报告期内，公司销售费用中销售服务费分别为47.95万元、27.48万元、48.32万元和4.52万元，占营业收入的比例分别为0.09%、0.05%、0.10%和0.02%，占比较小，销售服务费的主要内容是售后服务及相关费用。", "spo_list": [{"predicate": "销售费用", "object_type": "金额", "subject_type": "日期", "object": "47.95万元", "subject": "报告期内", "subject_index": {"begin": 0, "end": 4}, "object_index": {"begin": 20, "end": 27}}, {"predicate": "销售费用", "object_type": "金额", "subject_type": "日期", "object": "27.48万元", "subject": "报告期内", "subject_index": {"begin": 0, "end": 4}, "object_index": {"begin": 28, "end": 35}}, {"predicate": "销售费用", "object_type": "金额", "subject_type": "日期", "object": "48.32万元", "subject": "报告期内", "subject_index": {"begin": 0, "end": 4}, "object_index": {"begin": 36, "end": 43}}, {"predicate": "销售费用", "object_type": "金额", "subject_type": "日期", "object": "4.52万元", "subject": "报告期内", "subject_index": {"begin": 0, "end": 4}, "object_index": {"begin": 44, "end": 50}}]}
{"text": "报告期内，公司营业外收入分别为473.83万元、704.81万元、963.31万元和3,292.44万元，全部计入当期非经常性损益，2013年-2015年主要为政府补助；2016年1-6月主要为政府补助、固定资产处置利得，其中固定资产处置利得为：子公司新余国泰根据政府规划及行业主管部门要求，进行异地搬迁技术改造，2016年2月收到土地房屋征收补偿7,788.44万元，征收补偿款与老厂搬迁土地、房屋、设备净额差异2,101.06万元计入营业外收入。", "spo_list": [{"predicate": "营业外收入", "object_type": "金额", "subject_type": "日期", "object": "473.83万元", "subject": "报告期内", "subject_index": {"begin": 0, "end": 4}, "object_index": {"begin": 15, "end": 23}}, {"predicate": "营业外收入", "object_type": "金额", "subject_type": "日期", "object": "704.81万元", "subject": "报告期内", "subject_index": {"begin": 0, "end": 4}, "object_index": {"begin": 24, "end": 32}}, {"predicate": "营业外收入", "object_type": "金额", "subject_type": "日期", "object": "963.31万元", "subject": "报告期内", "subject_index": {"begin": 0, "end": 4}, "object_index": {"begin": 33, "end": 41}}, {"predicate": "营业外收入", "object_type": "金额", "subject_type": "日期", "object": "3,292.44万元", "subject": "报告期内", "subject_index": {"begin": 0, "end": 4}, "object_index": {"begin": 42, "end": 52}}]}
{"text": "报告期内，公司营业外支出分别为160.86万元、744.65万元、211.83万元和50.43万元。", "spo_list": [{"predicate": "营业外支出", "object_type": "金额", "subject_type": "日期", "object": "160.86万元", "subject": "报告期内", "subject_index": {"begin": 0, "end": 4}, "object_index": {"begin": 15, "end": 23}}, {"predicate": "营业外支出", "object_type": "金额", "subject_type": "日期", "object": "744.65万元", "subject": "报告期内", "subject_index": {"begin": 0, "end": 4}, "object_index": {"begin": 24, "end": 32}}, {"predicate": "营业外支出", "object_type": "金额", "subject_type": "日期", "object": "211.83万元", "subject": "报告期内", "subject_index": {"begin": 0, "end": 4}, "object_index": {"begin": 33, "end": 41}}, {"predicate": "营业外支出", "object_type": "金额", "subject_type": "日期", "object": "50.43万元", "subject": "报告期内", "subject_index": {"begin": 0, "end": 4}, "object_index": {"begin": 42, "end": 49}}]}
{"text": "报告期内，公司筹资活动现金流量净额分别为-3,254.40万元、-324.30万元、425.69万元和-2,244.35万元，筹资活动产生的现金流入以吸收投资和银行", "spo_list": [{"predicate": "公司筹资活动产生的现金流量净额", "object_type": "金额", "subject_type": "日期", "object": "-3,254.40万元", "subject": "报告期内", "subject_index": {"begin": 0, "end": 4}, "object_index": {"begin": 20, "end": 31}}, {"predicate": "公司筹资活动产生的现金流量净额", "object_type": "金额", "subject_type": "日期", "object": "-324.30万元", "subject": "报告期内", "subject_index": {"begin": 0, "end": 4}, "object_index": {"begin": 32, "end": 41}}, {"predicate": "公司筹资活动产生的现金流量净额", "object_type": "金额", "subject_type": "日期", "object": "425.69万元", "subject": "报告期内", "subject_index": {"begin": 0, "end": 4}, "object_index": {"begin": 42, "end": 50}}, {"predicate": "公司筹资活动产生的现金流量净额", "object_type": "金额", "subject_type": "日期", "object": "-2,244.35万元", "subject": "报告期内", "subject_index": {"begin": 0, "end": 4}, "object_index": {"begin": 51, "end": 62}}]}
{"text": "报告期内，公司“管理费用—研究开发费”分别为891.39万元、1,817.56万元、1,877.60万元和810.07万元，绝对额及占营业收入比例逐年增长，增长主要原因如下：", "spo_list": [{"predicate": "研发费用", "object_type": "金额", "subject_type": "日期", "object": "810.07万元", "subject": "报告期内", "subject_index": {"begin": 0, "end": 4}, "object_index": {"begin": 53, "end": 61}}, {"predicate": "研发费用", "object_type": "金额", "subject_type": "日期", "object": "891.39万元", "subject": "报告期内", "subject_index": {"begin": 0, "end": 4}, "object_index": {"begin": 22, "end": 30}}, {"predicate": "研发费用", "object_type": "金额", "subject_type": "日期", "object": "1,817.56万元", "subject": "报告期内", "subject_index": {"begin": 0, "end": 4}, "object_index": {"begin": 31, "end": 41}}, {"predicate": "研发费用", "object_type": "金额", "subject_type": "日期", "object": "1,877.60万元", "subject": "报告期内", "subject_index": {"begin": 0, "end": 4}, "object_index": {"begin": 42, "end": 52}}]}
{"text": "2016年6月末，应付账款中未结算工程款为3,894.48万元。", "spo_list": [{"predicate": "应付账款余额", "object_type": "金额", "subject_type": "日期", "object": "3,894.48万元", "subject": "2016年6月末", "subject_index": {"begin": 0, "end": 8}, "object_index": {"begin": 21, "end": 31}}]}
{"text": "截至2016年6月30日，省外客户应收账款余额合计达3,171.68万元；③子公司五洲爆破业务发展较快，同比增长102.60%，由于爆破行业自身特点，爆破业务结算周期较长导致应收账款余额较大。", "spo_list": [{"predicate": "应收账款净额", "object_type": "金额", "subject_type": "日期", "object": "3,171.68万元", "subject": "2016年6月30日", "subject_index": {"begin": 2, "end": 12}, "object_index": {"begin": 26, "end": 36}}]}
{"text": "报告期各期末，公司的预付款项账面价值分别为934.02万元、798.49万元、406.59万元和662.65万元，", "spo_list": [{"predicate": "预付款项", "object_type": "金额", "subject_type": "日期", "object": "662.65万元", "subject": "报告期各期末", "subject_index": {"begin": 0, "end": 6}, "object_index": {"begin": 48, "end": 56}}, {"predicate": "预付款项", "object_type": "金额", "subject_type": "日期", "object": "406.59万元", "subject": "报告期各期末", "subject_index": {"begin": 0, "end": 6}, "object_index": {"begin": 39, "end": 47}}, {"predicate": "预付款项", "object_type": "金额", "subject_type": "日期", "object": "798.49万元", "subject": "报告期各期末", "subject_index": {"begin": 0, "end": 6}, "object_index": {"begin": 30, "end": 38}}, {"predicate": "预付款项", "object_type": "金额", "subject_type": "日期", "object": "934.02万元", "subject": "报告期各期末", "subject_index": {"begin": 0, "end": 6}, "object_index": {"begin": 21, "end": 29}}]}
{"text": "2015年年末，公司其他应收款较2014年末增加231.87万元，增幅为165.17%，主要原因是保证金、押金、员工借备用金及其他往来款增加所致。2014年年末，公司其他应收款较2013年末增加67.39万元，增幅为92.32%，主要原因是：应收兴国县龙口镇财政所往来款项增加及支付项目保证金增加所致。2013年末，公司其他应收款较2012年末减少179.69万元，减幅为71.11%，主要原因是：公司收回鑫安化工、湖南长斧众和科技有限公司、江西钢丝厂及新余国科等单位的欠款所致。", "spo_list": [{"predicate": "应收账款净额", "object_type": "金额", "subject_type": "日期", "object": "231.87万元", "subject": "2015年年末", "subject_index": {"begin": 0, "end": 7}, "object_index": {"begin": 24, "end": 32}}, {"predicate": "应收账款净额", "object_type": "金额", "subject_type": "日期", "object": "67.39万元", "subject": "2014年年末", "subject_index": {"begin": 73, "end": 80}, "object_index": {"begin": 97, "end": 104}}]}
{"text": "报告期内，公司在建工程分别为3,577.90万元、12,368.65万元、9,453.33万元和6,698.91万元，占非流动资产比例分别为8.94%、23.76%、13.87%和9.87%。", "spo_list": [{"predicate": "在建工程余额", "object_type": "金额", "subject_type": "日期", "object": "12,368.65万元", "subject": "报告期内", "subject_index": {"begin": 0, "end": 4}, "object_index": {"begin": 25, "end": 36}}, {"predicate": "在建工程余额", "object_type": "金额", "subject_type": "日期", "object": "3,577.90万元", "subject": "报告期内", "subject_index": {"begin": 0, "end": 4}, "object_index": {"begin": 14, "end": 24}}, {"predicate": "在建工程余额", "object_type": "金额", "subject_type": "日期", "object": "9,453.33万元", "subject": "报告期内", "subject_index": {"begin": 0, "end": 4}, "object_index": {"begin": 37, "end": 47}}, {"predicate": "在建工程余额", "object_type": "金额", "subject_type": "日期", "object": "6,698.91万元", "subject": "报告期内", "subject_index": {"begin": 0, "end": 4}, "object_index": {"begin": 48, "end": 58}}]}
{"text": "报告期各期末，公司其他非流动性资产账面价值分别为0万元、985.30万元、1,349.68万元和798.18万元，主要是由于公司自2014年起将预付购置设备和工程建设等款项列示于该项目。", "spo_list": [{"predicate": "其他流动资产", "object_type": "金额", "subject_type": "日期", "object": "0万元", "subject": "报告期各期末", "subject_index": {"begin": 0, "end": 6}, "object_index": {"begin": 24, "end": 27}}, {"predicate": "非流动资产", "object_type": "金额", "subject_type": "日期", "object": "985.30万元", "subject": "报告期各期末", "subject_index": {"begin": 0, "end": 6}, "object_index": {"begin": 28, "end": 36}}, {"predicate": "其他流动资产", "object_type": "金额", "subject_type": "日期", "object": "1,349.68万元", "subject": "报告期各期末", "subject_index": {"begin": 0, "end": 6}, "object_index": {"begin": 37, "end": 47}}, {"predicate": "其他流动资产", "object_type": "金额", "subject_type": "日期", "object": "798.18万元", "subject": "报告期各期末", "subject_index": {"begin": 0, "end": 6}, "object_index": {"begin": 48, "end": 56}}]}
{"text": "报告期内，公司短期借款余额从4,500.00万元增加到13,500.00万元，主要原因为随着生产经营规模的扩大及搬迁技改工程的实施，公司对流动资金的需求增加，相应增加了银行借款。", "spo_list": [{"predicate": "短期借款余额", "object_type": "金额", "subject_type": "日期", "object": "13,500.00万元", "subject": "报告期内", "subject_index": {"begin": 0, "end": 4}, "object_index": {"begin": 27, "end": 38}}, {"predicate": "短期借款余额", "object_type": "金额", "subject_type": "日期", "object": "4,500.00万元", "subject": "报告期内", "subject_index": {"begin": 0, "end": 4}, "object_index": {"begin": 14, "end": 24}}]}
{"text": "报告期各期末，公司应付票据余额分别为0万元、0万元、0万元和690.00万元。报告期各期末，公司应付账款余额分别为2,929.71万元、2,718.08万元、5,237.84万元和7,177.85万元。", "spo_list": [{"predicate": "应付票据", "object_type": "金额", "subject_type": "日期", "object": "0万元", "subject": "报告期各期末", "subject_index": {"begin": 0, "end": 6}, "object_index": {"begin": 18, "end": 21}}, {"predicate": "应付票据", "object_type": "金额", "subject_type": "日期", "object": "0万元", "subject": "报告期各期末", "subject_index": {"begin": 0, "end": 6}, "object_index": {"begin": 22, "end": 25}}, {"predicate": "应付票据", "object_type": "金额", "subject_type": "日期", "object": "0万元", "subject": "报告期各期末", "subject_index": {"begin": 0, "end": 6}, "object_index": {"begin": 26, "end": 29}}, {"predicate": "应付票据", "object_type": "金额", "subject_type": "日期", "object": "690.00万元", "subject": "报告期各期末", "subject_index": {"begin": 0, "end": 6}, "object_index": {"begin": 30, "end": 38}}, {"predicate": "应收账款净额", "object_type": "金额", "subject_type": "日期", "object": "2,929.71万元", "subject": "报告期各期末", "subject_index": {"begin": 0, "end": 6}, "object_index": {"begin": 57, "end": 67}}, {"predicate": "应收账款净额", "object_type": "金额", "subject_type": "日期", "object": "2,718.08万元", "subject": "报告期各期末", "subject_index": {"begin": 0, "end": 6}, "object_index": {"begin": 68, "end": 78}}, {"predicate": "应收账款净额", "object_type": "金额", "subject_type": "日期", "object": "5,237.84万元", "subject": "报告期各期末", "subject_index": {"begin": 0, "end": 6}, "object_index": {"begin": 79, "end": 89}}, {"predicate": "应收账款净额", "object_type": "金额", "subject_type": "日期", "object": "7,177.85万元", "subject": "报告期各期末", "subject_index": {"begin": 0, "end": 6}, "object_index": {"begin": 90, "end": 100}}]}
{"text": "报告期各期末，公司其他应付款余额分别为1,132.49万元、1,366.28万元、632.58万元和766.86万元，占流动负债的比例分别为7.46%、7.06%、2.29%和2.94%，主要为各类保证金及押金、租金、安全风险金、其他往来款等。", "spo_list": [{"predicate": "应付账款余额", "object_type": "金额", "subject_type": "日期", "object": "1,132.49万元", "subject": "报告期各期末", "subject_index": {"begin": 0, "end": 6}, "object_index": {"begin": 19, "end": 29}}, {"predicate": "应付账款余额", "object_type": "金额", "subject_type": "日期", "object": "1,366.28万元", "subject": "报告期各期末", "subject_index": {"begin": 0, "end": 6}, "object_index": {"begin": 30, "end": 40}}, {"predicate": "其他应付款余额", "object_type": "金额", "subject_type": "日期", "object": "632.58万元", "subject": "报告期各期末", "subject_index": {"begin": 0, "end": 6}, "object_index": {"begin": 41, "end": 49}}, {"predicate": "其他应付款余额", "object_type": "金额", "subject_type": "日期", "object": "766.86万元", "subject": "报告期各期末", "subject_index": {"begin": 0, "end": 6}, "object_index": {"begin": 50, "end": 58}}]}
{"text": "赣州国泰搬迁技改已于2015年6月投产，按资产预计平均使用寿命10年确认补助收益，2015年增加利润总额62.97万元，2016年1-6月增加利润总额66.30万元，资产摊销期内以后每会计年度将增加利润总额132.60万元。", "spo_list": [{"predicate": "营业利润", "object_type": "金额", "subject_type": "日期", "object": "66.30万元", "subject": "2016年1-6月", "subject_index": {"begin": 60, "end": 69}, "object_index": {"begin": 75, "end": 82}}, {"predicate": "营业利润", "object_type": "金额", "subject_type": "日期", "object": "62.97万元", "subject": "2015年", "subject_index": {"begin": 41, "end": 46}, "object_index": {"begin": 52, "end": 59}}]}
{"text": "报告期各期末，公司流动比率分别为1.69、1.34、0.81和1.02，速动比率分别为1.46、1.15、0.68和0.87，公司资产具有较好的流动性，短期偿债能力较强。", "spo_list": [{"predicate": "速动比率", "object_type": "日期", "subject_type": "比率", "object": "报告期各期末", "subject": "0.87", "subject_index": {"begin": 58, "end": 62}, "object_index": {"begin": 0, "end": 6}}, {"predicate": "速动比率", "object_type": "日期", "subject_type": "比率", "object": "报告期各期末", "subject": "0.68", "subject_index": {"begin": 53, "end": 57}, "object_index": {"begin": 0, "end": 6}}, {"predicate": "速动比率", "object_type": "日期", "subject_type": "比率", "object": "报告期各期末", "subject": "1.15", "subject_index": {"begin": 48, "end": 52}, "object_index": {"begin": 0, "end": 6}}, {"predicate": "速动比率", "object_type": "日期", "subject_type": "比率", "object": "报告期各期末", "subject": "1.46", "subject_index": {"begin": 43, "end": 47}, "object_index": {"begin": 0, "end": 6}}]}
{"text": "报告期内，公司应收账款周转率分别为18.15次、17.09次、12.24次和3.33次（年化后为6.66次）。", "spo_list": [{"predicate": "应收账款周转率", "object_type": "日期", "subject_type": "比率", "object": "报告期内", "subject": "18.15次", "subject_index": {"begin": 17, "end": 23}, "object_index": {"begin": 0, "end": 4}}, {"predicate": "应收账款周转率", "object_type": "日期", "subject_type": "比率", "object": "报告期内", "subject": "17.09次", "subject_index": {"begin": 24, "end": 30}, "object_index": {"begin": 0, "end": 4}}, {"predicate": "应收账款周转率", "object_type": "日期", "subject_type": "比率", "object": "报告期内", "subject": "12.24次", "subject_index": {"begin": 31, "end": 37}, "object_index": {"begin": 0, "end": 4}}, {"predicate": "应收账款周转率", "object_type": "日期", "subject_type": "比率", "object": "报告期内", "subject": "3.33次", "subject_index": {"begin": 38, "end": 43}, "object_index": {"begin": 0, "end": 4}}]}
{"text": "报告期内，公司存货周转率分别为7.54次、8.11次、6.59次和3.10次（年化后为6.20次）。", "spo_list": [{"predicate": "存货周转率", "object_type": "日期", "subject_type": "比率", "object": "报告期内", "subject": "7.54次", "subject_index": {"begin": 15, "end": 20}, "object_index": {"begin": 0, "end": 4}}, {"predicate": "存货周转率", "object_type": "日期", "subject_type": "比率", "object": "报告期内", "subject": "8.11次", "subject_index": {"begin": 21, "end": 26}, "object_index": {"begin": 0, "end": 4}}, {"predicate": "存货周转率", "object_type": "日期", "subject_type": "比率", "object": "报告期内", "subject": "6.59次", "subject_index": {"begin": 27, "end": 32}, "object_index": {"begin": 0, "end": 4}}, {"predicate": "存货周转率", "object_type": "日期", "subject_type": "比率", "object": "报告期内", "subject": "3.10次", "subject_index": {"begin": 33, "end": 38}, "object_index": {"begin": 0, "end": 4}}]}
{"text": "报告期内，公司销售费用主要是运输装卸费、职工薪酬和业务招待费等，报告期内销售费用分别为4,177.95万元、3,893.42万元、3,285.84万元和1,515.22万元。", "spo_list": [{"predicate": "销售费用", "object_type": "金额", "subject_type": "日期", "object": "4,177.95万元", "subject": "报告期内", "subject_index": {"begin": 0, "end": 4}, "object_index": {"begin": 43, "end": 53}}, {"predicate": "销售费用", "object_type": "金额", "subject_type": "日期", "object": "3,893.42万元", "subject": "报告期内", "subject_index": {"begin": 0, "end": 4}, "object_index": {"begin": 54, "end": 64}}, {"predicate": "销售费用", "object_type": "金额", "subject_type": "日期", "object": "3,285.84万元", "subject": "报告期内", "subject_index": {"begin": 0, "end": 4}, "object_index": {"begin": 65, "end": 75}}, {"predicate": "销售费用", "object_type": "金额", "subject_type": "日期", "object": "1,515.22万元", "subject": "报告期内", "subject_index": {"begin": 0, "end": 4}, "object_index": {"begin": 76, "end": 86}}]}
{"text": "报告期内，公司资产减值损失分别为144.93万元、445.64万元、95.38万元和79.85万元，均为应收款项计提的坏账准备和固定资产减值损失形成。2015年公司资产减值损失较2014年减少的原因为：2015年应收账款坏账损失减少及不存在固定资产减值损失", "spo_list": [{"predicate": "资产减值损失", "object_type": "金额", "subject_type": "日期", "object": "79.85万元", "subject": "报告期内", "subject_index": {"begin": 0, "end": 4}, "object_index": {"begin": 42, "end": 49}}, {"predicate": "资产减值损失", "object_type": "金额", "subject_type": "日期", "object": "144.93万元", "subject": "报告期内", "subject_index": {"begin": 0, "end": 4}, "object_index": {"begin": 16, "end": 24}}, {"predicate": "资产减值损失", "object_type": "金额", "subject_type": "日期", "object": "445.64万元", "subject": "报告期内", "subject_index": {"begin": 0, "end": 4}, "object_index": {"begin": 25, "end": 33}}, {"predicate": "资产减值损失", "object_type": "金额", "subject_type": "日期", "object": "95.38万元", "subject": "报告期内", "subject_index": {"begin": 0, "end": 4}, "object_index": {"begin": 34, "end": 41}}]}
{"text": "报告期内，公司非经常性损益分别为443.63万元、-1,049.70万元、152.48万元和3,257.20万元。2016年1-6月非经常性损益对利润总额的影响较多主要原因是政府补助及非流动资产处置收益较多所致，具体详见本节“二、盈利能力分析”之“（三）利润表逐项分析”之“6、营业外收支”之“（1）营业外收入”；2014年非经营性损益对利润总额的影响比2013年增加较多主要原因是赣州国泰2014年度发生职工安置费用1,147.65万元及吉安国泰2014年发生膨化炸药生产线等固定资产报废损失554.73万元所致。", "spo_list": [{"predicate": "非经常性损益", "object_type": "金额", "subject_type": "日期", "object": "443.63万元", "subject": "报告期内", "subject_index": {"begin": 0, "end": 4}, "object_index": {"begin": 16, "end": 24}}, {"predicate": "非经常性损益", "object_type": "金额", "subject_type": "日期", "object": "-1,049.70万元", "subject": "报告期内", "subject_index": {"begin": 0, "end": 4}, "object_index": {"begin": 25, "end": 36}}, {"predicate": "非经常性损益", "object_type": "金额", "subject_type": "日期", "object": "152.48万元", "subject": "报告期内", "subject_index": {"begin": 0, "end": 4}, "object_index": {"begin": 37, "end": 45}}, {"predicate": "非经常性损益", "object_type": "金额", "subject_type": "日期", "object": "3,257.20万元", "subject": "报告期内", "subject_index": {"begin": 0, "end": 4}, "object_index": {"begin": 46, "end": 56}}]}
