{"text": "2001年、2002年及2003年，公司研究开发投入分别为250.91万元、447.15万元、810.15万元，分别占主营业务收入3.13％、3.06％、4.25%。", "spo_list": [{"predicate": "研发费用", "object_type": "金额", "subject_type": "日期", "object": "250.91万元", "subject": "2001年", "subject_index": {"begin": 0, "end": 5}, "object_index": {"begin": 29, "end": 37}}, {"predicate": "研发费用", "object_type": "金额", "subject_type": "日期", "object": "447.15万元", "subject": "2002年", "subject_index": {"begin": 6, "end": 11}, "object_index": {"begin": 38, "end": 46}}, {"predicate": "研发费用", "object_type": "金额", "subject_type": "日期", "object": "810.15万元", "subject": "2003年", "subject_index": {"begin": 12, "end": 17}, "object_index": {"begin": 47, "end": 55}}]}
{"text": "本公司长期待摊费用2001年期初数为2,114,596.38元，其中：开办费1,554,386.29元，原按10年摊销，现根据《企业会计制度》规定，从2001年起改为一次性进入本期损益；用于长江西路665号的租入厂房及办公室的装修及场地的平整支出772910.77元,至2000年底累计摊销212700.68元,2001年初余额为560,210.09元，因于2001年底不再使用，以后年度不再受益，故于2001年度一次进入当期损益。", "spo_list": [{"predicate": "长期待摊费用", "object_type": "金额", "subject_type": "日期", "object": "2,114,596.38元", "subject": "2001年", "subject_index": {"begin": 9, "end": 14}, "object_index": {"begin": 18, "end": 31}}]}
{"text": "2001年度共实现净利润10,068,171.03元，根据2001年度公司股东大会决议,分别按净利润的10％、5％提取法定盈余公积1,006,817.10元、公益金503,408.55元。加上年初未分配利润609,469.65元，合计9,167,415.03元由新老股东享有。", "spo_list": [{"predicate": "盈余公积", "object_type": "金额", "subject_type": "日期", "object": "1,006,817.10元", "subject": "2001年度", "subject_index": {"begin": 29, "end": 35}, "object_index": {"begin": 65, "end": 78}}, {"predicate": "未分配利润", "object_type": "金额", "subject_type": "日期", "object": "609,469.65元", "subject": "2001年度", "subject_index": {"begin": 29, "end": 35}, "object_index": {"begin": 103, "end": 114}}]}
{"text": "公司2003年投资活动产生的现金流量净额为-5724.90万元，其中：处置固定资产而收到的现金净额为0万元，收到的其他与投资活动有关的现金分别为0万元，购建固定资产和其他长期资产所支付的现金为4624.90万元，投资支付的现金1100.00万元。", "spo_list": [{"predicate": "公司投资活动产生的现金流量净额", "object_type": "金额", "subject_type": "日期", "object": "-5724.90万元", "subject": "2003年", "subject_index": {"begin": 2, "end": 7}, "object_index": {"begin": 21, "end": 31}}]}
{"text": "2001年度财务报表差异分析:注1.应收账款差异-341,186.43元,原因为补计提坏帐准备-341,186.43元。注2.其他应收款差异-9,226.98元,原因为补计提坏帐准备-9,226.98元。注3.应付帐款差异1,209,945.60元，系由于公司将当年应付运费、返利费记入下一年度,本次审计对其进行了调整，其中应付返利839,945.60元;运费344,100.00元,进项税25,900.00元。", "spo_list": [{"predicate": "应收账款净额", "object_type": "金额", "subject_type": "日期", "object": "-341,186.43元", "subject": "2001年", "subject_index": {"begin": 0, "end": 5}, "object_index": {"begin": 24, "end": 36}}, {"predicate": "坏账准备", "object_type": "金额", "subject_type": "日期", "object": "-341,186.43元", "subject": "2001年", "subject_index": {"begin": 0, "end": 5}, "object_index": {"begin": 47, "end": 59}}, {"predicate": "应收账款净额", "object_type": "金额", "subject_type": "日期", "object": "-9,226.98元", "subject": "2001年", "subject_index": {"begin": 0, "end": 5}, "object_index": {"begin": 70, "end": 80}}, {"predicate": "坏账准备", "object_type": "金额", "subject_type": "日期", "object": "-9,226.98元", "subject": "2001年", "subject_index": {"begin": 0, "end": 5}, "object_index": {"begin": 91, "end": 101}}, {"predicate": "应收账款净额", "object_type": "金额", "subject_type": "日期", "object": "1,209,945.60元", "subject": "2001年", "subject_index": {"begin": 0, "end": 5}, "object_index": {"begin": 111, "end": 124}}]}
{"text": "公司2003年12月31日流动负债，主要为短期借款4000万元、应付票据2036.72万元、应付账款862.90万元、一年以内到期的长期负债4100万元，总计占流动负债总额90.68％。", "spo_list": [{"predicate": "应收票据", "object_type": "金额", "subject_type": "日期", "object": "2036.72万", "subject": "2003年12月31日", "subject_index": {"begin": 2, "end": 13}, "object_index": {"begin": 36, "end": 44}}, {"predicate": "应付账款", "object_type": "金额", "subject_type": "日期", "object": "862.90万元", "subject": "2003年12月31日", "subject_index": {"begin": 2, "end": 13}, "object_index": {"begin": 50, "end": 58}}]}
{"text": "）截至2003年12月31日，公司的应收账款为2647.21万元，主要是公司的长期合作伙伴，且账龄大多为2年以下，1年以内的占84.08％，2003年应收账款周转率为7.93次，平均周转天数45天，公司应收账款质量较好；", "spo_list": [{"predicate": "应收账款净额", "object_type": "金额", "subject_type": "日期", "object": "2647.21万元", "subject": "2003年12月31日", "subject_index": {"begin": 3, "end": 14}, "object_index": {"begin": 23, "end": 32}}]}
{"text": "公司2003年12月31日固定资产余额为9720.04万元，提取固定资产减值准备18.80万元；存货为2306.78万元，提取存货跌价准备为0；应收账款合计为2647.21万元，提取坏账准备176.45万元，准备提取比例为1年以内5%、1-2年7%、2-3年15%、3-4年30%、4-5年50%、5年以上100%。三项减值准备提取比例都较低。", "spo_list": [{"predicate": "固定资产账面价值", "object_type": "金额", "subject_type": "日期", "object": "18.80万元", "subject": "2003年12月31日", "subject_index": {"begin": 2, "end": 13}, "object_index": {"begin": 40, "end": 47}}, {"predicate": "存货跌价准备", "object_type": "金额", "subject_type": "日期", "object": "0", "subject": "2003年12月31日", "subject_index": {"begin": 2, "end": 13}, "object_index": {"begin": 70, "end": 71}}, {"predicate": "应收账款净额", "object_type": "金额", "subject_type": "日期", "object": "2647.21万元", "subject": "2003年12月31日", "subject_index": {"begin": 2, "end": 13}, "object_index": {"begin": 79, "end": 88}}, {"predicate": "坏账准备", "object_type": "金额", "subject_type": "日期", "object": "176.45万元", "subject": "2003年12月31日", "subject_index": {"begin": 2, "end": 13}, "object_index": {"begin": 95, "end": 103}}]}
{"text": "2001年、2002年及2003年，公司研究开发投入分别为250.91万元、447.14万元、810.15万元，分别占主营业务收入3.13％、3.06%、4.25%。主要用于技术改造、新品开发、人员培训和设备添置。", "spo_list": [{"predicate": "研发费用", "object_type": "金额", "subject_type": "日期", "object": "810.15万元", "subject": "2003年", "subject_index": {"begin": 12, "end": 17}, "object_index": {"begin": 47, "end": 55}}, {"predicate": "研发费用", "object_type": "金额", "subject_type": "日期", "object": "447.14万元", "subject": "2002年", "subject_index": {"begin": 6, "end": 11}, "object_index": {"begin": 38, "end": 46}}, {"predicate": "研发费用", "object_type": "金额", "subject_type": "日期", "object": "250.91万元", "subject": "2001年", "subject_index": {"begin": 0, "end": 5}, "object_index": {"begin": 29, "end": 37}}]}
{"text": ")2001年期末数为零，期初在建工程4,375,389.46元，当期增加58,118,299.91元,并于当期全部转入固定资产。当期在建工程用长期借款购入四条生产线，其中：UC500第1条生产线占用资金176万元，建设期约0.5个月,利息资本化4,772.31元；UC500第2、3条生产线占用资金2,014,49万元，建设期约2.3个月,利息资本化247,767.23元；UC850生产线占用资金1,661.54万元，建设期约4.3个月,利息资本化383,385.32元，共计资本化利息635,874.86元。", "spo_list": [{"predicate": "在建工程净额", "object_type": "金额", "subject_type": "日期", "object": "4,375,389.46元", "subject": "2001年", "subject_index": {"begin": 1, "end": 6}, "object_index": {"begin": 18, "end": 31}}]}
{"text": "截止2003年12月31日本公司有形资产净值为246,415,921.60元。", "spo_list": [{"predicate": "无形资产", "object_type": "金额", "subject_type": "日期", "object": "246,415,921.60元", "subject": "2003年12月31日", "subject_index": {"begin": 2, "end": 13}, "object_index": {"begin": 23, "end": 38}}]}
{"text": "（2）2002年度共实现净利润19,441,318.48元，根据2002年度公司股东大会决议,分别按净利润的10％、5％提取法定盈余公积1,944,131.85元、公益金972,065.92元。加上年初未分配利润9,167,415.03元，合计25,692,535.74元由新老股东享有", "spo_list": [{"predicate": "未分配利润", "object_type": "金额", "subject_type": "日期", "object": "9,167,415.03元", "subject": "2002年度", "subject_index": {"begin": 3, "end": 9}, "object_index": {"begin": 106, "end": 119}}]}
{"text": "公司2003年筹资活动产生的现金流量净额为5392.58万元，其中：取得借款所收到的现金为8000.00万元，收到的其他与筹资活动有关的现金为120.00万元，偿还债务所支付的现金2250.00万元，分配利润、偿付利息所支付的现金为477.42万元。", "spo_list": [{"predicate": "公司筹资活动产生的现金流量净额", "object_type": "金额", "subject_type": "日期", "object": "5392.58万元", "subject": "2003年", "subject_index": {"begin": 2, "end": 7}, "object_index": {"begin": 21, "end": 30}}, {"predicate": "公司筹资活动产生的现金流量净额", "object_type": "金额", "subject_type": "日期", "object": "120.00万元", "subject": "2003年", "subject_index": {"begin": 2, "end": 7}, "object_index": {"begin": 71, "end": 79}}, {"predicate": "应付利息", "object_type": "金额", "subject_type": "日期", "object": "477.42万元", "subject": "2003年", "subject_index": {"begin": 2, "end": 7}, "object_index": {"begin": 116, "end": 124}}]}
{"text": "2003年12月31日，公司提取坏账准备176.45万元，", "spo_list": [{"predicate": "坏账准备", "object_type": "金额", "subject_type": "日期", "object": "176.45万元", "subject": "2003年12月31日", "subject_index": {"begin": 0, "end": 11}, "object_index": {"begin": 20, "end": 28}}]}
{"text": "2001－2003年，公司应收账款周转率分别为5.92次、6.93次、7.93次；存货周转率分别为6.39次、10.67次、7.71次；总资产周转率分别为0.95次、0.93次、0.85次。上述指标显示出公司资产运行质量较高。2001年－2003年，公司固定资产周转率分别为1.63次、1.53次、1.42次，增长率逐渐降低主要是近三年公司为抓住市场机遇增加了一些新设备及国通工业园等在建工程尚未开始充分发挥效用，但是固定资产增长率仍然属于较高水平。", "spo_list": [{"predicate": "应收账款周转率", "object_type": "日期", "subject_type": "比率", "object": "2001－2003年", "subject": "5.92次", "subject_index": {"begin": 23, "end": 28}, "object_index": {"begin": 0, "end": 10}}, {"predicate": "应收账款周转率", "object_type": "日期", "subject_type": "比率", "object": "2001－2003年", "subject": "6.93次", "subject_index": {"begin": 29, "end": 34}, "object_index": {"begin": 0, "end": 10}}, {"predicate": "应收账款周转率", "object_type": "日期", "subject_type": "比率", "object": "2001－2003年", "subject": "7.93次", "subject_index": {"begin": 35, "end": 40}, "object_index": {"begin": 0, "end": 10}}, {"predicate": "存货周转率", "object_type": "日期", "subject_type": "比率", "object": "2001－2003年", "subject": "6.39次", "subject_index": {"begin": 49, "end": 54}, "object_index": {"begin": 0, "end": 10}}, {"predicate": "存货周转率", "object_type": "日期", "subject_type": "比率", "object": "2001－2003年", "subject": "10.67次", "subject_index": {"begin": 55, "end": 61}, "object_index": {"begin": 0, "end": 10}}, {"predicate": "存货周转率", "object_type": "日期", "subject_type": "比率", "object": "2001－2003年", "subject": "7.71次", "subject_index": {"begin": 62, "end": 67}, "object_index": {"begin": 0, "end": 10}}]}
{"text": "公司于2001年5月20日召开2000年度股东大会，决定2000年度股利分配按以下方案实施：根据华证会计师事务所有限公司华证证字[2001]第B131号审计报告，公司2000年度实现净利润4,731,244.06元，期末可供股东分配利润为640,034.46元。根据公司生产经营的实际情况，决定不对上述可供分配利润进行分配，未分配利润的余额640,034.46元结转至2001年度。", "spo_list": [{"predicate": "未分配利润", "object_type": "金额", "subject_type": "日期", "object": "640,034.46元结", "subject": "2001年度", "subject_index": {"begin": 184, "end": 190}, "object_index": {"begin": 170, "end": 182}}]}
{"text": "公司于2002年5月22日召开的2001年度股东大会，决定2001年度股利分配按以下方案实施：根据深圳鹏城会计师事务所（2002）深鹏所审字613号审计报告，公司2001年度实现净利润10,068,171.03元，期末可供股东分配利润为9,167,415.03元。根据公司生产经营的实际情况，决定不对上述可供分配利润进行分配，未分配利润的余额9,167,415.03元结转至2002年度。", "spo_list": [{"predicate": "未分配利润", "object_type": "金额", "subject_type": "日期", "object": "9,167,415.03元", "subject": "2001年度", "subject_index": {"begin": 81, "end": 87}, "object_index": {"begin": 171, "end": 184}}]}
