{"text": "2013年，我国减速机行业呈现复苏趋势，当年行业销售收入为805.06亿元，", "spo_list": []}
{"text": "2016年度、2017年度和2018年度退出的主要经销商上年销售收入分别为148.59万元、122.42万元和908.45万元，占上年经销商总收入比例分别为0.24%、0.17%和1.09%。", "spo_list": [{"predicate": "其他收益", "object_type": "金额", "subject_type": "日期", "object": "148.59万元", "subject": "2016年度", "subject_index": {"begin": 0, "end": 6}, "object_index": {"begin": 37, "end": 45}}, {"predicate": "其他收益", "object_type": "金额", "subject_type": "日期", "object": "122.42万元", "subject": "2017年度", "subject_index": {"begin": 7, "end": 13}, "object_index": {"begin": 46, "end": 54}}, {"predicate": "其他收益", "object_type": "金额", "subject_type": "日期", "object": "908.45万元", "subject": "2018年度", "subject_index": {"begin": 14, "end": 20}, "object_index": {"begin": 55, "end": 63}}]}
{"text": "2016年度、2017年度和2018年度新增主要经销商销售金额分别为1,100.54万元、0元和0元，占当年经销商总收入比例分别为1.69%、0.00%和0.00%。", "spo_list": [{"predicate": "销售费用", "object_type": "金额", "subject_type": "日期", "object": "1,100.54万元", "subject": "2016年度", "subject_index": {"begin": 0, "end": 6}, "object_index": {"begin": 34, "end": 44}}, {"predicate": "销售费用", "object_type": "金额", "subject_type": "日期", "object": "0元", "subject": "2017年度", "subject_index": {"begin": 7, "end": 13}, "object_index": {"begin": 45, "end": 47}}, {"predicate": "销售费用", "object_type": "金额", "subject_type": "日期", "object": "0元", "subject": "2018年度", "subject_index": {"begin": 14, "end": 20}, "object_index": {"begin": 48, "end": 50}}]}
{"text": "报告期内，前述名义持股经销商中的A类经销商平均销售收入分别为1,380.30万元、1,989.94万元和2,757.70万元，所有A类经销商平均销售收入分别为581.57万元、748.37万元和955.34万元；名义持股A类经销商返利率分别为7.56%和7.37%和7.67%，高于所有A类经销商6.41%、6.76%和7.17%的返利率", "spo_list": [{"predicate": "其他收益", "object_type": "金额", "subject_type": "日期", "object": "1,380.30万元", "subject": "报告期内", "subject_index": {"begin": 0, "end": 4}, "object_index": {"begin": 30, "end": 40}}, {"predicate": "其他收益", "object_type": "金额", "subject_type": "日期", "object": "1,989.94万元", "subject": "报告期内", "subject_index": {"begin": 0, "end": 4}, "object_index": {"begin": 41, "end": 51}}, {"predicate": "其他收益", "object_type": "金额", "subject_type": "日期", "object": "2,757.70万元", "subject": "报告期内", "subject_index": {"begin": 0, "end": 4}, "object_index": {"begin": 52, "end": 62}}, {"predicate": "其他收益", "object_type": "金额", "subject_type": "日期", "object": "581.57万元", "subject": "报告期内", "subject_index": {"begin": 0, "end": 4}, "object_index": {"begin": 79, "end": 87}}, {"predicate": "其他收益", "object_type": "金额", "subject_type": "日期", "object": "748.37万元", "subject": "报告期内", "subject_index": {"begin": 0, "end": 4}, "object_index": {"begin": 88, "end": 96}}, {"predicate": "其他收益", "object_type": "金额", "subject_type": "日期", "object": "955.34万元", "subject": "报告期内", "subject_index": {"begin": 0, "end": 4}, "object_index": {"begin": 97, "end": 105}}]}
{"text": "截至2018年12月31日，公司存货账面余额为43,904.58万元，跌价准备为1,718.76万元，账面价值为42,185.81万元", "spo_list": [{"predicate": "存货账面余额", "object_type": "金额", "subject_type": "日期", "object": "43,904.58万元", "subject": "2018年12月31日", "subject_index": {"begin": 2, "end": 13}, "object_index": {"begin": 23, "end": 34}}, {"predicate": "存货跌价准备", "object_type": "金额", "subject_type": "日期", "object": "1,718.76万元", "subject": "2018年12月31日", "subject_index": {"begin": 2, "end": 13}, "object_index": {"begin": 40, "end": 50}}, {"predicate": "存货账面价值", "object_type": "金额", "subject_type": "日期", "object": "42,185.81万元", "subject": "2018年12月31日", "subject_index": {"begin": 2, "end": 13}, "object_index": {"begin": 56, "end": 67}}]}
{"text": "截至2018年12月31日，公司无形资产账面原值15,032.95万元，累计摊销2,212.33万元，账面价值为12,820.62万元", "spo_list": [{"predicate": "无形资产账面价值", "object_type": "金额", "subject_type": "日期", "object": "15,032.95万元", "subject": "2018年12月31日", "subject_index": {"begin": 2, "end": 13}, "object_index": {"begin": 24, "end": 35}}]}
{"text": "截至2018年12月31日，公司预收款项账面价值为14,900.41万元", "spo_list": [{"predicate": "应收票据账面价值", "object_type": "金额", "subject_type": "日期", "object": "14,900.41万元", "subject": "2018年12月31日", "subject_index": {"begin": 2, "end": 13}, "object_index": {"begin": 25, "end": 36}}]}
{"text": "2016年9月，公司以2016年6月30日为基准日整体变更设立股份有限公司，基准日未分配利润73,772,878.63元纳入净资产出资。", "spo_list": [{"predicate": "未分配利润", "object_type": "金额", "subject_type": "日期", "object": "73,772,878.63元", "subject": "2016年6月30日", "subject_index": {"begin": 11, "end": 21}, "object_index": {"begin": 46, "end": 60}}]}
{"text": "截至2016年12月31日、2017年12月31日和2018年12月31日，公司应收票据净额分别为11,989.90万元、21,332.15万元和30,265.19万元，占流动资产的比重分别为13.13%、17.43%和20.39%。2017年末应收票据较2016年末增加了77.83%，主要系客户以票据支付货款的情形增多，公司收到的银行承兑汇票金额增加所致。", "spo_list": [{"predicate": "应收帐款净额", "object_type": "金额", "subject_type": "日期", "object": "11,989.90万元", "subject": "2016年12月31日", "subject_index": {"begin": 2, "end": 13}, "object_index": {"begin": 49, "end": 60}}, {"predicate": "应收帐款净额", "object_type": "金额", "subject_type": "日期", "object": "21,332.15万元", "subject": "2017年12月31日", "subject_index": {"begin": 14, "end": 25}, "object_index": {"begin": 61, "end": 72}}, {"predicate": "应收帐款净额", "object_type": "金额", "subject_type": "日期", "object": "30,265.19万元", "subject": "2018年12月31日", "subject_index": {"begin": 26, "end": 37}, "object_index": {"begin": 73, "end": 84}}]}
{"text": "2016年末、2017年末和2018年末，公司应收账款账面价值分别为15,902.39万元、20,052.36万元和19,329.81万元，占流动资产的比重分别为17.41%、16.39%和13.02%。应收账款余额占当期营业收入的比例分别为16.37%、16.28%和14.06%，应收账款与营业收入变动趋势基本一致。2018年末应收账款余额占营业收入比例较2017年度出现下降，主要系公司加强应收账款管理，2018年度回款情况较好所致。", "spo_list": [{"predicate": "其他应收账款账面价值", "object_type": "金额", "subject_type": "日期", "object": "15,902.39万元", "subject": "2016年末", "subject_index": {"begin": 0, "end": 6}, "object_index": {"begin": 34, "end": 45}}, {"predicate": "其他应收账款账面价值", "object_type": "金额", "subject_type": "日期", "object": "20,052.36万元", "subject": "2017年末", "subject_index": {"begin": 7, "end": 13}, "object_index": {"begin": 46, "end": 57}}, {"predicate": "其他应收账款账面价值", "object_type": "金额", "subject_type": "日期", "object": "19,329.81万元", "subject": "2018年末", "subject_index": {"begin": 14, "end": 20}, "object_index": {"begin": 58, "end": 69}}]}
{"text": "报告期内，发行人3年以上账龄的应收账款余额分别为481.11万元、1,319.67万元和2,836.28万元，占应收账款余额的比例分别为2.55%、5.48%和11.42%。3年以上账龄的应收账款主要来源于交易频次低、交易金额小、容易形成未收回货款的客户。此外在2015年进行业务重组时，发行人未收购国茂集团2015年末账龄较长且预计无法收回的应收账款账面余额为2,370.29万元（其中3年以上账龄的应收账款余额为2,029.27万元，发行人未收购的应收账款在2016年收回金额为24.40万元，2017年收回金额为4.00万元，2018年度无收回金额），使报告期3年以上应收账款余额相对较低。若考虑重组因素，报告期3年以上应收账款余额相应为2,793.39万元、3,645.56万元和5,178.17万元。", "spo_list": [{"predicate": "其他应收款余额", "object_type": "金额", "subject_type": "日期", "object": "481.11万元", "subject": "报告期内", "subject_index": {"begin": 0, "end": 4}, "object_index": {"begin": 24, "end": 32}}, {"predicate": "其他应收款余额", "object_type": "金额", "subject_type": "日期", "object": "1,319.67万元", "subject": "报告期内", "subject_index": {"begin": 0, "end": 4}, "object_index": {"begin": 33, "end": 43}}, {"predicate": "其他应收款余额", "object_type": "金额", "subject_type": "日期", "object": "2,836.28万元", "subject": "报告期内", "subject_index": {"begin": 0, "end": 4}, "object_index": {"begin": 44, "end": 54}}, {"predicate": "其他应收款余额", "object_type": "金额", "subject_type": "日期", "object": "2,793.39万元", "subject": "报告期内", "subject_index": {"begin": 0, "end": 4}, "object_index": {"begin": 322, "end": 332}}, {"predicate": "其他应付款余额", "object_type": "金额", "subject_type": "日期", "object": "3,645.56万元", "subject": "报告期内", "subject_index": {"begin": 0, "end": 4}, "object_index": {"begin": 333, "end": 343}}, {"predicate": "其他应付款余额", "object_type": "金额", "subject_type": "日期", "object": "5,178.17万元", "subject": "报告期内", "subject_index": {"begin": 0, "end": 4}, "object_index": {"begin": 344, "end": 354}}]}
{"text": "2018年度销售收入排名第8位。其余额的形成同时来自于应收账款和应收票据，其中来自应收账款154.56万元，来自应收票据974.00万元。年末应收账款余额较大，主要系除A类经销商以外的四类客户实际执行的信用期平均为90天所致；应收票据余额较大主要系该客户票据结算较多所致。", "spo_list": [{"predicate": "长期应收款", "object_type": "金额", "subject_type": "日期", "object": "154.56万元", "subject": "2018年度", "subject_index": {"begin": 0, "end": 6}, "object_index": {"begin": 45, "end": 53}}, {"predicate": "应收票据", "object_type": "金额", "subject_type": "日期", "object": "974.00万元", "subject": "2018年度", "subject_index": {"begin": 0, "end": 6}, "object_index": {"begin": 60, "end": 68}}]}
{"text": "2018年度销售收入排名第11位。其余额的形成同时来自于应收账款和应收票据，其中来自应收账款121.95万元，来自应收票据486.71万元。年末应收账款余额较大，主要系除A类经销商以外的四类客户实际执行的信用期平均为90天所致；应收票据余额较大主要系该客户票据结算较多所致。", "spo_list": [{"predicate": "长期应收款", "object_type": "金额", "subject_type": "日期", "object": "121.95万元", "subject": "2018年度", "subject_index": {"begin": 0, "end": 6}, "object_index": {"begin": 46, "end": 54}}, {"predicate": "应收票据", "object_type": "金额", "subject_type": "日期", "object": "486.71万元", "subject": "2018年度", "subject_index": {"begin": 0, "end": 6}, "object_index": {"begin": 61, "end": 69}}]}
{"text": "截至2016年12月31日、2017年12月31日和2018年12月31日，公司预付款项余额分别为300.56万元、1,378.49万元和409.41万元，占流动资产的比例分别为0.33%、1.13%和0.28%，预付款整体占比较小。", "spo_list": [{"predicate": "预付款项余额", "object_type": "金额", "subject_type": "日期", "object": "300.56万元", "subject": "2016年12月31日", "subject_index": {"begin": 2, "end": 13}, "object_index": {"begin": 49, "end": 57}}, {"predicate": "预付款项余额", "object_type": "金额", "subject_type": "日期", "object": "1,378.49万元", "subject": "2017年12月31日", "subject_index": {"begin": 14, "end": 25}, "object_index": {"begin": 58, "end": 68}}, {"predicate": "预付款项余额", "object_type": "金额", "subject_type": "日期", "object": "409.41万元", "subject": "2018年12月31日", "subject_index": {"begin": 26, "end": 37}, "object_index": {"begin": 69, "end": 77}}]}
{"text": "2016年末、2017年末和2018年末，公司存货的账面价值分别为25,321.40万元、38,029.06万元和42,185.81万元，占流动资产的比例分别为27.72%、31.08%和28.42%。报告期内，公司存货的主要构成为原材料、半成品、在产品及库存商品。", "spo_list": [{"predicate": "存货账面价值", "object_type": "金额", "subject_type": "日期", "object": "25,321.40万元", "subject": "2016年末", "subject_index": {"begin": 0, "end": 6}, "object_index": {"begin": 33, "end": 44}}, {"predicate": "存货账面价值", "object_type": "金额", "subject_type": "日期", "object": "38,029.06万元", "subject": "2017年末", "subject_index": {"begin": 7, "end": 13}, "object_index": {"begin": 45, "end": 56}}, {"predicate": "存货账面价值", "object_type": "金额", "subject_type": "日期", "object": "42,185.81万元", "subject": "2018年末", "subject_index": {"begin": 14, "end": 20}, "object_index": {"begin": 57, "end": 68}}]}
{"text": "2018年末，存货余额较2017年末增加4,501.40万元，增幅为11.42%，主要系公司在手订单增加，扩大生产规模所致。截至2018年12月31日，在手订单金额为41,315.71万元，较2017年末增加4,667.31万元，增幅为12.74%。", "spo_list": [{"predicate": "存货余额", "object_type": "金额", "subject_type": "日期", "object": "4,501.40万元", "subject": "2018年末", "subject_index": {"begin": 0, "end": 6}, "object_index": {"begin": 20, "end": 30}}]}
{"text": "各报告期末，公司计提的存货跌价准备金额分别为1,202.80万元、1,374.11万元和1,718.76万元", "spo_list": [{"predicate": "存货跌价准备", "object_type": "金额", "subject_type": "日期", "object": "1,202.80万元", "subject": "各报告期末", "subject_index": {"begin": 0, "end": 5}, "object_index": {"begin": 22, "end": 32}}, {"predicate": "存货跌价准备", "object_type": "金额", "subject_type": "日期", "object": "1,374.11万元", "subject": "各报告期末", "subject_index": {"begin": 0, "end": 5}, "object_index": {"begin": 33, "end": 43}}, {"predicate": "存货跌价准备", "object_type": "金额", "subject_type": "日期", "object": "1,718.76万元", "subject": "各报告期末", "subject_index": {"begin": 0, "end": 5}, "object_index": {"begin": 44, "end": 54}}]}
{"text": "公司其他流动资产主要为未交增值税及预缴企业所得税。2016年末、2017年末和2018年末，公司其他流动资产的账面价值分别为725.51万元、591.13万元和0元，占流动资产的比例分别为0.79%、0.48%和0%，占比较小。", "spo_list": [{"predicate": "流动资产", "object_type": "金额", "subject_type": "日期", "object": "725.51万元", "subject": "2016年末", "subject_index": {"begin": 25, "end": 31}, "object_index": {"begin": 62, "end": 70}}, {"predicate": "流动资产", "object_type": "金额", "subject_type": "日期", "object": "591.13万元", "subject": "2017年末", "subject_index": {"begin": 32, "end": 38}, "object_index": {"begin": 71, "end": 79}}, {"predicate": "流动资产", "object_type": "金额", "subject_type": "日期", "object": "0元", "subject": "2018年末", "subject_index": {"begin": 39, "end": 45}, "object_index": {"begin": 80, "end": 82}}]}
{"text": "截至2016年12月31日、2017年12月31日和2018年12月31日，公司无形资产的金额分别为13,130.17万元、13,074.09万元和12,820.62万元，占非流动资产的比例分别为25.54%、21.37%和18.57%。", "spo_list": [{"predicate": "无形资产", "object_type": "金额", "subject_type": "日期", "object": "13,130.17万元", "subject": "2016年12月31日", "subject_index": {"begin": 2, "end": 13}, "object_index": {"begin": 50, "end": 61}}, {"predicate": "无形资产", "object_type": "金额", "subject_type": "日期", "object": "13,074.09万元", "subject": "2017年12月31日", "subject_index": {"begin": 14, "end": 25}, "object_index": {"begin": 62, "end": 73}}, {"predicate": "无形资产", "object_type": "金额", "subject_type": "日期", "object": "12,820.62万元", "subject": "2018年12月31日", "subject_index": {"begin": 26, "end": 37}, "object_index": {"begin": 74, "end": 85}}]}
{"text": "截至2016年12月31日、2017年12月31日和2018年12月31日，长期待摊费用余额分别为135.87万元、362.42万元和273.55万元，占流动资产的比例分别为0.26%、0.59%和0.40%。", "spo_list": [{"predicate": "长期待摊费用", "object_type": "金额", "subject_type": "日期", "object": "135.87万元", "subject": "2016年12月31日", "subject_index": {"begin": 2, "end": 13}, "object_index": {"begin": 49, "end": 57}}, {"predicate": "长期待摊费用", "object_type": "金额", "subject_type": "日期", "object": "362.42万元", "subject": "2017年12月31日", "subject_index": {"begin": 14, "end": 25}, "object_index": {"begin": 58, "end": 66}}, {"predicate": "长期待摊费用", "object_type": "金额", "subject_type": "日期", "object": "273.55万元", "subject": "2018年12月31日", "subject_index": {"begin": 26, "end": 37}, "object_index": {"begin": 67, "end": 75}}]}
{"text": "公司其他非流动资产主要由预付工程设备款构成。截至2016年12月31日、2017年12月31日和2018年12月31日，公司其他非流动资产金额分别为1,038.72万元、4,192.22万元和1,502.46万元，占非流动资产的比例分别为2.02%、6.85%和2.18%。2017年度预付工程设备款较2016年度增加2,978.98万元，主要系公司为扩大产能，购入机器设备形成预付款所致。", "spo_list": [{"predicate": "其他非流动资产", "object_type": "金额", "subject_type": "日期", "object": "1,038.72万元", "subject": "2016年12月31日", "subject_index": {"begin": 24, "end": 35}, "object_index": {"begin": 74, "end": 84}}, {"predicate": "其他非流动资产", "object_type": "金额", "subject_type": "日期", "object": "4,192.22万元", "subject": "2017年12月31日", "subject_index": {"begin": 36, "end": 47}, "object_index": {"begin": 85, "end": 95}}, {"predicate": "其他非流动资产", "object_type": "金额", "subject_type": "日期", "object": "1,502.46万元", "subject": "2018年12月31日", "subject_index": {"begin": 48, "end": 59}, "object_index": {"begin": 96, "end": 106}}]}
{"text": "截至2017年末的坏账准备金额较2016年末增加了1,071.72万元，主要系2017年销售收入同比增长28.39%，应收账款余额随销售收入增加而扩大，按照账龄计提的坏账准备相应增加所致。", "spo_list": [{"predicate": "坏账准备", "object_type": "金额", "subject_type": "日期", "object": "1,071.72万元", "subject": "2017年末", "subject_index": {"begin": 2, "end": 8}, "object_index": {"begin": 25, "end": 35}}]}
{"text": "截至2016年12月31日、2017年12月31日和2018年12月31日，公司应付票据金额分别为26,000.00万元、49,890.99万元和58,403.46万元，占流动负债的比重分别为43.29%、57.04%和58.61%。公司所开具应付票据均为银行承兑汇票。", "spo_list": [{"predicate": "应付票据", "object_type": "金额", "subject_type": "日期", "object": "26,000.00万元", "subject": "2016年12月31日", "subject_index": {"begin": 2, "end": 13}, "object_index": {"begin": 49, "end": 60}}, {"predicate": "应付票据", "object_type": "金额", "subject_type": "日期", "object": "49,890.99万元", "subject": "2017年12月31日", "subject_index": {"begin": 14, "end": 25}, "object_index": {"begin": 61, "end": 72}}, {"predicate": "应付票据", "object_type": "金额", "subject_type": "日期", "object": "58,403.46万元", "subject": "2018年12月31日", "subject_index": {"begin": 26, "end": 37}, "object_index": {"begin": 73, "end": 84}}]}
{"text": "截至2016年12月31日、2017年12月31日和2018年12月31日，公司应付账款的金额分别为18,275.13万元、17,906.34万元和21,570.61万元，占流动负债的比例分别为30.43%、20.47%和21.65%。", "spo_list": [{"predicate": "应付账款", "object_type": "金额", "subject_type": "日期", "object": "18,275.13万元", "subject": "2016年12月31日", "subject_index": {"begin": 2, "end": 13}, "object_index": {"begin": 50, "end": 61}}, {"predicate": "应付账款", "object_type": "金额", "subject_type": "日期", "object": "17,906.34万元", "subject": "2017年12月31日", "subject_index": {"begin": 14, "end": 25}, "object_index": {"begin": 62, "end": 73}}, {"predicate": "应付账款", "object_type": "金额", "subject_type": "日期", "object": "21,570.61万元", "subject": "2018年12月31日", "subject_index": {"begin": 26, "end": 37}, "object_index": {"begin": 74, "end": 85}}]}
{"text": "截至2016年12月31日、2017年12月31日和2018年12月31日，公司预收款项分别为12,035.44万元、15,039.02万元和14,900.41万元，占流动负债的比例分别为20.04%、17.19%和14.95%。", "spo_list": [{"predicate": "预收款项", "object_type": "金额", "subject_type": "日期", "object": "12,035.44万元", "subject": "2016年12月31日", "subject_index": {"begin": 2, "end": 13}, "object_index": {"begin": 47, "end": 58}}, {"predicate": "预收款项", "object_type": "金额", "subject_type": "日期", "object": "15,039.02万元", "subject": "2017年12月31日", "subject_index": {"begin": 14, "end": 25}, "object_index": {"begin": 59, "end": 70}}, {"predicate": "预收款项", "object_type": "金额", "subject_type": "日期", "object": "14,900.41万元", "subject": "2018年12月31日", "subject_index": {"begin": 26, "end": 37}, "object_index": {"begin": 71, "end": 82}}]}
{"text": "公司应交税费由应交增值税、企业所得税等构成。截至2016年12月31日、2017年12月31日和2018年12月31日，公司应缴税费余额为263.47万元、864.60万元和610.51万元，占流动负债的比例分别为0.44%、0.99%和0.61%。", "spo_list": [{"predicate": "应交税费余额", "object_type": "金额", "subject_type": "日期", "object": "263.47万元", "subject": "2016年12月31日", "subject_index": {"begin": 24, "end": 35}, "object_index": {"begin": 69, "end": 77}}, {"predicate": "应交税费余额", "object_type": "金额", "subject_type": "日期", "object": "864.60万元", "subject": "2017年12月31日", "subject_index": {"begin": 36, "end": 47}, "object_index": {"begin": 78, "end": 86}}, {"predicate": "应交税费余额", "object_type": "金额", "subject_type": "日期", "object": "610.51万元", "subject": "2018年12月31日", "subject_index": {"begin": 48, "end": 59}, "object_index": {"begin": 87, "end": 95}}]}
{"text": "截至2016年12月31日、2017年12月31日和2018年12月31日，公司的流动比率分别为1.52、1.40和1.49，速动比率分别为1.08、0.95和1.05。公司流动比率和速动比率与公司的资产债务结构相适应。", "spo_list": [{"predicate": "速动比率", "object_type": "日期", "subject_type": "比率", "object": "2016年12月31日", "subject": "1.08", "subject_index": {"begin": 70, "end": 74}, "object_index": {"begin": 2, "end": 13}}, {"predicate": "速动比率", "object_type": "日期", "subject_type": "比率", "object": "2017年12月31日", "subject": "0.95", "subject_index": {"begin": 75, "end": 79}, "object_index": {"begin": 14, "end": 25}}, {"predicate": "速动比率", "object_type": "日期", "subject_type": "比率", "object": "2018年12月31日", "subject": "1.05", "subject_index": {"begin": 80, "end": 84}, "object_index": {"begin": 26, "end": 37}}]}
{"text": "2016年度、2017年度和2018年度，公司三类业务实现的收入合计分别为114,306.01万元、146,766.48万元和174,752.19万元。", "spo_list": [{"predicate": "其他收益", "object_type": "金额", "subject_type": "日期", "object": "114,306.01万元", "subject": "2016年度", "subject_index": {"begin": 0, "end": 6}, "object_index": {"begin": 37, "end": 49}}, {"predicate": "其他收益", "object_type": "金额", "subject_type": "日期", "object": "146,766.48万元", "subject": "2017年度", "subject_index": {"begin": 7, "end": 13}, "object_index": {"begin": 50, "end": 62}}, {"predicate": "其他收益", "object_type": "金额", "subject_type": "日期", "object": "174,752.19万元", "subject": "2018年度", "subject_index": {"begin": 14, "end": 20}, "object_index": {"begin": 63, "end": 75}}]}
{"text": "2016年度、2017年度和2018年度，公司齿轮减速机实现销售收入分别为79,101.08万元、103,772.01万元和127,169.85万元", "spo_list": [{"predicate": "其他收益", "object_type": "金额", "subject_type": "日期", "object": "79,101.08万元", "subject": "2016年度", "subject_index": {"begin": 0, "end": 6}, "object_index": {"begin": 37, "end": 48}}, {"predicate": "其他收益", "object_type": "金额", "subject_type": "日期", "object": "103,772.01万元", "subject": "2017年度", "subject_index": {"begin": 7, "end": 13}, "object_index": {"begin": 49, "end": 61}}, {"predicate": "其他收益", "object_type": "金额", "subject_type": "日期", "object": "127,169.85万元", "subject": "2018年度", "subject_index": {"begin": 14, "end": 20}, "object_index": {"begin": 62, "end": 74}}]}
{"text": "2016年度、2017年度和2018年度，公司其他业务收入分别为839.46万元、1,074.23万元和1,911.00万元，占营业收入的比重分别为0.73%、0.73%和1.08%。", "spo_list": [{"predicate": "其他收益", "object_type": "金额", "subject_type": "日期", "object": "839.46万元", "subject": "2016年度", "subject_index": {"begin": 0, "end": 6}, "object_index": {"begin": 32, "end": 40}}, {"predicate": "其他收益", "object_type": "金额", "subject_type": "日期", "object": "1,074.23万元", "subject": "2017年度", "subject_index": {"begin": 7, "end": 13}, "object_index": {"begin": 41, "end": 51}}, {"predicate": "其他收益", "object_type": "金额", "subject_type": "日期", "object": "1,911.00万元", "subject": "2018年度", "subject_index": {"begin": 14, "end": 20}, "object_index": {"begin": 52, "end": 62}}]}
{"text": "2016-2018年，宁波东力减速机业务收入分别为36,520.20万元、63,165.19万元和83,375.83万元；同期发行人减速机业务收入分别为109,607.49万元、141,881.88万元和169,581.82万元。报告期内发行人收入规模高于宁波东力，规模效应更加显著。", "spo_list": [{"predicate": "其他收益", "object_type": "金额", "subject_type": "日期", "object": "36,520.20万元", "subject": "2016-2018年", "subject_index": {"begin": 0, "end": 10}, "object_index": {"begin": 25, "end": 36}}, {"predicate": "其他收益", "object_type": "金额", "subject_type": "日期", "object": "63,165.19万元", "subject": "2016-2018年", "subject_index": {"begin": 0, "end": 10}, "object_index": {"begin": 37, "end": 48}}, {"predicate": "其他收益", "object_type": "金额", "subject_type": "日期", "object": "83,375.83万元", "subject": "2016-2018年", "subject_index": {"begin": 0, "end": 10}, "object_index": {"begin": 49, "end": 60}}, {"predicate": "其他收益", "object_type": "金额", "subject_type": "日期", "object": "109,607.49万元", "subject": "2016-2018年", "subject_index": {"begin": 0, "end": 10}, "object_index": {"begin": 76, "end": 88}}, {"predicate": "其他收益", "object_type": "金额", "subject_type": "日期", "object": "141,881.88万元", "subject": "2016-2018年", "subject_index": {"begin": 0, "end": 10}, "object_index": {"begin": 89, "end": 101}}, {"predicate": "其他收益", "object_type": "金额", "subject_type": "日期", "object": "169,581.82万元", "subject": "2016-2018年", "subject_index": {"begin": 0, "end": 10}, "object_index": {"begin": 102, "end": 114}}]}
{"text": "由上表可知，研发费用主要由材料费用、职工薪酬及折旧费用等构成。2016年度、2017年度和2018年度，公司研发费用分别为3,936.74万元、5,045.28万元和6,095.51万元，占营业收入的比例分别为3.42%、3.41%和3.45%。", "spo_list": [{"predicate": "研发费用", "object_type": "金额", "subject_type": "日期", "object": "3,936.74万元", "subject": "2016年度", "subject_index": {"begin": 31, "end": 37}, "object_index": {"begin": 61, "end": 71}}, {"predicate": "研发费用", "object_type": "金额", "subject_type": "日期", "object": "5,045.28万元", "subject": "2017年度", "subject_index": {"begin": 38, "end": 44}, "object_index": {"begin": 72, "end": 82}}, {"predicate": "研发费用", "object_type": "金额", "subject_type": "日期", "object": "6,095.51万元", "subject": "2018年度", "subject_index": {"begin": 45, "end": 51}, "object_index": {"begin": 83, "end": 93}}]}
{"text": "报告期内，公司筹资活动产生的现金流量净额分别为7,000.00万元、-290.63万元和-105.66万元。2016年公司筹资活动产生的现金流量净额为7,000.00万元，主要系收到增资款7,000.00万元所致。有关本次增资的具体情况请参见招股说明书“第五节发行人基本情况”之“三、本公司设立以来的股本形成及其变化和重大资产重组情况（一）本公司股本变化情况”。", "spo_list": [{"predicate": "公司筹资活动产生的现金流量净额", "object_type": "金额", "subject_type": "日期", "object": "7,000.00万元", "subject": "报告期内", "subject_index": {"begin": 0, "end": 4}, "object_index": {"begin": 23, "end": 33}}, {"predicate": "公司筹资活动产生的现金流量净额", "object_type": "金额", "subject_type": "日期", "object": "-290.63万元", "subject": "报告期内", "subject_index": {"begin": 0, "end": 4}, "object_index": {"begin": 34, "end": 43}}, {"predicate": "公司筹资活动产生的现金流量净额", "object_type": "金额", "subject_type": "日期", "object": "-105.66万元", "subject": "报告期内", "subject_index": {"begin": 0, "end": 4}, "object_index": {"begin": 44, "end": 53}}, {"predicate": "公司筹资活动产生的现金流量净额", "object_type": "金额", "subject_type": "日期", "object": "7,000.00万元", "subject": "2016年", "subject_index": {"begin": 54, "end": 59}, "object_index": {"begin": 75, "end": 85}}]}
{"text": "2016年度经营活动产生的现金流量净额为20,665.38万元，净利润为9,668.15万元，经营活动现金流高于净利润10,997.23万元，主要系2016年四季度公司更多地开具承兑汇票支付原材料采购款，应付票据较2016年初增加26,000.00万元，同时，应付账款减少17,519.34万元。应付票据和应付账款金额合计较年初增加8,480.66万元，导致经营活动现金流入增加。", "spo_list": [{"predicate": "应付票据", "object_type": "金额", "subject_type": "日期", "object": "26,000.00万元", "subject": "2016年度", "subject_index": {"begin": 0, "end": 6}, "object_index": {"begin": 115, "end": 126}}]}
{"text": "2001年4月2日，江苏武晋会计师事务所有限公司出具《常州市国泰减速机厂验资报告》（武会验（2001）第96号）。常州市国泰减速机厂根据《关于常州市国泰减速机厂改制为股份合作制企业的批复》（武改制复（2001）第18号）的规定改制为股份合作企业，注册资本为612.58万元。截至2001年3月31日，常州市国泰减速机厂变更后的投入资本总额为648.43万元，其中实收资本612.58万元，资本公积88.88元，未分配利润35.84万元。", "spo_list": [{"predicate": "未分配利润", "object_type": "金额", "subject_type": "日期", "object": "35.84万元", "subject": "2001年3月31日", "subject_index": {"begin": 139, "end": 149}, "object_index": {"begin": 210, "end": 217}}]}
{"text": "截至2018年12月31日,常州国茂常茂减速机有限公司应收款余额为183.92万元。", "spo_list": [{"predicate": "应收账款余额", "object_type": "金额", "subject_type": "日期", "object": "183.92万元", "subject": "2018年12月31日", "subject_index": {"begin": 2, "end": 13}, "object_index": {"begin": 33, "end": 41}}]}
{"text": "报告期内新增经销商销售收入占比较低。2016年度、2017年度和2018年度新增经销商当年销售收入分别为3,735.41万元、1,433.06万元和1,254.85万元，占当年经销商总收入比例分别为3.27%、0.98%和1.24%。因此，报告期内新增经销商对公司收入影响较小。", "spo_list": [{"predicate": "其他收益", "object_type": "金额", "subject_type": "日期", "object": "1,254.85万元", "subject": "2018年", "subject_index": {"begin": 32, "end": 37}, "object_index": {"begin": 74, "end": 84}}, {"predicate": "其他收益", "object_type": "金额", "subject_type": "日期", "object": "1,433.06万元", "subject": "2017年度", "subject_index": {"begin": 25, "end": 31}, "object_index": {"begin": 63, "end": 73}}, {"predicate": "投资收益", "object_type": "金额", "subject_type": "日期", "object": "3,735.41万元", "subject": "2016年度", "subject_index": {"begin": 18, "end": 24}, "object_index": {"begin": 52, "end": 62}}]}
{"text": "2016年度和2017年度，发行人向国泰铸造关联销售的金额分别为87.17万元和98.10万元", "spo_list": [{"predicate": "销售费用", "object_type": "金额", "subject_type": "日期", "object": "98.10万元", "subject": "2017年度", "subject_index": {"begin": 7, "end": 13}, "object_index": {"begin": 40, "end": 47}}, {"predicate": "销售费用", "object_type": "金额", "subject_type": "日期", "object": "87.17万元", "subject": "2016年度", "subject_index": {"begin": 0, "end": 6}, "object_index": {"begin": 32, "end": 39}}]}
{"text": "截至2018年12月31日，公司应收票据账面价值为30,265.19万元", "spo_list": [{"predicate": "应收票据", "object_type": "金额", "subject_type": "日期", "object": "30,265.19万元", "subject": "2018年12月31日", "subject_index": {"begin": 2, "end": 13}, "object_index": {"begin": 25, "end": 36}}]}
{"text": "截至2018年12月31日，公司应收账款余额为24,835.34万元，坏账准备为5,505.53万元，账面价值为19,329.81万元", "spo_list": [{"predicate": "应收账款余额", "object_type": "金额", "subject_type": "日期", "object": "24,835.34万元", "subject": "2018年12月31日", "subject_index": {"begin": 2, "end": 13}, "object_index": {"begin": 23, "end": 34}}, {"predicate": "坏账准备", "object_type": "金额", "subject_type": "日期", "object": "5,505.53万元", "subject": "2018年12月31日", "subject_index": {"begin": 2, "end": 13}, "object_index": {"begin": 40, "end": 50}}]}
{"text": "截至2018年12月31日，公司应付票据及应付账款账面价值为79,974.07万元", "spo_list": [{"predicate": "应付票据", "object_type": "金额", "subject_type": "日期", "object": "79,974.07万元", "subject": "2018年12月31日", "subject_index": {"begin": 2, "end": 13}, "object_index": {"begin": 30, "end": 41}}]}
{"text": "截至2016年12月31日、2017年12月31日和2018年12月31日，公司货币资金余额为37,038.25万元、40,904.35万元和56,233.19万元，占流动资产的比重分别为40.55%、33.43%和37.88%。2018年末货币资金较年初增加15,328.84万元，主要系当年经营活动现金流量净额增加所致。", "spo_list": [{"predicate": "货币资金余额", "object_type": "金额", "subject_type": "日期", "object": "56,233.19万元", "subject": "2018年12月31日", "subject_index": {"begin": 26, "end": 37}, "object_index": {"begin": 71, "end": 82}}, {"predicate": "货币资金余额", "object_type": "金额", "subject_type": "日期", "object": "40,904.35万元", "subject": "2017年12月31日", "subject_index": {"begin": 14, "end": 25}, "object_index": {"begin": 59, "end": 70}}, {"predicate": "货币资金余额", "object_type": "金额", "subject_type": "日期", "object": "37,038.25万元", "subject": "2016年12月31日", "subject_index": {"begin": 2, "end": 13}, "object_index": {"begin": 47, "end": 58}}]}
{"text": "2018年末应收票据较2017年末增加8,954.52万元", "spo_list": [{"predicate": "应收票据", "object_type": "金额", "subject_type": "日期", "object": "8,954.52万元", "subject": "2018年末", "subject_index": {"begin": 0, "end": 6}, "object_index": {"begin": 19, "end": 29}}]}
{"text": "报告期各期，A类经销商应收账款余额分别为1,193.50万元、1,168.61万元和1,044.39万元，对应的主营业务收入分别为41,223.54万元、52,241.98万元和66,523.02万元，应收账款余额占其主营业务收入的比例分别为2.90%、2.24%和1.57%，占比较低。A类经销商销售回款质量较好。", "spo_list": [{"predicate": "应收账款余额", "object_type": "金额", "subject_type": "日期", "object": "1,193.50万元", "subject": "报告期各期", "subject_index": {"begin": 0, "end": 5}, "object_index": {"begin": 20, "end": 30}}, {"predicate": "应收账款余额", "object_type": "金额", "subject_type": "日期", "object": "1,168.61万元", "subject": "报告期各期", "subject_index": {"begin": 0, "end": 5}, "object_index": {"begin": 31, "end": 41}}, {"predicate": "应收账款余额", "object_type": "金额", "subject_type": "日期", "object": "1,044.39万元", "subject": "报告期各期", "subject_index": {"begin": 0, "end": 5}, "object_index": {"begin": 42, "end": 52}}, {"predicate": "主营业务收入", "object_type": "金额", "subject_type": "日期", "object": "41,223.54万元", "subject": "报告期各期", "subject_index": {"begin": 0, "end": 5}, "object_index": {"begin": 65, "end": 76}}, {"predicate": "主营业务收入", "object_type": "金额", "subject_type": "日期", "object": "52,241.98万元", "subject": "报告期各期", "subject_index": {"begin": 0, "end": 5}, "object_index": {"begin": 77, "end": 88}}, {"predicate": "主营业务收入", "object_type": "金额", "subject_type": "日期", "object": "66,523.02万元", "subject": "报告期各期", "subject_index": {"begin": 0, "end": 5}, "object_index": {"begin": 89, "end": 100}}]}
{"text": "报告期公司3年以上账龄的应收账款余额分别481.11万元、1,319.67万元及2,836.28万元，逐年增长", "spo_list": [{"predicate": "应收账款余额", "object_type": "金额", "subject_type": "日期", "object": "481.11万元", "subject": "报告期", "subject_index": {"begin": 0, "end": 3}, "object_index": {"begin": 20, "end": 28}}, {"predicate": "应收账款净额", "object_type": "金额", "subject_type": "日期", "object": "1,319.67万元", "subject": "报告期", "subject_index": {"begin": 0, "end": 3}, "object_index": {"begin": 29, "end": 39}}, {"predicate": "应收账款净额", "object_type": "金额", "subject_type": "日期", "object": "2,836.28万元", "subject": "报告期", "subject_index": {"begin": 0, "end": 3}, "object_index": {"begin": 40, "end": 50}}]}
{"text": "报告期各期3年以上应收账款余额增加金额分别为269.60万元、838.56万元和1,516.61万元，占当期含税销售金额的比例分别为0.20%、0.49%和0.75%；报告期各期3年以上应收账款余额客户增加数量分别为62家、271家和264家，占当期客户总数量的比例分别为0.74%、3.35%和3.59%，整体占比较低。", "spo_list": [{"predicate": "应收账款余额", "object_type": "金额", "subject_type": "日期", "object": "269.60万元", "subject": "报告期各期", "subject_index": {"begin": 0, "end": 5}, "object_index": {"begin": 22, "end": 30}}, {"predicate": "应收账款净额", "object_type": "金额", "subject_type": "日期", "object": "838.56万元", "subject": "报告期各期", "subject_index": {"begin": 0, "end": 5}, "object_index": {"begin": 31, "end": 39}}, {"predicate": "应收账款净额", "object_type": "金额", "subject_type": "日期", "object": "1,516.61万元", "subject": "报告期各期", "subject_index": {"begin": 0, "end": 5}, "object_index": {"begin": 40, "end": 50}}]}
{"text": "假设对与减速机业务相关的应收账款全部进行收购及剔除湖北国茂、保定国茂相关应收账款，报告期各期3年以上应收账款余额增加金额分别为552.62万元、852.17万元和1,022.69万元，占当期含税销售金额的比例分别为0.41%、0.50%和0.50%；报告期各期3年以上应收账款余额客户增加数量分别为191家、271家和262家，占当期客户总数量的比例分别为2.29%、3.35%和3.56%，整体占比较低，报告期各期不存在较大差异。3年以上账龄的应收账款余额的增长，与业务增长相匹配。", "spo_list": [{"predicate": "应收账款净额", "object_type": "金额", "subject_type": "日期", "object": "552.62万元", "subject": "报告期各期3", "subject_index": {"begin": 41, "end": 47}, "object_index": {"begin": 63, "end": 71}}, {"predicate": "应收账款净额", "object_type": "金额", "subject_type": "日期", "object": "852.17万元", "subject": "报告期各期3", "subject_index": {"begin": 41, "end": 47}, "object_index": {"begin": 72, "end": 80}}, {"predicate": "应收账款净额", "object_type": "金额", "subject_type": "日期", "object": "1,022.69万元", "subject": "报告期各期3", "subject_index": {"begin": 41, "end": 47}, "object_index": {"begin": 81, "end": 91}}]}
{"text": "截至2016年末、2017年末和2018年末，公司累计计提的坏账准备金额分别为2,948.49万元、4,010.03万元和5,505.53万元", "spo_list": [{"predicate": "坏账准备", "object_type": "金额", "subject_type": "日期", "object": "5,505.53万元", "subject": "2018年末", "subject_index": {"begin": 16, "end": 22}, "object_index": {"begin": 61, "end": 71}}, {"predicate": "坏账准备", "object_type": "金额", "subject_type": "日期", "object": "4,010.03万元", "subject": "2017年", "subject_index": {"begin": 9, "end": 14}, "object_index": {"begin": 50, "end": 60}}, {"predicate": "坏账准备", "object_type": "金额", "subject_type": "日期", "object": "2,948.49万元", "subject": "2016年末", "subject_index": {"begin": 2, "end": 8}, "object_index": {"begin": 39, "end": 49}}]}
{"text": "2015年进行业务重组时，发行人未收购国茂集团2015年末账龄较长且预计无法收回的应收账款账面余额为2,370.29万元，该部分应收账款在2016年收回金额为24.40万元，2017年收回金额为4.00万元，2018年度无收回金额。", "spo_list": [{"predicate": "应收账款净额", "object_type": "金额", "subject_type": "日期", "object": "2,370.29万元", "subject": "2015年", "subject_index": {"begin": 0, "end": 5}, "object_index": {"begin": 50, "end": 60}}]}
{"text": "公司其他应收款金额较小，主要为保证金或业务人员的备用金。截至2016年12月31日、2017年12月31日和2018年12月31日，公司其他应收款分别为61.94万元、64.50万元和36.63万元，占流动资产的比例分别为0.07%、0.05%和0.02%。", "spo_list": [{"predicate": "其他应收款余额", "object_type": "金额", "subject_type": "日期", "object": "36.63万元", "subject": "2018年12月31日", "subject_index": {"begin": 54, "end": 65}, "object_index": {"begin": 92, "end": 99}}, {"predicate": "其他应收款余额", "object_type": "金额", "subject_type": "日期", "object": "64.50万元", "subject": "2017年12月31日", "subject_index": {"begin": 42, "end": 53}, "object_index": {"begin": 84, "end": 91}}, {"predicate": "其他应付款余额", "object_type": "金额", "subject_type": "日期", "object": "61.94万元", "subject": "2016年12月31日", "subject_index": {"begin": 30, "end": 41}, "object_index": {"begin": 76, "end": 83}}]}
{"text": "2017年末，存货余额较2016年末增加12,878.98万元", "spo_list": [{"predicate": "存货余额", "object_type": "金额", "subject_type": "日期", "object": "12,878.98万元", "subject": "2017年末", "subject_index": {"begin": 0, "end": 6}, "object_index": {"begin": 20, "end": 31}}]}
{"text": "2016年度、2017年度和2018年度，发行人实现的销售收入分别为115,145.47万元、147,840.70万元和176,663.18万元，销售收入逐年上升；各报告期末在手订单金额分别为21,308.92万元、36,648.40万元和41,315.71万元", "spo_list": [{"predicate": "其他收益", "object_type": "金额", "subject_type": "日期", "object": "176,663.18万元", "subject": "2018年度", "subject_index": {"begin": 14, "end": 20}, "object_index": {"begin": 60, "end": 72}}, {"predicate": "其他收益", "object_type": "金额", "subject_type": "日期", "object": "147,840.70万元", "subject": "2017年度", "subject_index": {"begin": 7, "end": 13}, "object_index": {"begin": 47, "end": 59}}, {"predicate": "其他收益", "object_type": "金额", "subject_type": "日期", "object": "115,145.47万元", "subject": "2016年度", "subject_index": {"begin": 0, "end": 6}, "object_index": {"begin": 34, "end": 46}}]}
{"text": "报告期内公司存货周转天数平均为107.08天。2016年末、2017年末和2018年末，公司存货账面余额分别为26,524.20万元、39,403.18万元和43,904.58万元", "spo_list": [{"predicate": "存货账面余额", "object_type": "金额", "subject_type": "日期", "object": "39,403.18万元", "subject": "2017年末", "subject_index": {"begin": 30, "end": 36}, "object_index": {"begin": 67, "end": 78}}, {"predicate": "存货账面余额", "object_type": "金额", "subject_type": "日期", "object": "43,904.58万元", "subject": "2018年末", "subject_index": {"begin": 37, "end": 43}, "object_index": {"begin": 79, "end": 90}}, {"predicate": "存货账面余额", "object_type": "金额", "subject_type": "日期", "object": "26,524.20万元", "subject": "2016年末", "subject_index": {"begin": 23, "end": 29}, "object_index": {"begin": 55, "end": 66}}]}
{"text": "截至2016年12月31日、2017年12月31日和2018年12月31日，公司固定资产账面价值分别为35,154.60万元、40,306.88万元和43,776.24万元，占非流动资产比例分别为68.39%、65.90%和63.42%。公司固定资产主要由房屋及建筑物和机器设备组成。", "spo_list": [{"predicate": "净资产评估值", "object_type": "金额", "subject_type": "日期", "object": "43,776.24万元", "subject": "2018年12月31日", "subject_index": {"begin": 26, "end": 37}, "object_index": {"begin": 75, "end": 86}}, {"predicate": "净资产账面价值", "object_type": "金额", "subject_type": "日期", "object": "40,306.88万元", "subject": "2017年12月31日", "subject_index": {"begin": 14, "end": 25}, "object_index": {"begin": 63, "end": 74}}, {"predicate": "净资产账面价值", "object_type": "金额", "subject_type": "日期", "object": "35,154.60万元", "subject": "2016年12月31日", "subject_index": {"begin": 2, "end": 13}, "object_index": {"begin": 51, "end": 62}}]}
{"text": "截至2016年12月31日、2017年12月31日和2018年12月31日，公司在建工程金额分别0万元、998.93万元和8,210.94万元，占非流动资产的比例分别为0%、1.63%和11.89%。", "spo_list": [{"predicate": "在建工程余额", "object_type": "金额", "subject_type": "日期", "object": "8,210.94万元", "subject": "2018年12月31日", "subject_index": {"begin": 26, "end": 37}, "object_index": {"begin": 61, "end": 71}}, {"predicate": "在建工程余额", "object_type": "金额", "subject_type": "日期", "object": "998.93万元", "subject": "2017年12月31日", "subject_index": {"begin": 14, "end": 25}, "object_index": {"begin": 52, "end": 60}}, {"predicate": "在建工程余额", "object_type": "金额", "subject_type": "日期", "object": "0万元", "subject": "2016年12月31日", "subject_index": {"begin": 2, "end": 13}, "object_index": {"begin": 48, "end": 51}}]}
{"text": "公司递延所得税主要由业务重组、计提资产减值准备和递延收益组成。截至2016年12月31日、2017年12月31日和2018年12月31日，公司递延所得税资产金额分别为1,705.55万元、1,852.59万元和2,093.42万元，占非流动资产的比例分别为3.32%、3.03%和3.03%。", "spo_list": [{"predicate": "递延所得税资产", "object_type": "金额", "subject_type": "日期", "object": "2,093.42万元", "subject": "2018年12月31日", "subject_index": {"begin": 57, "end": 68}, "object_index": {"begin": 105, "end": 115}}, {"predicate": "递延所得税资产", "object_type": "金额", "subject_type": "日期", "object": "1,852.59万元", "subject": "2017年12月31日", "subject_index": {"begin": 45, "end": 56}, "object_index": {"begin": 94, "end": 104}}, {"predicate": "递延所得税资产", "object_type": "金额", "subject_type": "日期", "object": "1,705.55万元", "subject": "2016年12月31日", "subject_index": {"begin": 33, "end": 44}, "object_index": {"begin": 83, "end": 93}}]}
{"text": "截至2016年12月31日、2017年12月31日和2018年12月31日，公司主要资产的减值准备分别为4,159.29万元、5,402.32万元和7,270.84万元。", "spo_list": [{"predicate": "资产减值损失", "object_type": "金额", "subject_type": "日期", "object": "7,270.84万元", "subject": "2018年12月31日", "subject_index": {"begin": 26, "end": 37}, "object_index": {"begin": 74, "end": 84}}, {"predicate": "资产减值损失", "object_type": "金额", "subject_type": "日期", "object": "5,402.32万元", "subject": "2017年12月31日", "subject_index": {"begin": 14, "end": 25}, "object_index": {"begin": 63, "end": 73}}, {"predicate": "资产减值损失", "object_type": "金额", "subject_type": "日期", "object": "4,159.29万元", "subject": "2016年12月31日", "subject_index": {"begin": 2, "end": 13}, "object_index": {"begin": 52, "end": 62}}]}
{"text": "2017年年末，公司应付票据较2016年末增加23,890.99万元，主要系：1）公司在手订单增加，扩大生产规模的同时增加了原材料采购金额；2）公司扩大向供应商付款时票据支付的比例，减少了银行转账的比例，导致2017年四季度新票据开立金额增加。", "spo_list": [{"predicate": "应付票据", "object_type": "金额", "subject_type": "日期", "object": "23,890.99万元", "subject": "2017年年末", "subject_index": {"begin": 0, "end": 7}, "object_index": {"begin": 23, "end": 34}}]}
{"text": "2018年末，公司应付票据较2017年末增加8,512.47万元，增幅为17.06%，主要系经营规模扩大，采购规模增加以及公司更多使用新开立票据支付货款所致。", "spo_list": [{"predicate": "应付票据", "object_type": "金额", "subject_type": "日期", "object": "8,512.47万元", "subject": "2018年末", "subject_index": {"begin": 0, "end": 6}, "object_index": {"begin": 22, "end": 32}}]}
{"text": "2017年末，公司应付账款较2016年末减少了368.79万元，2018年末，公司应付账款余额较2017年末增加3,664.27万元，增幅为20.46%，主要系2017年四季度在手订单增长较快，且主要原材料处于上涨趋势，公司增加了原材料采购量，并以票据提前支付部分货款，导致2017年末应付账款金额较低。", "spo_list": [{"predicate": "应付账款余额", "object_type": "金额", "subject_type": "日期", "object": "368.79万元", "subject": "2017年末", "subject_index": {"begin": 0, "end": 6}, "object_index": {"begin": 23, "end": 31}}, {"predicate": "应付账款余额", "object_type": "金额", "subject_type": "日期", "object": "3,664.27万元", "subject": "2018年末", "subject_index": {"begin": 32, "end": 38}, "object_index": {"begin": 56, "end": 66}}]}
{"text": "2016年末、2017年末和2018年末，公司预收账款中预收货款的金额分别为4,223.30万元、4,772.76万元和5,538.83万元，主要包括：1）对于部分合作历史较短的新客户，公司要求款到发货；2）对于部分定制化程度较高的产品订单，公司要求客户先支付部分货款。", "spo_list": [{"predicate": "预收款项", "object_type": "金额", "subject_type": "日期", "object": "5,538.83万元", "subject": "2018年末", "subject_index": {"begin": 14, "end": 20}, "object_index": {"begin": 60, "end": 70}}, {"predicate": "预收款项", "object_type": "金额", "subject_type": "日期", "object": "4,772.76万元", "subject": "2017年末", "subject_index": {"begin": 7, "end": 13}, "object_index": {"begin": 49, "end": 59}}, {"predicate": "预收款项", "object_type": "金额", "subject_type": "日期", "object": "4,223.30万元", "subject": "2016年末", "subject_index": {"begin": 0, "end": 6}, "object_index": {"begin": 38, "end": 48}}]}
{"text": "公司其他应付款主要为招标保证金。截至2016年12月31日、2017年12月31日和2018年12月31日，公司其他应付款分别为34.92万元、0元和82.00万元，总体金额较小。", "spo_list": [{"predicate": "其他应付款余额", "object_type": "金额", "subject_type": "日期", "object": "82.00万元", "subject": "2018年12月31日", "subject_index": {"begin": 42, "end": 53}, "object_index": {"begin": 75, "end": 82}}, {"predicate": "其他应付款余额", "object_type": "金额", "subject_type": "日期", "object": "0元", "subject": "2017年12月31日", "subject_index": {"begin": 30, "end": 41}, "object_index": {"begin": 72, "end": 74}}, {"predicate": "其他应收款余额", "object_type": "金额", "subject_type": "日期", "object": "34.92万元", "subject": "2016年12月31日", "subject_index": {"begin": 18, "end": 29}, "object_index": {"begin": 64, "end": 71}}]}
{"text": "2017年公司减速机产品实现销售收入141,881.88万元，较2016年度增长29.45%，增长较为明显。2018年度，公司减速机产品实现销售收入169,581.82万元，较2017年度增长19.52%", "spo_list": [{"predicate": "其他收益", "object_type": "金额", "subject_type": "日期", "object": "169,581.82万元", "subject": "2018年度", "subject_index": {"begin": 54, "end": 60}, "object_index": {"begin": 74, "end": 86}}, {"predicate": "其他收益", "object_type": "金额", "subject_type": "日期", "object": "141,881.88万元", "subject": "2017年", "subject_index": {"begin": 0, "end": 5}, "object_index": {"begin": 18, "end": 30}}]}
{"text": "2016年度、2017年度和2018年度，公司摆线针轮减速机产品销售收入分别为30,506.41万元、38,109.87万元和42,411.97万元", "spo_list": [{"predicate": "其他收益", "object_type": "金额", "subject_type": "日期", "object": "42,411.97万元", "subject": "2018年度", "subject_index": {"begin": 14, "end": 20}, "object_index": {"begin": 63, "end": 74}}, {"predicate": "其他收益", "object_type": "金额", "subject_type": "日期", "object": "38,109.87万元", "subject": "2017年度", "subject_index": {"begin": 7, "end": 13}, "object_index": {"begin": 51, "end": 62}}, {"predicate": "其他收益", "object_type": "金额", "subject_type": "日期", "object": "30,506.41万元", "subject": "2016年度", "subject_index": {"begin": 0, "end": 6}, "object_index": {"begin": 39, "end": 50}}]}
{"text": "2016年度、2017年度和2018年度，公司直销实现的毛利分别为14,122.94万元、18,023.95万元和23,025.98万元，占毛利总额的比重分别为52.89%、53.53%和50.35%", "spo_list": [{"predicate": "毛利额", "object_type": "金额", "subject_type": "日期", "object": "23,025.98万元", "subject": "2018年度", "subject_index": {"begin": 14, "end": 20}, "object_index": {"begin": 57, "end": 68}}, {"predicate": "毛利额", "object_type": "金额", "subject_type": "日期", "object": "18,023.95万元", "subject": "2017年度", "subject_index": {"begin": 7, "end": 13}, "object_index": {"begin": 45, "end": 56}}, {"predicate": "毛利额", "object_type": "金额", "subject_type": "日期", "object": "14,122.94万元", "subject": "2016年度", "subject_index": {"begin": 0, "end": 6}, "object_index": {"begin": 33, "end": 44}}]}
{"text": "本公司发生的销售费用主要由运输费、职工薪酬、业务招待费和差旅费构成。2016年度、2017年度和2018年度，公司销售费用分别为7,736.52万元、9,325.89万元和10,529.39万元，占当期营业收入的比重分别为6.72%、6.31%和5.96%。", "spo_list": [{"predicate": "销售费用", "object_type": "金额", "subject_type": "日期", "object": "10,529.39万元", "subject": "2018年度", "subject_index": {"begin": 48, "end": 54}, "object_index": {"begin": 86, "end": 97}}, {"predicate": "销售费用", "object_type": "金额", "subject_type": "日期", "object": "9,325.89万元", "subject": "2017年度", "subject_index": {"begin": 41, "end": 47}, "object_index": {"begin": 75, "end": 85}}, {"predicate": "销售费用", "object_type": "金额", "subject_type": "日期", "object": "7,736.52万元", "subject": "2016年度", "subject_index": {"begin": 34, "end": 40}, "object_index": {"begin": 64, "end": 74}}]}
{"text": "报告期内，公司投资活动产生的现金流量净额分别为-6,240.90万元、-12,997.08万元和-12,775.54万元。报告期内，影响公司投资活动产生的现金流量净额的因素主要为用于购买固定资产、无形资产和其他长期资产支付的现金，各报告期的金额分别为6,373.31万元、13,098.57万元和12,863.07万元，同期公司资本性支出金额分别为5,909.61万元、10,890.26万元和15,525.98万元，", "spo_list": [{"predicate": "公司投资活动产生的现金流量净额", "object_type": "金额", "subject_type": "日期", "object": "-6,240.90万元", "subject": "报告期内", "subject_index": {"begin": 0, "end": 4}, "object_index": {"begin": 23, "end": 34}}, {"predicate": "公司投资活动产生的现金流量净额", "object_type": "金额", "subject_type": "日期", "object": "-12,997.08万元", "subject": "报告期内", "subject_index": {"begin": 0, "end": 4}, "object_index": {"begin": 35, "end": 47}}, {"predicate": "公司投资活动产生的现金流量净额", "object_type": "金额", "subject_type": "日期", "object": "-12,775.54万元", "subject": "报告期内", "subject_index": {"begin": 0, "end": 4}, "object_index": {"begin": 48, "end": 60}}, {"predicate": "无形资产", "object_type": "金额", "subject_type": "日期", "object": "13,098.57万元", "subject": "报告期内", "subject_index": {"begin": 61, "end": 65}, "object_index": {"begin": 136, "end": 147}}]}
{"text": "截至本招股说明书签署日，公司资产负债率较低。2016年末、2017年末和2018年末，公司合并口径资产负债率分别为42.95%、48.35%和46.39%；2016年度、2017年度和2018年度，公司息税折旧摊销前利润分别为15,039.66万元、19,982.53万元和30,219.01万元。公司具备较强的偿债能力。", "spo_list": [{"predicate": "息税折旧摊销前利润", "object_type": "金额", "subject_type": "日期", "object": "30,219.01万元", "subject": "2018年度", "subject_index": {"begin": 92, "end": 98}, "object_index": {"begin": 137, "end": 148}}, {"predicate": "息税折旧摊销前利润", "object_type": "金额", "subject_type": "日期", "object": "19,982.53万元", "subject": "2017年度", "subject_index": {"begin": 85, "end": 91}, "object_index": {"begin": 125, "end": 136}}, {"predicate": "息税折旧摊销前利润", "object_type": "金额", "subject_type": "日期", "object": "15,039.66万元", "subject": "2016年度", "subject_index": {"begin": 78, "end": 84}, "object_index": {"begin": 113, "end": 124}}]}
