{"text": "报告期内，发行人向关联方销售商品的金额分别为782.41亿元、696.25亿元和433.07亿元，分别占当期主营业务收入的28.75%、25.62%和12.27%", "spo_list": [{"predicate": "销售费用", "object_type": "金额", "subject_type": "日期", "object": "782.41亿元", "subject": "报告期内", "subject_index": {"begin": 0, "end": 4}, "object_index": {"begin": 22, "end": 30}}, {"predicate": "销售费用", "object_type": "金额", "subject_type": "日期", "object": "696.25亿元", "subject": "报告期内", "subject_index": {"begin": 0, "end": 4}, "object_index": {"begin": 31, "end": 39}}, {"predicate": "销售费用", "object_type": "金额", "subject_type": "日期", "object": "433.07亿元", "subject": "报告期内", "subject_index": {"begin": 0, "end": 4}, "object_index": {"begin": 40, "end": 48}}]}
{"text": "2016年末，公司货币资金余额较2015年末减少46.71亿元，减幅为48.63%，主要因为部分子公司于2016年偿还了部分银行借款以及该年末根据订单需求增加采购备货", "spo_list": [{"predicate": "货币资金余额", "object_type": "金额", "subject_type": "日期", "object": "46.71亿元", "subject": "2016年末", "subject_index": {"begin": 0, "end": 6}, "object_index": {"begin": 24, "end": 31}}]}
{"text": "报告期各期末，公司非流动资产分别为139.83亿元、138.27亿元和119.26亿元，其中固定资产占比分别为85.88%、82.16%和75.74%，是非流动资产中最主要的组成部分", "spo_list": [{"predicate": "非流动资产", "object_type": "金额", "subject_type": "日期", "object": "139.83亿元", "subject": "报告期各期末", "subject_index": {"begin": 0, "end": 6}, "object_index": {"begin": 17, "end": 25}}, {"predicate": "非流动资产", "object_type": "金额", "subject_type": "日期", "object": "138.27亿元", "subject": "报告期各期末", "subject_index": {"begin": 0, "end": 6}, "object_index": {"begin": 26, "end": 34}}, {"predicate": "非流动资产", "object_type": "金额", "subject_type": "日期", "object": "119.26亿元", "subject": "报告期各期末", "subject_index": {"begin": 0, "end": 6}, "object_index": {"begin": 35, "end": 43}}]}
{"text": "报告期各期末，公司在建工程账面价值分别为3.14亿元、5.46亿元和7.28亿元，占各期末非流动资产的比例分别为2.25%、3.95%和6.10%。", "spo_list": [{"predicate": "在建工程账面价值", "object_type": "金额", "subject_type": "日期", "object": "3.14亿元", "subject": "报告期各期末", "subject_index": {"begin": 0, "end": 6}, "object_index": {"begin": 20, "end": 26}}, {"predicate": "在建工程账面价值", "object_type": "金额", "subject_type": "日期", "object": "5.46亿元", "subject": "报告期各期末", "subject_index": {"begin": 0, "end": 6}, "object_index": {"begin": 27, "end": 33}}, {"predicate": "在建工程账面价值", "object_type": "金额", "subject_type": "日期", "object": "7.28亿元", "subject": "报告期各期末", "subject_index": {"begin": 0, "end": 6}, "object_index": {"begin": 34, "end": 40}}]}
{"text": "报告期各期末，公司长期待摊费用分别为1.51亿元、2.31亿元和3.41亿元，占各期末非流动资产的比例分别为1.08%、1.67%和2.86%。长期待摊费用主要为公司租入固定资产及设备的改良支出，即对经营租入厂房的装修支出和租入设备改造支出。", "spo_list": [{"predicate": "长期待摊费用", "object_type": "金额", "subject_type": "日期", "object": "1.51亿元", "subject": "报告期各期末", "subject_index": {"begin": 0, "end": 6}, "object_index": {"begin": 18, "end": 24}}, {"predicate": "长期待摊费用", "object_type": "金额", "subject_type": "日期", "object": "2.31亿元", "subject": "报告期各期末", "subject_index": {"begin": 0, "end": 6}, "object_index": {"begin": 25, "end": 31}}, {"predicate": "长期待摊费用", "object_type": "金额", "subject_type": "日期", "object": "3.41亿元", "subject": "报告期各期末", "subject_index": {"begin": 0, "end": 6}, "object_index": {"begin": 32, "end": 38}}]}
{"text": "报告期各期末，账龄超过一年的其他应付款分别为3.34亿元、1.15亿元和1.55亿元，占比很低，主要为作为质保金而在保修期内延迟支付的工程设备尾款以及收取的供应商保证金。", "spo_list": [{"predicate": "其他应付款", "object_type": "金额", "subject_type": "日期", "object": "3.34亿元", "subject": "报告期各期末", "subject_index": {"begin": 0, "end": 6}, "object_index": {"begin": 22, "end": 28}}, {"predicate": "其他应付款", "object_type": "金额", "subject_type": "日期", "object": "1.15亿元", "subject": "报告期各期末", "subject_index": {"begin": 0, "end": 6}, "object_index": {"begin": 29, "end": 35}}, {"predicate": "其他应付款", "object_type": "金额", "subject_type": "日期", "object": "1.55亿元", "subject": "报告期各期末", "subject_index": {"begin": 0, "end": 6}, "object_index": {"begin": 36, "end": 42}}]}
{"text": "2015年度、2016年度和2017年度，公司的云服务设备的销售收入分别为954.02亿元、1,028,37亿元和1,203.94亿元，占当期主营业务收入的比例分别为35.06%、37.84%和34.10%。报告期内，公司云服务设备主要产品为服务器、存储设备和云服务设备高精密机构件等。", "spo_list": [{"predicate": "其他收益", "object_type": "金额", "subject_type": "日期", "object": "954.02亿元", "subject": "2015年度", "subject_index": {"begin": 0, "end": 6}, "object_index": {"begin": 37, "end": 45}}, {"predicate": "其他收益", "object_type": "金额", "subject_type": "日期", "object": "1,028,37亿元", "subject": "2016年度", "subject_index": {"begin": 7, "end": 13}, "object_index": {"begin": 46, "end": 56}}, {"predicate": "其他收益", "object_type": "金额", "subject_type": "日期", "object": "1,203.94亿元", "subject": "2017年度", "subject_index": {"begin": 14, "end": 20}, "object_index": {"begin": 57, "end": 67}}]}
{"text": "报告期内，公司资产减值损失主要由存货跌价损失和坏账损失构成，分别为7.66亿元、3.13亿元和7.70亿元。2016年公司存货跌价损失较2015年减少5.21亿元，主要原因是2016年存货库龄结构基本保持稳定，补充计提存货跌价损失较少。2017年，存货跌价损失较2016年增加1.23亿元，", "spo_list": [{"predicate": "资产减值损失", "object_type": "金额", "subject_type": "日期", "object": "7.66亿元", "subject": "报告期内", "subject_index": {"begin": 0, "end": 4}, "object_index": {"begin": 33, "end": 39}}, {"predicate": "资产减值损失", "object_type": "金额", "subject_type": "日期", "object": "3.13亿元", "subject": "报告期内", "subject_index": {"begin": 0, "end": 4}, "object_index": {"begin": 40, "end": 46}}, {"predicate": "资产减值损失", "object_type": "金额", "subject_type": "日期", "object": "7.70亿元", "subject": "报告期内", "subject_index": {"begin": 0, "end": 4}, "object_index": {"begin": 47, "end": 53}}, {"predicate": "存货跌价损失", "object_type": "金额", "subject_type": "日期", "object": "5.21亿元", "subject": "2016年", "subject_index": {"begin": 54, "end": 59}, "object_index": {"begin": 75, "end": 81}}]}
{"text": "报告期内，公司非经常损益分别为3.87亿元、2.54亿元和-0.84亿元。报告期内公司非经常损益主要包括计入当期损益的政府补助以及非流动资产处置损失或收益等", "spo_list": [{"predicate": "非经常性损益", "object_type": "金额", "subject_type": "日期", "object": "3.87亿元", "subject": "报告期内", "subject_index": {"begin": 0, "end": 4}, "object_index": {"begin": 15, "end": 21}}, {"predicate": "非经常性损益", "object_type": "金额", "subject_type": "日期", "object": "2.54亿元", "subject": "报告期内", "subject_index": {"begin": 0, "end": 4}, "object_index": {"begin": 22, "end": 28}}, {"predicate": "非经常性损益", "object_type": "金额", "subject_type": "日期", "object": "-0.84亿元", "subject": "报告期内", "subject_index": {"begin": 0, "end": 4}, "object_index": {"begin": 29, "end": 36}}]}
{"text": "截至2017年12月31日，公司合并报表口径无形资产净额为2.25亿元，具体构成情况如下：", "spo_list": [{"predicate": "无形资产账面价值", "object_type": "金额", "subject_type": "日期", "object": "2.25亿元", "subject": "2017年12月31日", "subject_index": {"begin": 2, "end": 13}, "object_index": {"begin": 29, "end": 35}}]}
{"text": "报告期各期末，公司存货账面价值分别为270.55亿元、285.61亿元和355.51亿元，主要为原材料、半成品、产成品、发出商品和在途材料。", "spo_list": [{"predicate": "存货账面价值", "object_type": "金额", "subject_type": "日期", "object": "270.55亿元", "subject": "报告期各期末", "subject_index": {"begin": 0, "end": 6}, "object_index": {"begin": 18, "end": 26}}, {"predicate": "存货账面价值", "object_type": "金额", "subject_type": "日期", "object": "285.61亿元", "subject": "报告期各期末", "subject_index": {"begin": 0, "end": 6}, "object_index": {"begin": 27, "end": 35}}, {"predicate": "存货账面价值", "object_type": "金额", "subject_type": "日期", "object": "355.51亿元", "subject": "报告期各期末", "subject_index": {"begin": 0, "end": 6}, "object_index": {"begin": 36, "end": 44}}]}
{"text": "报告期各期末，公司无形资产账面价值分别为2.41亿元、2.44亿元和2.25亿元，占当期非流动资产的比例分别为1.72%、1.77%和1.89%，公司的无形资产主要为土地使用权", "spo_list": [{"predicate": "无形资产账面价值", "object_type": "金额", "subject_type": "日期", "object": "2.41亿元", "subject": "报告期各期末", "subject_index": {"begin": 0, "end": 6}, "object_index": {"begin": 20, "end": 26}}, {"predicate": "无形资产账面价值", "object_type": "金额", "subject_type": "日期", "object": "2.44亿元", "subject": "报告期各期末", "subject_index": {"begin": 0, "end": 6}, "object_index": {"begin": 27, "end": 33}}, {"predicate": "无形资产账面价值", "object_type": "金额", "subject_type": "日期", "object": "2.25亿元", "subject": "报告期各期末", "subject_index": {"begin": 0, "end": 6}, "object_index": {"begin": 34, "end": 40}}]}
{"text": "2015年度、2016年度和2017年度，公司的通信网络设备销售收入分别为1,551.25亿元、1,476.46亿元和2,145.01亿元，占当期主营业务收入的比例分别为57.01%、54.33%和60.75%。报告期内，公司通信网络设备的主要产品为网络设备、通信网络设备高精密机构件和电信设备等。", "spo_list": [{"predicate": "其他收益", "object_type": "金额", "subject_type": "日期", "object": "1,551.25亿元", "subject": "2015年", "subject_index": {"begin": 0, "end": 5}, "object_index": {"begin": 37, "end": 47}}, {"predicate": "其他收益", "object_type": "金额", "subject_type": "日期", "object": "1,476.46亿元", "subject": "2016年", "subject_index": {"begin": 7, "end": 12}, "object_index": {"begin": 48, "end": 58}}, {"predicate": "其他收益", "object_type": "金额", "subject_type": "日期", "object": "2,145.01亿元", "subject": "2017年", "subject_index": {"begin": 14, "end": 19}, "object_index": {"begin": 59, "end": 69}}]}
{"text": "2015年度、2016年度和2017年度公司销售费用分别为15.86亿元、16.49亿元和17.93亿元，占当期营业收入的比例分别为0.58%、0.60%和0.51%，占比基本保持稳定。", "spo_list": [{"predicate": "销售费用", "object_type": "金额", "subject_type": "日期", "object": "15.86亿元", "subject": "2015年", "subject_index": {"begin": 0, "end": 5}, "object_index": {"begin": 29, "end": 36}}, {"predicate": "销售费用", "object_type": "金额", "subject_type": "日期", "object": "16.49亿元", "subject": "2016年", "subject_index": {"begin": 7, "end": 12}, "object_index": {"begin": 37, "end": 44}}, {"predicate": "销售费用", "object_type": "金额", "subject_type": "日期", "object": "17.93亿元", "subject": "2017年", "subject_index": {"begin": 14, "end": 19}, "object_index": {"begin": 45, "end": 52}}]}
{"text": "报告期内，公司营业外收入分别为3.43亿元、2.97亿元和0.88亿元。公司营业外收入主要是政府补助，包括税收返还和销售收入补贴。", "spo_list": [{"predicate": "营业外收入", "object_type": "金额", "subject_type": "日期", "object": "3.43亿元", "subject": "报告期内", "subject_index": {"begin": 0, "end": 4}, "object_index": {"begin": 15, "end": 21}}, {"predicate": "营业外收入", "object_type": "金额", "subject_type": "日期", "object": "2.97亿元", "subject": "报告期内", "subject_index": {"begin": 0, "end": 4}, "object_index": {"begin": 22, "end": 28}}, {"predicate": "营业外收入", "object_type": "金额", "subject_type": "日期", "object": "0.88亿元", "subject": "报告期内", "subject_index": {"begin": 0, "end": 4}, "object_index": {"begin": 29, "end": 35}}]}
{"text": "报告期内，公司投资活动现金流量净额分别为-20.34亿元、-23.40亿元和-23.67亿元。报告期内，公司投资活动产生的现金流量净额保持相对稳定", "spo_list": [{"predicate": "公司投资活动产生的现金流量净额", "object_type": "金额", "subject_type": "日期", "object": "-20.34亿元", "subject": "报告期内", "subject_index": {"begin": 0, "end": 4}, "object_index": {"begin": 20, "end": 28}}, {"predicate": "公司投资活动产生的现金流量净额", "object_type": "金额", "subject_type": "日期", "object": "-23.40亿元", "subject": "报告期内", "subject_index": {"begin": 0, "end": 4}, "object_index": {"begin": 29, "end": 37}}, {"predicate": "公司投资活动产生的现金流量净额", "object_type": "金额", "subject_type": "日期", "object": "-23.67亿元", "subject": "报告期内", "subject_index": {"begin": 0, "end": 4}, "object_index": {"begin": 38, "end": 46}}]}
{"text": "2017年度，公司筹资活动产生的现金流量净额较2016年度增加260.61亿元，主要原因为满足开展业务需要公司进行外部融资，导致取得借款收到的现金增加。", "spo_list": [{"predicate": "公司筹资活动产生的现金流量净额", "object_type": "金额", "subject_type": "日期", "object": "260.61亿元", "subject": "2017年度", "subject_index": {"begin": 0, "end": 6}, "object_index": {"begin": 31, "end": 39}}]}
{"text": "截至2017年12月31日，公司合并报表口径固定资产账面价值为90.33亿元，具体构成情况如下：", "spo_list": [{"predicate": "净资产账面价值", "object_type": "金额", "subject_type": "日期", "object": "90.33亿元", "subject": "2017年12月31日", "subject_index": {"begin": 2, "end": 13}, "object_index": {"begin": 31, "end": 38}}]}
{"text": "本次评估采用资产基础法，以2017年3月31日为评估基准日，评估结论如下：福匠科技评估基准日总资产账面价值为13,794.75万元，评估价值为13,794.75万元，评估无增值；总负债账面价值为9.40万元，评估价值为9.40万元，评估无增减值；净资产账面价值为13,785.34万元，净资产评估价值为13,785.34万元，评估无增减值。", "spo_list": [{"predicate": "净资产账面价值", "object_type": "金额", "subject_type": "日期", "object": "13,785.34万元", "subject": "2017年3月31日", "subject_index": {"begin": 13, "end": 23}, "object_index": {"begin": 131, "end": 142}}, {"predicate": "净资产评估值", "object_type": "金额", "subject_type": "日期", "object": "13,785.34万元", "subject": "2017年3月31日", "subject_index": {"begin": 13, "end": 23}, "object_index": {"begin": 151, "end": 162}}]}
{"text": "2016年末，公司存货的账面价值为285.61亿元，较2015年末小幅增加5.57%，基本保持稳定。2017年末，公司存货的账面价值较2016年末增加69.90亿元，增幅为24.47%，主要是因为2017年下半年，公司为应对客户订单的增加趋势相应增加了原材料和产成品备货。", "spo_list": [{"predicate": "存货账面价值", "object_type": "金额", "subject_type": "日期", "object": "69.90亿元", "subject": "2017年末", "subject_index": {"begin": 50, "end": 56}, "object_index": {"begin": 75, "end": 82}}, {"predicate": "存货账面价值", "object_type": "金额", "subject_type": "日期", "object": "285.61亿元", "subject": "2016年末", "subject_index": {"begin": 0, "end": 6}, "object_index": {"begin": 17, "end": 25}}]}
{"text": "报告期各期末，公司在建工程账面价值基本保持稳定增长趋势，2016年末较2015年末增加2.31亿元、2017年末较2016年末增加1.82亿元，主要原因是公司为扩大产能、满足客户新产品加工需要添置了部分机器设备。", "spo_list": [{"predicate": "在建工程账面价值", "object_type": "金额", "subject_type": "日期", "object": "2.31亿元", "subject": "2016年末", "subject_index": {"begin": 28, "end": 34}, "object_index": {"begin": 43, "end": 49}}, {"predicate": "在建工程账面价值", "object_type": "金额", "subject_type": "日期", "object": "1.82亿元", "subject": "2017年末", "subject_index": {"begin": 50, "end": 56}, "object_index": {"begin": 65, "end": 71}}]}
{"text": "报告期各期末，公司递延所得税资产分别为11.41亿元、12.85亿元和14.57亿元，占各期末非流动资产的比例分别为8.16%、9.29%和12.22%，公司的递延所得税资产主要由固定资产折旧、存货跌价准备、应付职工薪酬等可抵扣暂时性差异产生，上述三项占当期递延所得税资产比例分别为66.79%、65.64%和68.58%。", "spo_list": [{"predicate": "递延所得税资产", "object_type": "金额", "subject_type": "日期", "object": "14.57亿元", "subject": "报告期各期末", "subject_index": {"begin": 0, "end": 6}, "object_index": {"begin": 35, "end": 42}}, {"predicate": "递延所得税资产", "object_type": "金额", "subject_type": "日期", "object": "12.85亿元", "subject": "报告期各期末", "subject_index": {"begin": 0, "end": 6}, "object_index": {"begin": 27, "end": 34}}, {"predicate": "递延所得税资产", "object_type": "金额", "subject_type": "日期", "object": "11.41亿元", "subject": "报告期各期末", "subject_index": {"begin": 0, "end": 6}, "object_index": {"begin": 19, "end": 26}}]}
{"text": "2015年度、2016年度和2017年度，公司的主营业务毛利分别为281.83亿元、286.67亿元和353.62亿元。其中，通信网络设备毛利贡献率在80%以上，为公司的核心业务；云服务设备毛利贡献率在15%以上，是公司盈利的重要组成部分。上述两类产品和业务的毛利是公司利润的重要来源，这两类主营业务的发展推动了公司整体利润水平的提升，带动公司的净利润从2015年度的143.50亿元增长至2017年度的162.20亿元，复合年均增长率6.32%。", "spo_list": [{"predicate": "毛利额", "object_type": "金额", "subject_type": "日期", "object": "353.62亿元", "subject": "2017年度", "subject_index": {"begin": 14, "end": 20}, "object_index": {"begin": 51, "end": 59}}, {"predicate": "毛利额", "object_type": "金额", "subject_type": "日期", "object": "286.67亿元", "subject": "2016年度", "subject_index": {"begin": 7, "end": 13}, "object_index": {"begin": 42, "end": 50}}, {"predicate": "毛利额", "object_type": "金额", "subject_type": "日期", "object": "281.83亿元", "subject": "2015年度", "subject_index": {"begin": 0, "end": 6}, "object_index": {"begin": 33, "end": 41}}]}
{"text": "报告期内，公司投资收益分别为0.10亿元、-0.05亿元和0.18亿元，金额规模较小，对公司当期损益影响较小", "spo_list": [{"predicate": "投资收益", "object_type": "金额", "subject_type": "日期", "object": "0.18亿元", "subject": "报告期内", "subject_index": {"begin": 0, "end": 4}, "object_index": {"begin": 29, "end": 35}}, {"predicate": "投资收益", "object_type": "金额", "subject_type": "日期", "object": "-0.05亿元", "subject": "报告期内", "subject_index": {"begin": 0, "end": 4}, "object_index": {"begin": 21, "end": 28}}, {"predicate": "投资收益", "object_type": "金额", "subject_type": "日期", "object": "0.10亿元", "subject": "报告期内", "subject_index": {"begin": 0, "end": 4}, "object_index": {"begin": 14, "end": 20}}]}
{"text": "报告期内，公司营业外支出分别为1,401万元、739万元和418万元，其金额规模相对净利润较小、对净利润的影响较小。", "spo_list": [{"predicate": "营业外支出", "object_type": "金额", "subject_type": "日期", "object": "418万元", "subject": "报告期内", "subject_index": {"begin": 0, "end": 4}, "object_index": {"begin": 29, "end": 34}}, {"predicate": "营业外支出", "object_type": "金额", "subject_type": "日期", "object": "1,401万元", "subject": "报告期内", "subject_index": {"begin": 0, "end": 4}, "object_index": {"begin": 15, "end": 22}}, {"predicate": "营业外支出", "object_type": "金额", "subject_type": "日期", "object": "739万元", "subject": "报告期内", "subject_index": {"begin": 0, "end": 4}, "object_index": {"begin": 23, "end": 28}}]}
{"text": "报告期内，公司筹资活动现金流量净额分别为-46.08亿元、-224.75亿元和35.86亿元。2016年度，公司筹资活动产生的现金流量净额较2015年度减少178.67亿元，主要是因为本次重组中分拆业务主体的货币资金仍保留在其所属原法人主体内，", "spo_list": [{"predicate": "公司筹资活动产生的现金流量净额", "object_type": "金额", "subject_type": "日期", "object": "-46.08亿元", "subject": "报告期内", "subject_index": {"begin": 0, "end": 4}, "object_index": {"begin": 20, "end": 28}}, {"predicate": "公司筹资活动产生的现金流量净额", "object_type": "金额", "subject_type": "日期", "object": "-224.75亿元", "subject": "报告期内", "subject_index": {"begin": 0, "end": 4}, "object_index": {"begin": 29, "end": 38}}, {"predicate": "公司筹资活动产生的现金流量净额", "object_type": "金额", "subject_type": "日期", "object": "35.86亿元", "subject": "报告期内", "subject_index": {"begin": 0, "end": 4}, "object_index": {"begin": 39, "end": 46}}, {"predicate": "公司筹资活动产生的现金流量净额", "object_type": "金额", "subject_type": "日期", "object": "178.67亿元", "subject": "2016年度", "subject_index": {"begin": 47, "end": 53}, "object_index": {"begin": 78, "end": 86}}]}
