{"text": "本行为公司客户提供多种中间业务产品与服务，发展中间业务产品和服务是本行的战略重点之一。2009年，本行公司银行业务手续费和佣金净收入为16.71亿元，同比增长33.6%。", "spo_list": [{"predicate": "其他收益", "object_type": "金额", "subject_type": "日期", "object": "16.71亿元", "subject": "2009年", "subject_index": {"begin": 43, "end": 48}, "object_index": {"begin": 67, "end": 74}}]}
{"text": "截至2009年、2008年和2007年12月31日，本行拆出资金净额分别为90.61亿元、195.52亿元和126.47亿元，本行拆出资金净额的变动主要是本行资产负债流动性管理的正常波动。2009年，本行根据对于未来利率走势的判断，提前进行资产负债结构调整，降低了拆出资金规模。本行拆出资金减值损失准备余额截至2009年、2008年和2007年12月31日分别为0.01亿元、0.01亿元和5.48亿元。", "spo_list": [{"predicate": "资产减值损失", "object_type": "金额", "subject_type": "日期", "object": "0.01亿元", "subject": "2009年", "subject_index": {"begin": 155, "end": 160}, "object_index": {"begin": 181, "end": 187}}, {"predicate": "资产减值损失", "object_type": "金额", "subject_type": "日期", "object": "0.01亿元", "subject": "2008年", "subject_index": {"begin": 161, "end": 166}, "object_index": {"begin": 188, "end": 194}}, {"predicate": "资产减值损失", "object_type": "金额", "subject_type": "日期", "object": "5.48亿元", "subject": "2007年12月31日", "subject_index": {"begin": 167, "end": 178}, "object_index": {"begin": 195, "end": 201}}]}
{"text": "2009年，客户贷款利息收入为289.17亿元，客户贷款平均收益率从2008年的6.88%大幅下降至4.72%，客户贷款平均余额由4,696.74亿元增至6,123.24亿元，增长了30.4%。2008年，客户贷款利息收入为323.29亿元，较2007年同比增长34.0%，主要是由于客户贷款平均余额由4,053.27亿元增至4,696.74亿元，增长了15.9%，以及客户贷款平均收益率由2007年的5.95%大幅提高至6.88%。", "spo_list": [{"predicate": "其他收益", "object_type": "金额", "subject_type": "日期", "object": "289.17亿元", "subject": "2009年", "subject_index": {"begin": 0, "end": 5}, "object_index": {"begin": 15, "end": 23}}]}
{"text": "2009年、2008年和2007年代理业务手续费收入分别为4.99亿元、5.20亿元和5.01亿元，收入水平基本保持稳定，主要是由于本行代理业务规模保持相对稳定", "spo_list": [{"predicate": "其他收益", "object_type": "金额", "subject_type": "日期", "object": "4.99亿元", "subject": "2009年", "subject_index": {"begin": 0, "end": 5}, "object_index": {"begin": 29, "end": 35}}, {"predicate": "其他收益", "object_type": "金额", "subject_type": "日期", "object": "5.20亿元", "subject": "2008年", "subject_index": {"begin": 6, "end": 11}, "object_index": {"begin": 36, "end": 42}}, {"predicate": "其他收益", "object_type": "金额", "subject_type": "日期", "object": "5.01亿元", "subject": "2007年", "subject_index": {"begin": 12, "end": 17}, "object_index": {"begin": 43, "end": 49}}]}
{"text": "2009年、2008年和2007年，本行其他非利息收入分别为15.00亿元、1.90亿元和10.82亿元。", "spo_list": [{"predicate": "其他收益", "object_type": "金额", "subject_type": "日期", "object": "15.00亿元", "subject": "2009年", "subject_index": {"begin": 0, "end": 5}, "object_index": {"begin": 30, "end": 37}}, {"predicate": "其他收益", "object_type": "金额", "subject_type": "日期", "object": "1.90亿元", "subject": "2008年", "subject_index": {"begin": 6, "end": 11}, "object_index": {"begin": 38, "end": 44}}, {"predicate": "其他收益", "object_type": "金额", "subject_type": "日期", "object": "10.82亿元", "subject": "2007年", "subject_index": {"begin": 12, "end": 17}, "object_index": {"begin": 45, "end": 52}}]}
{"text": "2009年、2008年和2007年本行的业务及管理费分别为95.33亿元、83.01亿元和63.77亿元，2007年至2009年年复合增长率为22.3%。", "spo_list": [{"predicate": "管理费用", "object_type": "金额", "subject_type": "日期", "object": "95.33亿元", "subject": "2009年", "subject_index": {"begin": 0, "end": 5}, "object_index": {"begin": 29, "end": 36}}, {"predicate": "管理费用", "object_type": "金额", "subject_type": "日期", "object": "83.01亿元", "subject": "2008年", "subject_index": {"begin": 6, "end": 11}, "object_index": {"begin": 37, "end": 44}}, {"predicate": "管理费用", "object_type": "金额", "subject_type": "日期", "object": "63.77亿元", "subject": "2007年", "subject_index": {"begin": 12, "end": 17}, "object_index": {"begin": 45, "end": 52}}]}
{"text": "营业税主要对本行发放贷款及垫款的利息收入以及手续费及佣金收入征收。2009年、2008年和2007年本行的营业税金及附加分别为18.10亿元、19.60亿元和14.66亿元。本行营业税金及附加的变化与本行同期发放贷款及垫款的利息收入以及手续费及佣金收入之和的变化相符。", "spo_list": [{"predicate": "税金及附加", "object_type": "金额", "subject_type": "日期", "object": "18.10亿元", "subject": "2009年", "subject_index": {"begin": 33, "end": 38}, "object_index": {"begin": 63, "end": 70}}, {"predicate": "税金及附加", "object_type": "金额", "subject_type": "日期", "object": "19.60亿元", "subject": "2008年", "subject_index": {"begin": 39, "end": 44}, "object_index": {"begin": 71, "end": 78}}, {"predicate": "税金及附加", "object_type": "金额", "subject_type": "日期", "object": "14.66亿元", "subject": "2007年", "subject_index": {"begin": 45, "end": 50}, "object_index": {"begin": 79, "end": 86}}]}
{"text": "2008年所得税费用为6.08亿元，主要包括以前年度累计亏损产生的递延所得税资产34.75亿元、扣减因不良金融资产转让而减记的递延所得税资产18.30亿元及2008年应纳税所得额产生的所得税费用19.81亿元。本行2008年所得税费用较2007年同比下降81.9%，主要是由于本行受到以下税收政策的影响：", "spo_list": [{"predicate": "递延所得税资产", "object_type": "金额", "subject_type": "日期", "object": "34.75亿元", "subject": "2008年", "subject_index": {"begin": 0, "end": 5}, "object_index": {"begin": 40, "end": 47}}]}
{"text": "截至2009年12月31日，本行公司存款余额5,706.33亿元，较2008年底大幅增长32.1%，", "spo_list": [{"predicate": "存货余额", "object_type": "金额", "subject_type": "日期", "object": "5,706.33亿元", "subject": "2009年12月31日", "subject_index": {"begin": 2, "end": 13}, "object_index": {"begin": 22, "end": 32}}]}
{"text": "2009年、2008年和2007年本行非利息收入为46.57亿元、23.64亿元和22.72亿元，2009年和2008年同比增长分别为97.0%和4.0%。本行持续致力于拓展收入来源多元化、提高中间业务收入占比的发展战略。2009年，本行非利息收入实现大幅增长，主要是由于本行大力拓展中间业务，手续费及佣金净收入增长迅速。同时，本行投资策略得当，投资收益实现较大幅度增长，并获得公允价值变动净收益2.78亿元。2009年和2008年手续费及佣金净收入分别比上年提高45.2%和82.7%，实现了快速增长。", "spo_list": [{"predicate": "其他收益", "object_type": "金额", "subject_type": "日期", "object": "46.57亿元", "subject": "2009年", "subject_index": {"begin": 0, "end": 5}, "object_index": {"begin": 25, "end": 32}}, {"predicate": "其他收益", "object_type": "金额", "subject_type": "日期", "object": "23.64亿元", "subject": "2008年", "subject_index": {"begin": 6, "end": 11}, "object_index": {"begin": 33, "end": 40}}, {"predicate": "其他收益", "object_type": "金额", "subject_type": "日期", "object": "22.72亿元", "subject": "2007年", "subject_index": {"begin": 12, "end": 17}, "object_index": {"begin": 41, "end": 48}}]}
{"text": "本行的其他业务及管理费在2009年、2008年和2007年分别为27.22亿元、25.57亿元和21.87亿元，2007年至2009年复合增长率为11.6%。其他业务及管理费用平稳增加，主要是由于伴随业务发展，业务拓展及管理费用上升。", "spo_list": [{"predicate": "管理费用", "object_type": "金额", "subject_type": "日期", "object": "27.22亿元", "subject": "2009年", "subject_index": {"begin": 12, "end": 17}, "object_index": {"begin": 32, "end": 39}}, {"predicate": "管理费用", "object_type": "金额", "subject_type": "日期", "object": "25.57亿元", "subject": "2008年", "subject_index": {"begin": 18, "end": 23}, "object_index": {"begin": 40, "end": 47}}, {"predicate": "管理费用", "object_type": "金额", "subject_type": "日期", "object": "21.87亿元", "subject": "2007年", "subject_index": {"begin": 24, "end": 29}, "object_index": {"begin": 48, "end": 55}}]}
{"text": "资产减值损失主要包括贷款和其他资产的减值损失准备。2009年、2008年和2007年，本行资产减值损失分别为23.60亿元、62.88亿元和37.00亿元。", "spo_list": [{"predicate": "资产减值损失", "object_type": "金额", "subject_type": "日期", "object": "23.60亿元", "subject": "2009年", "subject_index": {"begin": 25, "end": 30}, "object_index": {"begin": 54, "end": 61}}, {"predicate": "资产减值损失", "object_type": "金额", "subject_type": "日期", "object": "62.88亿元", "subject": "2008年", "subject_index": {"begin": 31, "end": 36}, "object_index": {"begin": 62, "end": 69}}, {"predicate": "资产减值损失", "object_type": "金额", "subject_type": "日期", "object": "37.00亿元", "subject": "2007年", "subject_index": {"begin": 37, "end": 42}, "object_index": {"begin": 70, "end": 77}}]}
{"text": "存放同业款项减值损失准备余额截至2009年、2008年和2007年12月31日分别为0.15亿元、0.15亿元和4.40亿元。", "spo_list": [{"predicate": "资产减值损失", "object_type": "金额", "subject_type": "日期", "object": "0.15亿元", "subject": "2009年", "subject_index": {"begin": 16, "end": 21}, "object_index": {"begin": 42, "end": 48}}, {"predicate": "资产减值损失", "object_type": "金额", "subject_type": "日期", "object": "0.15亿元", "subject": "2008年", "subject_index": {"begin": 22, "end": 27}, "object_index": {"begin": 49, "end": 55}}, {"predicate": "资产减值损失", "object_type": "金额", "subject_type": "日期", "object": "4.40亿元", "subject": "2007年12月31日", "subject_index": {"begin": 28, "end": 39}, "object_index": {"begin": 56, "end": 62}}]}
{"text": "2009年、2008年和2007年，本行利息收入分别为374.24亿元、431.05亿元和311.06亿元。2008年本行利息收入同比增长38.6%，主要是由于生息资产规模及收益率的上升。2009年本行利息收入同比下降13.2%，主要是由于生息资产整体收益率的显著下降。", "spo_list": [{"predicate": "其他收益", "object_type": "金额", "subject_type": "日期", "object": "311.06亿元", "subject": "2007年", "subject_index": {"begin": 12, "end": 17}, "object_index": {"begin": 45, "end": 53}}, {"predicate": "其他收益", "object_type": "金额", "subject_type": "日期", "object": "431.05亿元", "subject": "2008年", "subject_index": {"begin": 6, "end": 11}, "object_index": {"begin": 36, "end": 44}}, {"predicate": "其他收益", "object_type": "金额", "subject_type": "日期", "object": "374.24亿元", "subject": "2009年", "subject_index": {"begin": 0, "end": 5}, "object_index": {"begin": 27, "end": 35}}]}
{"text": "2009年、2008年和2007年投资收益分别为7.55亿元、2.14亿元和3.66亿元。", "spo_list": [{"predicate": "投资收益", "object_type": "金额", "subject_type": "日期", "object": "7.55亿元", "subject": "2009年", "subject_index": {"begin": 0, "end": 5}, "object_index": {"begin": 24, "end": 30}}, {"predicate": "投资收益", "object_type": "金额", "subject_type": "日期", "object": "2.14亿元", "subject": "2008年", "subject_index": {"begin": 6, "end": 11}, "object_index": {"begin": 31, "end": 37}}, {"predicate": "投资收益", "object_type": "金额", "subject_type": "日期", "object": "3.66亿元", "subject": "2007年", "subject_index": {"begin": 12, "end": 17}, "object_index": {"begin": 38, "end": 44}}]}
{"text": "2009年、2008年和2007年本行公允价值变动净损益分别为2.78亿元、-3.22亿元和5.19亿元。", "spo_list": [{"predicate": "公允价值变动损益", "object_type": "金额", "subject_type": "日期", "object": "5.19亿元", "subject": "2007年", "subject_index": {"begin": 12, "end": 17}, "object_index": {"begin": 46, "end": 52}}, {"predicate": "公允价值变动损益", "object_type": "金额", "subject_type": "日期", "object": "-3.22亿元", "subject": "2008年", "subject_index": {"begin": 6, "end": 11}, "object_index": {"begin": 38, "end": 45}}, {"predicate": "公允价值变动损益", "object_type": "金额", "subject_type": "日期", "object": "2.78亿元", "subject": "2009年", "subject_index": {"begin": 0, "end": 5}, "object_index": {"begin": 31, "end": 37}}]}
{"text": "本行资产减值损失的最大组成部分为贷款减值损失准备。2009年、2008年和2007年，本行贷款减值损失准备分别为23.85亿元、60.50亿元和37.06亿元。本行贷款减值损失准备变化的原因分析请参见本节“资产负债重要项目分析－资产－发放贷款及垫款的损失准备”。", "spo_list": [{"predicate": "资产减值损失", "object_type": "金额", "subject_type": "日期", "object": "37.06亿元", "subject": "2007年", "subject_index": {"begin": 37, "end": 42}, "object_index": {"begin": 72, "end": 79}}, {"predicate": "资产减值损失", "object_type": "金额", "subject_type": "日期", "object": "60.50亿元", "subject": "2008年", "subject_index": {"begin": 31, "end": 36}, "object_index": {"begin": 64, "end": 71}}, {"predicate": "资产减值损失", "object_type": "金额", "subject_type": "日期", "object": "23.85亿元", "subject": "2009年", "subject_index": {"begin": 25, "end": 30}, "object_index": {"begin": 56, "end": 63}}]}
