{"text": "2014年2月28日，北海分公司因违法《城市道路管理条例》相关规定被北海市城市管理局罚款5,000元，北海分公司对上述行为进行了纠正并按期缴纳了罚款。", "spo_list": [{"predicate": "罚款", "object_type": "金额", "subject_type": "日期", "object": "5,000元", "subject": "2014年2月28日", "subject_index": {"begin": 0, "end": 10}, "object_index": {"begin": 44, "end": 50}}]}
{"text": "2014年6月25日，兴安分公司因为未按规定申报印花税，被兴安县地方税务局处罚1,946.11元。兴安分公司按期履行了处罚决定并缴纳了行政罚款。", "spo_list": [{"predicate": "罚款", "object_type": "金额", "subject_type": "日期", "object": "1,946.11元", "subject": "2014年6月25日", "subject_index": {"begin": 0, "end": 10}, "object_index": {"begin": 39, "end": 48}}]}
{"text": "2014年7月7日，灌阳分公司因发票丢失，被灌阳县国家税务局处罚2,000元，灌阳分公司按期履行了处罚决定并缴纳了行政罚款。", "spo_list": [{"predicate": "罚款", "object_type": "金额", "subject_type": "日期", "object": "2,000元", "subject": "2014年7月7日", "subject_index": {"begin": 0, "end": 9}, "object_index": {"begin": 32, "end": 38}}]}
{"text": "2014年10月30日，凌云分公司因违反《合同法》，被凌云县工商行政管理局处罚2,000元，凌云分公司按期履行了处罚决定并缴纳了行政罚款。", "spo_list": [{"predicate": "罚款", "object_type": "金额", "subject_type": "日期", "object": "2,000元", "subject": "2014年10月30日", "subject_index": {"begin": 0, "end": 11}, "object_index": {"begin": 39, "end": 45}}]}
{"text": "公司非经常性损益主要系计入当期损益的政府补助和收取的资金占用费，2015年度、2014年度和2013年度归属于母公司所有者的非经常性损益分别为3,117.79万元、4,954.05万元和4,441.44万元，占当期净利润的比例分别为8.20%、13.79%和13.10%，对当期经营成果有一定影响，但是占比呈下降趋势。", "spo_list": [{"predicate": "非经常性损益", "object_type": "金额", "subject_type": "日期", "object": "3,117.79万元", "subject": "2015年度", "subject_index": {"begin": 32, "end": 38}, "object_index": {"begin": 71, "end": 81}}, {"predicate": "非经常性损益", "object_type": "金额", "subject_type": "日期", "object": "4,954.05万元", "subject": "2014年度", "subject_index": {"begin": 39, "end": 45}, "object_index": {"begin": 82, "end": 92}}, {"predicate": "非经常性损益", "object_type": "金额", "subject_type": "日期", "object": "4,441.44万元", "subject": "2013年度", "subject_index": {"begin": 46, "end": 52}, "object_index": {"begin": 93, "end": 103}}]}
{"text": "广西广电母公司2014年度实现净利润36,163.31万元，母公司提取10%法定公积金3,616.33万元，加上前期法定盈余公积10,012.96万元，2014年12月31日，公司法定盈余公积合计13,629.29万元。", "spo_list": [{"predicate": "盈余公积", "object_type": "金额", "subject_type": "日期", "object": "10,012.96万元", "subject": "2014年度", "subject_index": {"begin": 7, "end": 13}, "object_index": {"begin": 64, "end": 75}}, {"predicate": "盈余公积", "object_type": "金额", "subject_type": "日期", "object": "13,629.29万元", "subject": "2014年12月31日", "subject_index": {"begin": 76, "end": 87}, "object_index": {"begin": 98, "end": 109}}]}
{"text": "公司2015年末、2014年末和2013年末应收账款分别为12,727.73万元、10,568.85万元和5,399.68万元，占同期总资产的比例分别为2.41%、2.14%和1.24%。公司应收账款占比较小原因在于公司收入主要来源于收视维护费，公司收视维护费收入的确认遵循谨慎性原则，在电视收视服务已经提供且收入已经取得时才确认，因此收视维护费业务不存在应收账款。2015年末公司应收账款主要系应收落地费、专网系统设备销售款和专网代建工程款。", "spo_list": [{"predicate": "应收账款净额", "object_type": "金额", "subject_type": "日期", "object": "12,727.73万元", "subject": "2015年末", "subject_index": {"begin": 2, "end": 8}, "object_index": {"begin": 29, "end": 40}}, {"predicate": "应收账款净额", "object_type": "金额", "subject_type": "日期", "object": "10,568.85万元", "subject": "2014年末", "subject_index": {"begin": 9, "end": 15}, "object_index": {"begin": 41, "end": 52}}, {"predicate": "应收账款净额", "object_type": "金额", "subject_type": "日期", "object": "5,399.68万元", "subject": "2013年末", "subject_index": {"begin": 16, "end": 22}, "object_index": {"begin": 53, "end": 63}}]}
{"text": "公司2015年末、2014年末和2013年末末其他应收款分别为4,319.76万元、3,583.25万元和2,768.99万元，占同期总资产的比例分别为0.82%、0.72%和0.64%。", "spo_list": [{"predicate": "其他应收款净额", "object_type": "金额", "subject_type": "日期", "object": "4,319.76万元", "subject": "2015年末", "subject_index": {"begin": 2, "end": 8}, "object_index": {"begin": 31, "end": 41}}, {"predicate": "其他应收款净额", "object_type": "金额", "subject_type": "日期", "object": "3,583.25万元", "subject": "2014年末", "subject_index": {"begin": 9, "end": 15}, "object_index": {"begin": 42, "end": 52}}, {"predicate": "其他应收款净额", "object_type": "金额", "subject_type": "日期", "object": "2,768.99万元", "subject": "2013年末", "subject_index": {"begin": 16, "end": 22}, "object_index": {"begin": 53, "end": 63}}]}
{"text": "公司2015年末、2014年末和2013年末在建工程分别为34,273.56万元、24,889.11万元和24,251.68万元，占同期总资产的比例分别为6.49%、5.04%、和5.57%，公司在建工程主要内容为公司传输网络建设、扩容，专网建设，数字电视平台升级等项目投资。2015年末在建工程较2014年末上升37.71%，主要原因是公司目前进行的传输网络建设尚未达到转固标准。公司2015年度、2014年度和2013年度由在建工程转入固定资产的金额分别为43,791.52万元、33,693.66万元和33,454.91万元。报告期内公司在建工程不存在减值迹象。", "spo_list": [{"predicate": "在建工程账面价值", "object_type": "金额", "subject_type": "日期", "object": "34,273.56万元", "subject": "2015年末", "subject_index": {"begin": 2, "end": 8}, "object_index": {"begin": 29, "end": 40}}, {"predicate": "在建工程账面价值", "object_type": "金额", "subject_type": "日期", "object": "24,889.11万元", "subject": "2014年末", "subject_index": {"begin": 9, "end": 15}, "object_index": {"begin": 41, "end": 52}}, {"predicate": "在建工程账面价值", "object_type": "金额", "subject_type": "日期", "object": "24,251.68万元", "subject": "2013年末", "subject_index": {"begin": 16, "end": 22}, "object_index": {"begin": 53, "end": 64}}]}
{"text": "公司2015年末、2014年末和2013年末长期待摊费用分别为49,401.54万元、35,942.57万元和21,417.64万元，占同期总资产的比例分别为9.36%、7.27%和4.92%，占比逐年上升。长期待摊费用中主要是免费配置给用户的机顶盒及智能卡，2015年末、2014年末和2013年末机顶盒及智能卡占同期长期待摊费用的比例分别为94.91%、94.80%和91.61%。", "spo_list": [{"predicate": "长期待摊费用", "object_type": "金额", "subject_type": "日期", "object": "49,401.54万元", "subject": "2015年末", "subject_index": {"begin": 2, "end": 8}, "object_index": {"begin": 31, "end": 42}}, {"predicate": "长期待摊费用", "object_type": "金额", "subject_type": "日期", "object": "35,942.57万元", "subject": "2014年末", "subject_index": {"begin": 9, "end": 15}, "object_index": {"begin": 43, "end": 54}}, {"predicate": "长期待摊费用", "object_type": "金额", "subject_type": "日期", "object": "21,417.64万元", "subject": "2013年末", "subject_index": {"begin": 16, "end": 22}, "object_index": {"begin": 55, "end": 66}}]}
{"text": "公司2015年末、2014年末和2013年末预收款项分别为93,840.03万元、82,281.24万元和58,772.01万元，占同期总负债的比例分别为28.68%、32.54%和27.89%。", "spo_list": [{"predicate": "预收款项", "object_type": "金额", "subject_type": "日期", "object": "93,840.03万元", "subject": "2015年末", "subject_index": {"begin": 2, "end": 8}, "object_index": {"begin": 29, "end": 40}}, {"predicate": "预收款项", "object_type": "金额", "subject_type": "日期", "object": "82,281.24万元", "subject": "2014年末", "subject_index": {"begin": 9, "end": 15}, "object_index": {"begin": 41, "end": 52}}, {"predicate": "预收款项", "object_type": "金额", "subject_type": "日期", "object": "58,772.01万元", "subject": "2013年末", "subject_index": {"begin": 16, "end": 22}, "object_index": {"begin": 53, "end": 64}}]}
{"text": "公司2015年末、2014年末和2013年末其他应付款分别为13,127.39万元、10,869.99万元和8,051.25万元，占公司总负债的比例分别为4.01%、4.30%和3.82%。公司其他应付款主要为各供应商支付给公司的履约保证金。", "spo_list": [{"predicate": "其他应付款", "object_type": "金额", "subject_type": "日期", "object": "13,127.39万元", "subject": "2015年末", "subject_index": {"begin": 2, "end": 8}, "object_index": {"begin": 30, "end": 41}}, {"predicate": "其他应付款", "object_type": "金额", "subject_type": "日期", "object": "10,869.99万元", "subject": "2014年末", "subject_index": {"begin": 9, "end": 15}, "object_index": {"begin": 42, "end": 53}}, {"predicate": "其他应付款", "object_type": "金额", "subject_type": "日期", "object": "8,051.25万元", "subject": "2013年末", "subject_index": {"begin": 16, "end": 22}, "object_index": {"begin": 54, "end": 64}}]}
{"text": "公司2015年末、2014年末和2013年末长期借款余额分别为29,690.00万元、18,400.00万元和33,400.00万元，占同期总负债的比例分别为9.08%、7.28%和15.85%。2014年末占比快速下降。2014年末长期借款余额相比2013年末减少44.91%，主要原因系公司15,000万元的长期借款将于2015年内到期，从长期借款科目转入一年内到期的长期借款科目。2015年末公司长期借款余额相比2014年末上升61.36%，主要原因是公司新增了11,290万元银行长期借款。", "spo_list": [{"predicate": "长期借款余额", "object_type": "金额", "subject_type": "日期", "object": "29,690.00万元", "subject": "2015年末", "subject_index": {"begin": 2, "end": 8}, "object_index": {"begin": 31, "end": 42}}, {"predicate": "长期借款余额", "object_type": "金额", "subject_type": "日期", "object": "18,400.00万元", "subject": "2014年末", "subject_index": {"begin": 9, "end": 15}, "object_index": {"begin": 43, "end": 54}}, {"predicate": "长期借款余额", "object_type": "金额", "subject_type": "日期", "object": "33,400.00万元", "subject": "2013年末", "subject_index": {"begin": 16, "end": 22}, "object_index": {"begin": 55, "end": 66}}]}
{"text": "截至2015年末公司长期借款余额为29,690.00万元，其中15,200.00万元为质押借款，由广西投资集团有限公司以其政府补贴收益权以及公司以其250万数字电视用户收费权提供质押担保。", "spo_list": [{"predicate": "长期借款余额", "object_type": "金额", "subject_type": "日期", "object": "29,690.00万元", "subject": "2015年末", "subject_index": {"begin": 2, "end": 8}, "object_index": {"begin": 17, "end": 28}}]}
{"text": "2015年末，公司长期应付款内容系公司向浙江大华系统工程有限公司采购和集成“柳江县公安局二期高清视频监控系统工程”相关设备形成的长期应付款余额18.07万元和向广西大华信息技术有限公司采购和集成“贵港市城市监控联网系统服务项目”相关设备形成的长期应付款2,567.77万元。", "spo_list": [{"predicate": "长期应付款", "object_type": "金额", "subject_type": "日期", "object": "2,567.77万元", "subject": "2015年末", "subject_index": {"begin": 0, "end": 6}, "object_index": {"begin": 126, "end": 136}}]}
{"text": "公司2015年、2014年度和2013年度投资活动产生的现金流量净额分别为-97,530.07万元、-63,737.13万元和-49,214.70万元，公司投资活动主要现金支出为购建固定资产、无形资产和其他长期资产支付的现金。", "spo_list": [{"predicate": "公司投资活动产生的现金流量净额", "object_type": "金额", "subject_type": "日期", "object": "-97,530.07万元", "subject": "2015年", "subject_index": {"begin": 2, "end": 7}, "object_index": {"begin": 37, "end": 49}}, {"predicate": "公司投资活动产生的现金流量净额", "object_type": "金额", "subject_type": "日期", "object": "-63,737.13万元", "subject": "2014年度", "subject_index": {"begin": 8, "end": 14}, "object_index": {"begin": 50, "end": 62}}, {"predicate": "公司投资活动产生的现金流量净额", "object_type": "金额", "subject_type": "日期", "object": "-49,214.70万元", "subject": "2013年度", "subject_index": {"begin": 15, "end": 21}, "object_index": {"begin": 63, "end": 75}}]}
{"text": "2015年度、2014年度和2013年度公司利息保障倍数分别为21.46、22.02和13.01，利息支付能力较强。", "spo_list": [{"predicate": "利息保障倍数", "object_type": "日期", "subject_type": "比率", "object": "2015年度", "subject": "21.46", "subject_index": {"begin": 31, "end": 36}, "object_index": {"begin": 0, "end": 6}}, {"predicate": "利息保障倍数", "object_type": "日期", "subject_type": "比率", "object": "2014年度", "subject": "22.02", "subject_index": {"begin": 37, "end": 42}, "object_index": {"begin": 7, "end": 13}}, {"predicate": "利息保障倍数", "object_type": "日期", "subject_type": "比率", "object": "2013年度", "subject": "13.01", "subject_index": {"begin": 43, "end": 48}, "object_index": {"begin": 14, "end": 20}}]}
{"text": "2015年度、2014年度和2013年度公司营业成本分别为164,637.51万元、129,743.17万元和113,149.23万元，2015年度和2014年度分别比上年同期增长26.89%和14.67%，和收入增长趋势基本匹配。公司主营业务成本占营业成本的比例非常高且变动幅度很小。", "spo_list": [{"predicate": "总营业成本", "object_type": "金额", "subject_type": "日期", "object": "164,637.51万元", "subject": "2015年度", "subject_index": {"begin": 0, "end": 6}, "object_index": {"begin": 29, "end": 41}}, {"predicate": "总营业成本", "object_type": "金额", "subject_type": "日期", "object": "129,743.17万元", "subject": "2014年度", "subject_index": {"begin": 7, "end": 13}, "object_index": {"begin": 42, "end": 54}}, {"predicate": "总营业成本", "object_type": "金额", "subject_type": "日期", "object": "113,149.23万元", "subject": "2013年度", "subject_index": {"begin": 14, "end": 20}, "object_index": {"begin": 55, "end": 67}}]}
{"text": "2015年度、2014年度和2013年度，公司资产减值损失分别为412.28万元、1,110.85万元和20.22万元，金额占同期净利润比例分别为1.08%、3.09%和0.06%，占比较小，对公司经营成果影响不大。", "spo_list": [{"predicate": "资产减值损失", "object_type": "金额", "subject_type": "日期", "object": "412.28万元", "subject": "2015年度", "subject_index": {"begin": 0, "end": 6}, "object_index": {"begin": 32, "end": 40}}, {"predicate": "资产减值损失", "object_type": "金额", "subject_type": "日期", "object": "1,110.85万元", "subject": "2014年度", "subject_index": {"begin": 7, "end": 13}, "object_index": {"begin": 41, "end": 51}}, {"predicate": "资产减值损失", "object_type": "金额", "subject_type": "日期", "object": "20.22万元", "subject": "2013年度", "subject_index": {"begin": 14, "end": 20}, "object_index": {"begin": 52, "end": 59}}]}
{"text": "2014年度公司资产减值损失同比大幅上升，主要是因为本期应收款项较上期大幅增加导致计提坏账准备增加，同时计提了存货跌价准备697.50万元。", "spo_list": [{"predicate": "存货跌价准备", "object_type": "金额", "subject_type": "日期", "object": "697.50万元", "subject": "2014年度", "subject_index": {"begin": 0, "end": 6}, "object_index": {"begin": 61, "end": 69}}]}
{"text": "2015年度、2014年度投资收益分别为119.67万元和87.30万元，均为公司对新媒体的净利润享有的损益。", "spo_list": [{"predicate": "投资收益", "object_type": "金额", "subject_type": "日期", "object": "119.67万元", "subject": "2015年度", "subject_index": {"begin": 0, "end": 6}, "object_index": {"begin": 20, "end": 28}}, {"predicate": "投资收益", "object_type": "金额", "subject_type": "日期", "object": "87.30万元", "subject": "2014年度", "subject_index": {"begin": 7, "end": 13}, "object_index": {"begin": 29, "end": 36}}]}
{"text": "2013年度投资收益-31.05万元，主要包括以下内容：（1）收回润众数字清算余款1.12万元；（2）公司2013年度对新媒体的净利润享有的损益-33.44万元；（3）公司2013年度对梧州院线合并前按权益法核算享有的损益1.27万元。", "spo_list": [{"predicate": "投资收益", "object_type": "金额", "subject_type": "日期", "object": "-31.05万元", "subject": "2013年度", "subject_index": {"begin": 0, "end": 6}, "object_index": {"begin": 10, "end": 18}}]}
{"text": "2015年度、2014年度和2013年度公司营业外支出分别为680.68万元、348.41万元和445.79万元，占当期净利润的比例为1.79%、0.97%和1.32%，", "spo_list": [{"predicate": "营业外支出", "object_type": "金额", "subject_type": "日期", "object": "680.68万元", "subject": "2015年度", "subject_index": {"begin": 0, "end": 6}, "object_index": {"begin": 30, "end": 38}}, {"predicate": "营业外支出", "object_type": "金额", "subject_type": "日期", "object": "348.41万元", "subject": "2014年度", "subject_index": {"begin": 7, "end": 13}, "object_index": {"begin": 39, "end": 47}}, {"predicate": "营业外支出", "object_type": "金额", "subject_type": "日期", "object": "445.79万元", "subject": "2013年度", "subject_index": {"begin": 14, "end": 20}, "object_index": {"begin": 48, "end": 56}}]}
{"text": "2015年度、2014年度和2013年度公司营业利润分别为34,861.32万元、31,001.25万元和29,465.23万元，占公司利润总额的比例分别为91.77%、86.19%和86.88%。", "spo_list": [{"predicate": "营业利润", "object_type": "金额", "subject_type": "日期", "object": "34,861.32万元", "subject": "2015年度", "subject_index": {"begin": 0, "end": 6}, "object_index": {"begin": 29, "end": 40}}, {"predicate": "营业利润", "object_type": "金额", "subject_type": "日期", "object": "31,001.25万元", "subject": "2014年度", "subject_index": {"begin": 7, "end": 13}, "object_index": {"begin": 41, "end": 52}}, {"predicate": "营业利润", "object_type": "金额", "subject_type": "日期", "object": "29,465.23万元", "subject": "2013年度", "subject_index": {"begin": 14, "end": 20}, "object_index": {"begin": 53, "end": 64}}]}
{"text": "致使2016年第一季度长期待摊费用较2015年同期增加1,100万元左右；受工程项目转固影响，固定资产折旧金额较2015年同期增加1,000万元左右；同时，公司加大内容采购，2016年一季度节目源采购金额较2015年同期增加900万元。", "spo_list": [{"predicate": "长期待摊费用", "object_type": "金额", "subject_type": "日期", "object": "1,100万元", "subject": "2016年", "subject_index": {"begin": 2, "end": 7}, "object_index": {"begin": 27, "end": 34}}]}
{"text": "2013年、2014年和2015年，公司投资活动产生的现金流量净额分别为-49,214.70万元、-63,737.13万元和-97,530.07万元，投资活动的现金支出主要用于构建固定资产、无形资产和其他长期资产。公司未来仍有大量资金投入及支出计划，公司现有运营资金已无法满足未来业务拓展的需要，在募集资金到位前，公司将主要通过银行贷款方式满足营业资金需求。", "spo_list": [{"predicate": "公司投资活动产生的现金流量净额", "object_type": "金额", "subject_type": "日期", "object": "-49,214.70万元", "subject": "2013年", "subject_index": {"begin": 0, "end": 5}, "object_index": {"begin": 36, "end": 48}}, {"predicate": "公司投资活动产生的现金流量净额", "object_type": "金额", "subject_type": "日期", "object": "-63,737.13万元", "subject": "2014年", "subject_index": {"begin": 6, "end": 11}, "object_index": {"begin": 49, "end": 61}}, {"predicate": "公司投资活动产生的现金流量净额", "object_type": "金额", "subject_type": "日期", "object": "-97,530.07万元", "subject": "2015年", "subject_index": {"begin": 12, "end": 17}, "object_index": {"begin": 62, "end": 74}}]}
{"text": "截至2015年12月31日，资产总计32,531.25万元，净资产总计32,126.98万元；2015年度收入合计10,810.75万元，其中财政补助收入10,792.00万元，其他收入18.75万元；2015年度支出合计12,718.12万元。", "spo_list": [{"predicate": "营业外收入", "object_type": "金额", "subject_type": "日期", "object": "18.75万元", "subject": "2015年12月31日", "subject_index": {"begin": 2, "end": 13}, "object_index": {"begin": 93, "end": 100}}, {"predicate": "营业外支出", "object_type": "金额", "subject_type": "日期", "object": "12,718.12万元", "subject": "2015年12月31日", "subject_index": {"begin": 2, "end": 13}, "object_index": {"begin": 111, "end": 122}}]}
{"text": "2014年12月18日，来宾分公司因发票丢失，被来宾市兴宾区国家税务局处罚10,000元，来宾分公司按期履行了处罚决定并缴纳了行政罚款。", "spo_list": [{"predicate": "罚款", "object_type": "金额", "subject_type": "日期", "object": "10,000元", "subject": "2014年12月18日", "subject_index": {"begin": 0, "end": 11}, "object_index": {"begin": 37, "end": 44}}]}
{"text": "2014年8月7日，扶绥分公司因对工程建设施工单位、监理单位落实安全生产工作监督不到位，造成安全生产事故，被扶绥县安全生产监督管理局处罚9,000元，扶绥分公司按期履行了处罚决定并缴纳了行政罚款。", "spo_list": [{"predicate": "罚款", "object_type": "金额", "subject_type": "日期", "object": "9,000元", "subject": "2014年8月7日", "subject_index": {"begin": 0, "end": 9}, "object_index": {"begin": 68, "end": 74}}]}
{"text": "广西广电母公司2013年度实现净利润34,204.11万元，母公司提取10%法定公积金3,420.41万元，加上前期法定盈余公积6,592.55万元，2013年12月31日，公司法定盈余公积合计10,012.96万元。", "spo_list": [{"predicate": "盈余公积", "object_type": "金额", "subject_type": "日期", "object": "6,592.55万元", "subject": "2013年度", "subject_index": {"begin": 7, "end": 13}, "object_index": {"begin": 64, "end": 74}}, {"predicate": "盈余公积", "object_type": "金额", "subject_type": "日期", "object": "10,012.96万元", "subject": "2013年12月31日", "subject_index": {"begin": 75, "end": 86}, "object_index": {"begin": 97, "end": 108}}]}
{"text": "广西广电母公司2015年度实现净利润35,195.65万元，母公司提取10%法定公积金3,519.57万元，加上前期法定盈余公积13,629.29万元，2015年12月31日，公司法定盈余公积合计17,148.85万元。", "spo_list": [{"predicate": "盈余公积", "object_type": "金额", "subject_type": "日期", "object": "13,629.29万元", "subject": "2015年度", "subject_index": {"begin": 7, "end": 13}, "object_index": {"begin": 64, "end": 75}}, {"predicate": "盈余公积", "object_type": "金额", "subject_type": "日期", "object": "17,148.85万元", "subject": "2015年12月31日", "subject_index": {"begin": 76, "end": 87}, "object_index": {"begin": 98, "end": 109}}]}
{"text": "2004年5月，公司成立时，为加快全区广电网络整合进度，公司实行“存量不变，增量分成”的收益分配办法。2004年至2009年公司通过税前列支方式向股东支付存量和增量，在财务核算上，存量直接冲减营业收入，增量计入营业成本，没有通过税后利润分配的方式支付，不符合《公司法》关于利润分配的相关规定。为此，公司于2015年6月对2004年至2009年支付股东存量和增量的会计处理进行了追溯调整，将支付股东的存量和增量59,463.27万元从税前调出计入预付款项，并相应调整公司的盈余公积与未分配利润，调增未分配利润2012年期初数56,215.08万元，调整为26,575.12万元。2015年8月24日，公司股东大会审议通过《关于审议公司2015年中期分红的议案》，以公司总股本1,371,026,239股为基数，公司向全体股东按每10股派发现金红利5.037136元（含税），合计共派发现金红利69,060.45万元，其中分红款59,463.27万元用于股东偿还2004年-2009年已预收的计入公司预付款项的存量增量款项。", "spo_list": [{"predicate": "未分配利润", "object_type": "金额", "subject_type": "日期", "object": "56,215.08万元", "subject": "2012年", "subject_index": {"begin": 253, "end": 258}, "object_index": {"begin": 261, "end": 272}}]}
{"text": "公司2015年末账龄1年以上应收账款余额为2,312.24万元，占公司应收账款余额的16.80%，主要系部分客户未付清尾款所致。", "spo_list": [{"predicate": "应收账款余额", "object_type": "金额", "subject_type": "日期", "object": "2,312.24万元", "subject": "2015年", "subject_index": {"begin": 2, "end": 7}, "object_index": {"begin": 21, "end": 31}}]}
{"text": "公司2015年末、2014年末和2013年末预付款项为12,416.85万元、68,895.34万元和63,217.20万元，占同期总资产比例分别为2.35%、13.94%和14.52%。公司2014年末预付款项相比2013年末增长较大，主要原因系公司预付设备采购款增加。", "spo_list": [{"predicate": "预付款项", "object_type": "金额", "subject_type": "日期", "object": "63,217.20万元", "subject": "2013年", "subject_index": {"begin": 16, "end": 21}, "object_index": {"begin": 51, "end": 62}}, {"predicate": "预付款项", "object_type": "金额", "subject_type": "日期", "object": "68,895.34万元", "subject": "2014年末", "subject_index": {"begin": 9, "end": 15}, "object_index": {"begin": 39, "end": 50}}, {"predicate": "预付款项", "object_type": "金额", "subject_type": "日期", "object": "12,416.85万元", "subject": "2015年末", "subject_index": {"begin": 2, "end": 8}, "object_index": {"begin": 27, "end": 38}}]}
{"text": "公司2015年末前五大其他应收款单位合计欠款510.47万元，占公司其他应收款余额比例为9.77%。截至2015年末，公司其他应收款中无应收持有公司5%（含5%）以上表决权股份的股东款项或其他关联方款项。", "spo_list": [{"predicate": "应收账款净额", "object_type": "金额", "subject_type": "日期", "object": "510.47万元", "subject": "2015年", "subject_index": {"begin": 2, "end": 7}, "object_index": {"begin": 22, "end": 30}}]}
{"text": "公司2015年末、2014年末和2013年末存货分别为35,071.18万元、28,906.12万元和25,248.52万元，占同期总资产的比例分别为6.64%、5.85%和5.80%，比例较小。", "spo_list": [{"predicate": "存货余额", "object_type": "金额", "subject_type": "日期", "object": "25,248.52万元", "subject": "2013年", "subject_index": {"begin": 16, "end": 21}, "object_index": {"begin": 51, "end": 62}}, {"predicate": "存货余额", "object_type": "金额", "subject_type": "日期", "object": "28,906.12万元", "subject": "2014年末", "subject_index": {"begin": 9, "end": 15}, "object_index": {"begin": 39, "end": 50}}, {"predicate": "存货余额", "object_type": "金额", "subject_type": "日期", "object": "35,071.18万元", "subject": "2015年末", "subject_index": {"begin": 2, "end": 8}, "object_index": {"begin": 27, "end": 38}}]}
{"text": "公司2015年末、2014年末和2013年末无形资产分别为3,649.56万元、3,419.37万元和3,789.65万元，占同期总资产的比例分别为0.69%、0.69%和0.87%，占比较小且基本稳定。", "spo_list": [{"predicate": "无形资产", "object_type": "金额", "subject_type": "日期", "object": "3,789.65万元", "subject": "2013年末", "subject_index": {"begin": 16, "end": 22}, "object_index": {"begin": 51, "end": 61}}, {"predicate": "无形资产", "object_type": "金额", "subject_type": "日期", "object": "3,419.37万元", "subject": "2014年末", "subject_index": {"begin": 9, "end": 15}, "object_index": {"begin": 40, "end": 50}}, {"predicate": "无形资产", "object_type": "金额", "subject_type": "日期", "object": "3,649.56万元", "subject": "2015年末", "subject_index": {"begin": 2, "end": 8}, "object_index": {"begin": 29, "end": 39}}]}
{"text": "公司2015年度、2014年度和2013年度无形资产摊销额分别为796.36万元、1,109.63万元和1,239.28万元。", "spo_list": [{"predicate": "无形资产", "object_type": "金额", "subject_type": "日期", "object": "1,239.28万元", "subject": "2013年度", "subject_index": {"begin": 16, "end": 22}, "object_index": {"begin": 52, "end": 62}}, {"predicate": "无形资产", "object_type": "金额", "subject_type": "日期", "object": "1,109.63万元", "subject": "2014年度", "subject_index": {"begin": 9, "end": 15}, "object_index": {"begin": 41, "end": 51}}, {"predicate": "无形资产", "object_type": "金额", "subject_type": "日期", "object": "796.36万元", "subject": "2015年度", "subject_index": {"begin": 2, "end": 8}, "object_index": {"begin": 32, "end": 40}}]}
{"text": "公司2015年末、2014年末和2013年末应付账款分别为79,709.17万元、69,980.83万元和55,175.93万元，占同期总负债的比例分别为24.36%、27.68%和26.19%，占比稳定。", "spo_list": [{"predicate": "应付账款余额", "object_type": "金额", "subject_type": "日期", "object": "55,175.93万元", "subject": "2013年末", "subject_index": {"begin": 16, "end": 22}, "object_index": {"begin": 53, "end": 64}}, {"predicate": "应付账款余额", "object_type": "金额", "subject_type": "日期", "object": "69,980.83万元", "subject": "2014年末", "subject_index": {"begin": 9, "end": 15}, "object_index": {"begin": 41, "end": 52}}, {"predicate": "应付账款余额", "object_type": "金额", "subject_type": "日期", "object": "79,709.17万元", "subject": "2015年末", "subject_index": {"begin": 2, "end": 8}, "object_index": {"begin": 29, "end": 40}}]}
{"text": "公司2015年末、2014年末和2013年末一年内到期的非流动负债分别为14,073.95万元、15,181.68万元和22,883.57万元，占同期总负债的比例分别为4.30%、6.00%和10.86%。公司2014年末一年内到期的非流动负债相比2013年末减少33.66%，主要原因系2014年末公司一年内到期的长期借款余额减少7,500.00万元。", "spo_list": [{"predicate": "非流动负债", "object_type": "金额", "subject_type": "日期", "object": "22,883.57万元", "subject": "2013年", "subject_index": {"begin": 16, "end": 21}, "object_index": {"begin": 60, "end": 71}}, {"predicate": "非流动负债", "object_type": "金额", "subject_type": "日期", "object": "15,181.68万元", "subject": "2014年", "subject_index": {"begin": 9, "end": 14}, "object_index": {"begin": 48, "end": 59}}, {"predicate": "非流动负债", "object_type": "金额", "subject_type": "日期", "object": "14,073.95万元", "subject": "2015年", "subject_index": {"begin": 2, "end": 7}, "object_index": {"begin": 36, "end": 47}}]}
{"text": "公司2015年度、2014年度和2013年度筹资活动产生的现金流量净额分别为21,756.89万元、-24,892.12万元和-86,110.26万元。公司2013年度筹资活动产生的现金流量净额相比其他年度显著较低的原因在于公司当年偿还了68,500.00万元的银行借款，同时现金分红12,339.24万元。", "spo_list": [{"predicate": "公司筹资活动产生的现金流量净额", "object_type": "金额", "subject_type": "日期", "object": "-86,110.26万元", "subject": "2013年", "subject_index": {"begin": 16, "end": 21}, "object_index": {"begin": 63, "end": 75}}, {"predicate": "公司筹资活动产生的现金流量净额", "object_type": "金额", "subject_type": "日期", "object": "-24,892.12万元", "subject": "2014年度", "subject_index": {"begin": 9, "end": 15}, "object_index": {"begin": 50, "end": 62}}, {"predicate": "公司筹资活动产生的现金流量净额", "object_type": "金额", "subject_type": "日期", "object": "21,756.89万元", "subject": "2015年度", "subject_index": {"begin": 2, "end": 8}, "object_index": {"begin": 38, "end": 49}}]}
{"text": "2015年度、2014年度和2013年度，公司期间费用合计分别为44,231.87万元、38,600.31万元和34,699.77万元，", "spo_list": [{"predicate": "期间费用", "object_type": "金额", "subject_type": "日期", "object": "34,699.77万元", "subject": "2013年度", "subject_index": {"begin": 14, "end": 20}, "object_index": {"begin": 56, "end": 67}}, {"predicate": "期间费用", "object_type": "金额", "subject_type": "日期", "object": "38,600.31万元", "subject": "2014年度", "subject_index": {"begin": 7, "end": 13}, "object_index": {"begin": 44, "end": 55}}, {"predicate": "期间费用", "object_type": "金额", "subject_type": "日期", "object": "44,231.87万元", "subject": "2015年度", "subject_index": {"begin": 0, "end": 6}, "object_index": {"begin": 32, "end": 43}}]}
{"text": "2015年度、2014年度和2013年度，公司投资收益分别为455.98万元、87.30万元和-31.05万元。", "spo_list": [{"predicate": "投资收益", "object_type": "金额", "subject_type": "日期", "object": "-31.05万元", "subject": "2013年度", "subject_index": {"begin": 14, "end": 20}, "object_index": {"begin": 47, "end": 55}}, {"predicate": "投资收益", "object_type": "金额", "subject_type": "日期", "object": "87.30万元", "subject": "2014年度", "subject_index": {"begin": 7, "end": 13}, "object_index": {"begin": 39, "end": 46}}, {"predicate": "投资收益", "object_type": "金额", "subject_type": "日期", "object": "455.98万元", "subject": "2015年度", "subject_index": {"begin": 0, "end": 6}, "object_index": {"begin": 30, "end": 38}}]}
{"text": "2015年度、2014年度和2013年度，公司营业外收入中其他项目分别为744.54万元、472.57万元和512.94万元，金额较大。", "spo_list": [{"predicate": "营业外收入", "object_type": "金额", "subject_type": "日期", "object": "512.94万元", "subject": "2013年度", "subject_index": {"begin": 14, "end": 20}, "object_index": {"begin": 54, "end": 62}}, {"predicate": "营业外收入", "object_type": "金额", "subject_type": "日期", "object": "472.57万元", "subject": "2014年度", "subject_index": {"begin": 7, "end": 13}, "object_index": {"begin": 45, "end": 53}}, {"predicate": "营业外收入", "object_type": "金额", "subject_type": "日期", "object": "744.54万元", "subject": "2015年度", "subject_index": {"begin": 0, "end": 6}, "object_index": {"begin": 36, "end": 44}}]}
{"text": "公司2015年度、2014年度和2013年度购置无形资产的支出分别为1,026.55万元、739.36万元和1,971.79万元，主要包括软件、土地使用权等。", "spo_list": [{"predicate": "无形资产", "object_type": "金额", "subject_type": "日期", "object": "1,971.79万元", "subject": "2013年", "subject_index": {"begin": 16, "end": 21}, "object_index": {"begin": 54, "end": 64}}, {"predicate": "无形资产", "object_type": "金额", "subject_type": "日期", "object": "739.36万元", "subject": "2014年度", "subject_index": {"begin": 9, "end": 15}, "object_index": {"begin": 45, "end": 53}}, {"predicate": "无形资产", "object_type": "金额", "subject_type": "日期", "object": "1,026.55万元", "subject": "2015年度", "subject_index": {"begin": 2, "end": 8}, "object_index": {"begin": 34, "end": 44}}]}
