{"text": "本公司1998、1999和2000年末的坏账准备为362.94万元、333.12万元和277.40万元，上述三年末的应收款账项净额为6,895.94万元、7,234.95万元和5,767.71万元。", "spo_list": [{"predicate": "坏账准备", "object_type": "金额", "subject_type": "日期", "object": "362.94万元", "subject": "1998", "subject_index": {"begin": 3, "end": 7}, "object_index": {"begin": 25, "end": 33}}, {"predicate": "坏账准备", "object_type": "金额", "subject_type": "日期", "object": "333.12万元", "subject": "1999", "subject_index": {"begin": 8, "end": 12}, "object_index": {"begin": 34, "end": 42}}, {"predicate": "坏账准备", "object_type": "金额", "subject_type": "日期", "object": "277.40万元", "subject": "2000年末", "subject_index": {"begin": 13, "end": 19}, "object_index": {"begin": 43, "end": 51}}, {"predicate": "应收账款净额", "object_type": "金额", "subject_type": "日期", "object": "6,895.94万元", "subject": "1998", "subject_index": {"begin": 3, "end": 7}, "object_index": {"begin": 66, "end": 76}}, {"predicate": "应收账款净额", "object_type": "金额", "subject_type": "日期", "object": "7,234.95万元", "subject": "1999", "subject_index": {"begin": 8, "end": 12}, "object_index": {"begin": 77, "end": 87}}, {"predicate": "应收账款净额", "object_type": "金额", "subject_type": "日期", "object": "5,767.71万元", "subject": "2000年末", "subject_index": {"begin": 13, "end": 19}, "object_index": {"begin": 88, "end": 98}}]}
{"text": "1998、1999和2000年末，本公司的预收账款分别为9,384.51万元、8,601.24万元和38,534.02万元，2000年12月31日，本公司的预收账款中并无持本公司5%或以上股份的主要股东的款项。", "spo_list": [{"predicate": "预收账款余额", "object_type": "金额", "subject_type": "日期", "object": "9,384.51万元", "subject": "1998", "subject_index": {"begin": 0, "end": 4}, "object_index": {"begin": 28, "end": 38}}, {"predicate": "预收账款余额", "object_type": "金额", "subject_type": "日期", "object": "8,601.24万元", "subject": "1999", "subject_index": {"begin": 5, "end": 9}, "object_index": {"begin": 39, "end": 49}}, {"predicate": "预收账款余额", "object_type": "金额", "subject_type": "日期", "object": "38,534.02万元", "subject": "2000年", "subject_index": {"begin": 10, "end": 15}, "object_index": {"begin": 50, "end": 61}}]}
{"text": "本公司自成立以来，通过资产重组与经营机制转变，理顺了市场营销管理体制，加强了企业基础管理工作，控制了成本和费用的增长。2000年度公司实现利润44,603.13万元，净利润25,110.36万元，主营业务利润71,909.92万元，资产净利率为23.00%，净资产收益率68.86%，每股收益1.36元，应收账款周转次数为20.41次/年，存货周转次数为0.42次/年。", "spo_list": [{"predicate": "主营业务收入", "object_type": "金额", "subject_type": "日期", "object": "71,909.92万元", "subject": "2000年", "subject_index": {"begin": 59, "end": 64}, "object_index": {"begin": 104, "end": 115}}, {"predicate": "营业利润", "object_type": "金额", "subject_type": "日期", "object": "44,603.13万元", "subject": "2000年", "subject_index": {"begin": 59, "end": 64}, "object_index": {"begin": 71, "end": 82}}]}
{"text": "1998、1999和2000年末，本公司的其他应付款分别为1,861.32万元、5,902.49万元、10,558.09万元。2000年12月31日，其他应付款中有持本公司5%以上股份的主要股东中国贵州茅台酒厂有限责任公司的款项6,407.78万元。", "spo_list": [{"predicate": "其他应付款", "object_type": "金额", "subject_type": "日期", "object": "1,861.32万元", "subject": "1998", "subject_index": {"begin": 0, "end": 4}, "object_index": {"begin": 29, "end": 39}}, {"predicate": "其他应付款", "object_type": "金额", "subject_type": "日期", "object": "5,902.49万元", "subject": "1999", "subject_index": {"begin": 5, "end": 9}, "object_index": {"begin": 40, "end": 50}}, {"predicate": "其他应付款", "object_type": "金额", "subject_type": "日期", "object": "10,558.09万元", "subject": "2000年末", "subject_index": {"begin": 10, "end": 16}, "object_index": {"begin": 51, "end": 62}}, {"predicate": "其他应付款", "object_type": "金额", "subject_type": "日期", "object": "6,407.78万元", "subject": "2000年12月31日", "subject_index": {"begin": 63, "end": 74}, "object_index": {"begin": 114, "end": 124}}]}
{"text": "本公司2000年度的经营活动产生的现金流量净额为44,312.46万元，其中，销售商品、提供劳务收到的现金为132,287.70万元，收到的增值税销项税额和退回的增值税额为156.48万元，购买商品、接收劳务支付的现金为29,513.23万元，支付给职工以及为职工支付的现金为5,534.48万元，实际交纳的增值税为10,607.87万元,实际交纳的所得税额为9,189.41万元；投资活动产生的现金流量净额为-3,382.40万元,为购建固定资产和其他长期资产所支付的现金；筹资活动产生的现金流量净额为-14,670.77万元，其中，取得借款收到的现金为12,900万元，偿还借款所支付的现金为17,446万元，分配利润所支付的现金为9,175万元；现金及现金等价物净增加额为26,259.30万元。", "spo_list": [{"predicate": "公司经营活动产生的现金流量净额", "object_type": "金额", "subject_type": "日期", "object": "44,312.46万元", "subject": "2000年", "subject_index": {"begin": 3, "end": 8}, "object_index": {"begin": 24, "end": 35}}, {"predicate": "公司投资活动产生的现金流量净额", "object_type": "金额", "subject_type": "日期", "object": "-3,382.40万元", "subject": "2000年", "subject_index": {"begin": 3, "end": 8}, "object_index": {"begin": 205, "end": 216}}, {"predicate": "公司筹资活动产生的现金流量净额", "object_type": "金额", "subject_type": "日期", "object": "-14,670.77万元", "subject": "2000年", "subject_index": {"begin": 3, "end": 8}, "object_index": {"begin": 252, "end": 264}}]}
{"text": "本公司1998、1999和2000年末的应收账款分别为2,935.09万元、5,876.02万元和5,040.68万元，其中1999年为58,760,152.62元，1999年较1998年上升100.20%。", "spo_list": [{"predicate": "应收账款余额", "object_type": "金额", "subject_type": "日期", "object": "2,935.09万元", "subject": "1998", "subject_index": {"begin": 3, "end": 7}, "object_index": {"begin": 27, "end": 37}}, {"predicate": "应收账款余额", "object_type": "金额", "subject_type": "日期", "object": "5,876.02万元", "subject": "1999", "subject_index": {"begin": 8, "end": 12}, "object_index": {"begin": 38, "end": 48}}, {"predicate": "应收账款余额", "object_type": "金额", "subject_type": "日期", "object": "5,040.68万元，", "subject": "2000年末", "subject_index": {"begin": 13, "end": 19}, "object_index": {"begin": 49, "end": 60}}, {"predicate": "应收账款余额", "object_type": "金额", "subject_type": "日期", "object": "58,760,152.62元", "subject": "1999年", "subject_index": {"begin": 62, "end": 67}, "object_index": {"begin": 68, "end": 82}}]}
{"text": "2000年12月31日，本公司的待摊费用为1,942.14万元，主要为根据合同在2000年支付2001年的广告费用，根据受益原则将在2001年摊销。", "spo_list": [{"predicate": "长期待摊费用", "object_type": "金额", "subject_type": "日期", "object": "1,942.14万元", "subject": "2000年12月31日", "subject_index": {"begin": 0, "end": 11}, "object_index": {"begin": 21, "end": 31}}]}
{"text": "截至2000年12月31日的短期借款余额为12,900万元，", "spo_list": [{"predicate": "短期借款", "object_type": "金额", "subject_type": "日期", "object": "12,900万元", "subject": "2000年12月31日", "subject_index": {"begin": 2, "end": 13}, "object_index": {"begin": 21, "end": 29}}]}
{"text": "1998、1999和2000年末，本公司的应交税金分别为15,796.93万元、27,999.45万元、16,225.66万元。2000年12月31日，本公司的应交税金中，主要包括应交增值税3,450.37万元、应交消费税3,852.07万元和应交企业所得税8,972.29万元。", "spo_list": [{"predicate": "应交税费", "object_type": "金额", "subject_type": "日期", "object": "15,796.93万元", "subject": "1998", "subject_index": {"begin": 0, "end": 4}, "object_index": {"begin": 28, "end": 39}}, {"predicate": "应交税费", "object_type": "金额", "subject_type": "日期", "object": "、27,999.45万元", "subject": "1999", "subject_index": {"begin": 5, "end": 9}, "object_index": {"begin": 39, "end": 51}}, {"predicate": "应交税费", "object_type": "金额", "subject_type": "日期", "object": "、16,225.66万元", "subject": "2000年末", "subject_index": {"begin": 10, "end": 16}, "object_index": {"begin": 51, "end": 63}}, {"predicate": "应交税费", "object_type": "金额", "subject_type": "日期", "object": "3,450.37万元", "subject": "2000年12月31日", "subject_index": {"begin": 64, "end": 75}, "object_index": {"begin": 95, "end": 105}}, {"predicate": "应交税费", "object_type": "金额", "subject_type": "日期", "object": "3,852.07万元", "subject": "2000年12月31日", "subject_index": {"begin": 64, "end": 75}, "object_index": {"begin": 111, "end": 121}}, {"predicate": "应交税费", "object_type": "金额", "subject_type": "日期", "object": "8,972.29万元", "subject": "2000年12月31日", "subject_index": {"begin": 64, "end": 75}, "object_index": {"begin": 129, "end": 139}}]}
{"text": "2000年，本公司共销售低度茅台酒903吨，实现销售收入14,430万元，实现利润6,299万元。", "spo_list": [{"predicate": "营业收入", "object_type": "金额", "subject_type": "日期", "object": "14,430万元", "subject": "2000年", "subject_index": {"begin": 0, "end": 5}, "object_index": {"begin": 28, "end": 36}}, {"predicate": "营业利润", "object_type": "金额", "subject_type": "日期", "object": "6,299万元", "subject": "2000年", "subject_index": {"begin": 0, "end": 5}, "object_index": {"begin": 41, "end": 48}}]}
{"text": "截止2000年12月31日，本公司固定资产原值246,125,655.82元，累计折旧65,805,266.73元，固定资产净值180,320,389.09元，成新率73%。由", "spo_list": [{"predicate": "净资产价值", "object_type": "金额", "subject_type": "日期", "object": "180,320,389.09元", "subject": "2000年12月31日", "subject_index": {"begin": 2, "end": 13}, "object_index": {"begin": 64, "end": 79}}]}
{"text": "本公司1998、1999、2000年末的其他应收款为4,323.80万元1692.05万元和1,004.43万元。其他应收款余额主要为外单位的代垫货款和预付差旅费等。其他应收款中，本公司5%以上的股东欠款单位为中国贵州茅台酒厂有限责任公司，欠款金额731,317.96元。", "spo_list": [{"predicate": "其他应收款余额", "object_type": "金额", "subject_type": "日期", "object": "1,004.43万元", "subject": "2000年末", "subject_index": {"begin": 13, "end": 19}, "object_index": {"begin": 46, "end": 56}}, {"predicate": "其他应收款余额", "object_type": "金额", "subject_type": "日期", "object": "4,323.80万元", "subject": "1998", "subject_index": {"begin": 3, "end": 7}, "object_index": {"begin": 26, "end": 36}}, {"predicate": "其他应收款余额", "object_type": "金额", "subject_type": "日期", "object": "1692.05万元", "subject": "1999", "subject_index": {"begin": 8, "end": 12}, "object_index": {"begin": 36, "end": 45}}]}
{"text": "1998、1999和2000年末，本公司的的应付股利分别0万元、0万元和561.70万元。", "spo_list": [{"predicate": "应付利息", "object_type": "金额", "subject_type": "日期", "object": "0万元", "subject": "1998", "subject_index": {"begin": 0, "end": 4}, "object_index": {"begin": 28, "end": 31}}, {"predicate": "应付利息", "object_type": "金额", "subject_type": "日期", "object": "0万元", "subject": "1999", "subject_index": {"begin": 5, "end": 9}, "object_index": {"begin": 32, "end": 35}}, {"predicate": "应付利息", "object_type": "金额", "subject_type": "日期", "object": "561.70万元", "subject": "2000年末", "subject_index": {"begin": 10, "end": 16}, "object_index": {"begin": 36, "end": 44}}]}
{"text": "2000年项目达成后正常产销情况下，年销售收入7,575万元，年总成本费用3,773.53万元，年销售税金及附加2,104.34万元，利润1,697.13万元，所得税560.05万元，净利润1,137.08万元，投资利润率25.4%，投资利税率56.8%，投资回收期6.30年。", "spo_list": []}
