{"text": "2014年末，公司其他应收款较上年末减少2,155.75万元，减幅49.23%，主要是因为黔南州分公司办公大楼移交使用。为解决黔南州分公司办公用房问题，2010-2013年公司向合作单位支付建房资金1,400.00万元，计入其他应收款核算。2014年，该办公用房移交使用，其他应收款相应减少。", "spo_list": [{"predicate": "其他应收款余额", "object_type": "金额", "subject_type": "日期", "object": "2,155.75万元", "subject": "2014年末", "subject_index": {"begin": 0, "end": 6}, "object_index": {"begin": 20, "end": 30}}]}
{"text": "2014和2015年度，公司营业收入较上年度分别增长27,738.55万元和35,331.10万元，增幅分别为18.85%和20.20%，主要是公司工程及安装规模不断扩大，同时高清增值业务及数据业务持续增长，经营情况持续良好。", "spo_list": [{"predicate": "营业收入", "object_type": "金额", "subject_type": "日期", "object": "35,331.10万元", "subject": "2015年度", "subject_index": {"begin": 5, "end": 11}, "object_index": {"begin": 38, "end": 49}}, {"predicate": "营业收入", "object_type": "金额", "subject_type": "日期", "object": "27,738.55万元", "subject": "2014", "subject_index": {"begin": 0, "end": 4}, "object_index": {"begin": 26, "end": 37}}]}
{"text": "随着业务规模的拓展、用户规模的扩大、营业收入的增长，公司营业利润逐年增加，非经常性损益占当期净利润的比例逐年减小。2013、2014和2015年度，公司非经常性损益分别为3,236.90万元、4,102.91万元和1,094.10万元，占当期净利润的比例分别为14.77%、11.69%和2.63%。2016年1-6月公司非经常性损益为-631.34万元。", "spo_list": [{"predicate": "非经常性损益", "object_type": "金额", "subject_type": "日期", "object": "3,236.90万元", "subject": "2013", "subject_index": {"begin": 57, "end": 61}, "object_index": {"begin": 85, "end": 95}}, {"predicate": "非经常性损益", "object_type": "金额", "subject_type": "日期", "object": "4,102.91万元", "subject": "2014", "subject_index": {"begin": 62, "end": 66}, "object_index": {"begin": 96, "end": 106}}, {"predicate": "非经常性损益", "object_type": "金额", "subject_type": "日期", "object": "1,094.10万元", "subject": "2015年", "subject_index": {"begin": 67, "end": 72}, "object_index": {"begin": 107, "end": 117}}]}
{"text": "报告期初（2012年12月31日），公司其他应付款余额23,368.47万元，单位往来款主要是公司在整合资产时承接的股东划转债务和代收贵州省广电局支付的改制成本款", "spo_list": [{"predicate": "其他应付款", "object_type": "金额", "subject_type": "日期", "object": "23,368.47万元", "subject": "2012年12月31日", "subject_index": {"begin": 5, "end": 16}, "object_index": {"begin": 27, "end": 38}}]}
{"text": "2014年度，公司销售费用较上年度增长3,563.42万元，增幅33.72%，主要是因为面对新媒体业务的冲击、用户增速下滑的压力，公司积极开拓多层次营销渠道，公司与相关方合作，由其提供业务推销服务，公司按用户量、现金流收入等指标支付一定佣金。通过上述举措，公司用户增量由2013年的23.69万户上升至2014年的31.70万户。", "spo_list": [{"predicate": "销售费用", "object_type": "金额", "subject_type": "日期", "object": "3,563.42万元", "subject": "2014年度", "subject_index": {"begin": 0, "end": 6}, "object_index": {"begin": 19, "end": 29}}]}
{"text": "2015年末，公司存货余额较上年末增长3,342.25万元，增幅41.70%，主要有以下原因：面对新媒体业务的冲击，公司推出了电视销售与收视业务相结合的业务套餐供用户选择，电视等单价较高的存货增多；公司承建其他单位的工程规模增多，工程施工增多。", "spo_list": [{"predicate": "存货账面余额", "object_type": "金额", "subject_type": "日期", "object": "3,342.25万元", "subject": "2015年末", "subject_index": {"begin": 0, "end": 6}, "object_index": {"begin": 19, "end": 29}}]}
{"text": "2014年末，公司其他应付款较上年末减少5,142.86万元，减幅为34.10%，减少幅度较大，主要是因为公司向股东单位支付改制成本款、偿还股东划转债务。", "spo_list": [{"predicate": "其他应付款", "object_type": "金额", "subject_type": "日期", "object": "5,142.86万元", "subject": "2014年末", "subject_index": {"begin": 0, "end": 6}, "object_index": {"begin": 20, "end": 30}}]}
{"text": "2015年公司对已经损坏的回收机顶盒和智能卡进行报废处理，其中机顶盒长期待摊费用余值为1,383.66万元，智能卡长期待摊费用余值83.47万元。上述原因导致2015年摊销金额有所下降。", "spo_list": [{"predicate": "长期待摊费用的余额", "object_type": "金额", "subject_type": "日期", "object": "1,383.66万元", "subject": "2015年", "subject_index": {"begin": 0, "end": 5}, "object_index": {"begin": 43, "end": 53}}, {"predicate": "长期待摊费用的余额", "object_type": "金额", "subject_type": "日期", "object": "83.47万元", "subject": "2015年", "subject_index": {"begin": 0, "end": 5}, "object_index": {"begin": 65, "end": 72}}]}
{"text": "假设2015年度公司净利润为40,000.00万元,扣除非经常性损益后的净利润为38,000.00万元。以2015年扣除非经常损益后的净利润为基础，假设2016年扣除非经常损益后的净利润较上年增长0、5%、10%、15%四种情况。", "spo_list": [{"predicate": "净利润", "object_type": "金额", "subject_type": "日期", "object": "40,000.00万元", "subject": "2015年", "subject_index": {"begin": 2, "end": 7}, "object_index": {"begin": 14, "end": 25}}, {"predicate": "非经常性损益", "object_type": "金额", "subject_type": "日期", "object": "38,000.00万元", "subject": "2015年", "subject_index": {"begin": 2, "end": 7}, "object_index": {"begin": 40, "end": 51}}]}
{"text": "2014、2015年度，公司销售业务收入分别为4,137.76万元、16,733.21万元，增长幅度较大。", "spo_list": [{"predicate": "营业收入", "object_type": "金额", "subject_type": "日期", "object": "4,137.76万元", "subject": "2014", "subject_index": {"begin": 0, "end": 4}, "object_index": {"begin": 23, "end": 33}}, {"predicate": "营业收入", "object_type": "金额", "subject_type": "日期", "object": "16,733.21万元", "subject": "2015年度", "subject_index": {"begin": 5, "end": 11}, "object_index": {"begin": 34, "end": 45}}]}
{"text": "2015年度，公司销售费用为18,606.50万元，较2014年增长31.66%，主要是公司为加大销售力度，成立销售子公司，销售人员工资及市场营销费大幅增长。", "spo_list": [{"predicate": "销售费用", "object_type": "金额", "subject_type": "日期", "object": "18,606.50万元", "subject": "2015年度", "subject_index": {"begin": 0, "end": 6}, "object_index": {"begin": 14, "end": 25}}]}
{"text": "2015年末，公司其他应收款较上年末减少634.38万元，减幅28.53%，主要是因为公司收回邮政局等单位代收的收视款。", "spo_list": [{"predicate": "应收票据账面价值", "object_type": "金额", "subject_type": "日期", "object": "634.38万元", "subject": "2015年末", "subject_index": {"begin": 0, "end": 6}, "object_index": {"begin": 20, "end": 28}}]}
{"text": "截至2016年6月30日，公司其他应付款余额为11,372.66万元，其中单位往来款余额为5,123.57万元，尚未支付的改制成本款为934.99万元，尚未偿还的股东划转债务为943.60万元，占其他应付款比例已大幅下降。", "spo_list": [{"predicate": "应付账款余额", "object_type": "金额", "subject_type": "日期", "object": "11,372.66万元", "subject": "2016年6月30日", "subject_index": {"begin": 2, "end": 12}, "object_index": {"begin": 23, "end": 34}}]}
{"text": "报告期内，公司购置固定资产、无形资产和其他长期资产发生的支出分别为43,644.60万元、42,839.93万元、45,407.76万元和37,973.77万元，主要是因为公司加大网络延伸覆盖和升级投入，具体情况参见本节之“一、（二）8、固定资产”。", "spo_list": []}
