{"text": "2017年8月25日，江苏中天资产评估事务所有限公司出具《张家港爱丽塑料有限公司拟收购股权所涉及的江苏优程塑料有限公司股东全部权益价值评估报告》（苏中资评报字（2017）第1027号），江苏优程截至2017年7月31日的净资产评估值为3,112.97万元。", "spo_list": [{"predicate": "净资产评估值", "object_type": "金额", "subject_type": "日期", "object": "3,112.97万元", "subject": "截至2017年7月31日", "subject_index": {"begin": 97, "end": 109}, "object_index": {"begin": 117, "end": 127}}]}
{"text": "1999年8月15日，宋正兴、侯福妹共同约定出资设立张家港市博华塑料有限公司（以下简称“博华有限”），并制定《公司章程》。根据《公司章程》约定，博华有限设立时的注册资本为158万元。其中，宋正兴以货币资金出资142.20万元，占注册资本的90%；侯福妹以货币资金出资15.80万元，占注册资本的10%。", "spo_list": [{"predicate": "货币资金", "object_type": "金额", "subject_type": "日期", "object": "142.20万元", "subject": "1999年8月15日", "subject_index": {"begin": 0, "end": 10}, "object_index": {"begin": 104, "end": 112}}, {"predicate": "货币资金", "object_type": "金额", "subject_type": "日期", "object": "15.80万元", "subject": "1999年8月15日", "subject_index": {"begin": 0, "end": 10}, "object_index": {"begin": 133, "end": 140}}]}
{"text": "2017年末，公司对泰源建设的其他应收款余额为78.40万元，主要为往来借款本金及利息余额。2017年末，公司对金盟有限的其他应付款余额为3,529.44万元，主要为收购款项尚未支付完毕。", "spo_list": [{"predicate": "其他应收款净额", "object_type": "金额", "subject_type": "日期", "object": "78.40万元", "subject": "2017年末", "subject_index": {"begin": 0, "end": 6}, "object_index": {"begin": 23, "end": 30}}, {"predicate": "其他应付款", "object_type": "金额", "subject_type": "日期", "object": "3,529.44万元", "subject": "2017年末", "subject_index": {"begin": 46, "end": 52}, "object_index": {"begin": 69, "end": 79}}]}
{"text": "截至2019年12月31日，公司的短期借款金额为46,600,000.00元，具体构成如下：", "spo_list": [{"predicate": "短期借款", "object_type": "金额", "subject_type": "日期", "object": "46,600,000.00元", "subject": "截至2019年12月31日", "subject_index": {"begin": 0, "end": 13}, "object_index": {"begin": 24, "end": 38}}]}
{"text": "2017年末至2019年末，公司货币资金账面价值分别为15,273.39万元、19,254.77万元和19,082.55万元，占总资产比例分别为17.51%、21.91%和19.61%，主要为库存现金、银行存款及各类保证金。", "spo_list": [{"predicate": "货币资金", "object_type": "金额", "subject_type": "日期", "object": "15,273.39万元", "subject": "2017年末至2019年末", "subject_index": {"begin": 0, "end": 13}, "object_index": {"begin": 27, "end": 38}}, {"predicate": "货币资金", "object_type": "金额", "subject_type": "日期", "object": "19,254.77万元", "subject": "2017年末至2019年末", "subject_index": {"begin": 0, "end": 13}, "object_index": {"begin": 39, "end": 50}}, {"predicate": "货币资金", "object_type": "金额", "subject_type": "日期", "object": "19,082.55万元", "subject": "2017年末至2019年末", "subject_index": {"begin": 0, "end": 13}, "object_index": {"begin": 51, "end": 62}}]}
{"text": "2017年末至2019年末，公司其他应收款账面价值分别112.81万元、647.39万元和241.46万元，占各期末总资产比例分别为0.13%、0.74%和0.25%，占比较小。", "spo_list": [{"predicate": "其他应收账款账面价值", "object_type": "金额", "subject_type": "日期", "object": "112.81万元", "subject": "2017年末至2019年末", "subject_index": {"begin": 0, "end": 13}, "object_index": {"begin": 27, "end": 35}}, {"predicate": "其他应收账款账面价值", "object_type": "金额", "subject_type": "日期", "object": "647.39万元", "subject": "2017年末至2019年末", "subject_index": {"begin": 0, "end": 13}, "object_index": {"begin": 36, "end": 44}}, {"predicate": "其他应收账款账面价值", "object_type": "金额", "subject_type": "日期", "object": "241.46万元", "subject": "2017年末至2019年末", "subject_index": {"begin": 0, "end": 13}, "object_index": {"begin": 45, "end": 53}}]}
{"text": "2017年末至2019年末，公司其他流动资产分别为2,137.98万元、1,644.22万元及1,348.45万元，占总资产比例分别为2.45%、1.87%及1.39%，主要为待抵扣增值税进项税、发行费用等。", "spo_list": [{"predicate": "其他流动资产", "object_type": "金额", "subject_type": "日期", "object": "2,137.98万元", "subject": "2017年末至2019年末", "subject_index": {"begin": 0, "end": 13}, "object_index": {"begin": 25, "end": 35}}, {"predicate": "其他流动资产", "object_type": "金额", "subject_type": "日期", "object": "1,644.22万元", "subject": "2017年末至2019年末", "subject_index": {"begin": 0, "end": 13}, "object_index": {"begin": 36, "end": 46}}, {"predicate": "其他流动资产", "object_type": "金额", "subject_type": "日期", "object": "1,348.45万元", "subject": "2017年末至2019年末", "subject_index": {"begin": 0, "end": 13}, "object_index": {"begin": 47, "end": 57}}]}
{"text": "2017年末至2019年末，公司在建工程账面价值分别为524.20万元、78.54万元及5,132.12万元，占各期总资产比例分别为0.60%、0.09%及5.28%，2019年末公司在建工程余额较大主要系扩建生产厂房所致。", "spo_list": [{"predicate": "在建工程账面价值", "object_type": "金额", "subject_type": "日期", "object": "524.20万元", "subject": "2017年末至2019年末", "subject_index": {"begin": 0, "end": 13}, "object_index": {"begin": 27, "end": 35}}, {"predicate": "在建工程账面价值", "object_type": "金额", "subject_type": "日期", "object": "78.54万元", "subject": "2017年末至2019年末", "subject_index": {"begin": 0, "end": 13}, "object_index": {"begin": 36, "end": 43}}, {"predicate": "在建工程账面价值", "object_type": "金额", "subject_type": "日期", "object": "5,132.12万元", "subject": "2017年末至2019年末", "subject_index": {"begin": 0, "end": 13}, "object_index": {"begin": 44, "end": 54}}]}
{"text": "2017年末至2019年末，公司各期末计提的资产减值及信用减值准备分别为1,211.08万元、931.99万元和1,081.79万元，主要为计提的应收账款、其他应收款坏账准备和其他流动资产减值准备。", "spo_list": [{"predicate": "信用减值损失", "object_type": "金额", "subject_type": "日期", "object": "1,211.08万元", "subject": "2017年末至2019年末", "subject_index": {"begin": 0, "end": 13}, "object_index": {"begin": 36, "end": 46}}, {"predicate": "信用减值损失", "object_type": "金额", "subject_type": "日期", "object": "931.99万元", "subject": "2017年末至2019年末", "subject_index": {"begin": 0, "end": 13}, "object_index": {"begin": 47, "end": 55}}, {"predicate": "信用减值损失", "object_type": "金额", "subject_type": "日期", "object": "1,081.79万元", "subject": "2017年末至2019年末", "subject_index": {"begin": 0, "end": 13}, "object_index": {"begin": 56, "end": 66}}]}
{"text": "2017年末至2019年末，公司应付账款账面价值分别为10,264.19万元、11,080.68万元和9,598.30万元，占各期末负债总额的比例分别为21.39%、35.65%和36.49%。", "spo_list": [{"predicate": "应付账款", "object_type": "金额", "subject_type": "日期", "object": "10,264.19万元", "subject": "2017年末至2019年末", "subject_index": {"begin": 0, "end": 13}, "object_index": {"begin": 27, "end": 38}}, {"predicate": "应付账款", "object_type": "金额", "subject_type": "日期", "object": "11,080.68万元", "subject": "2017年末至2019年末", "subject_index": {"begin": 0, "end": 13}, "object_index": {"begin": 39, "end": 50}}, {"predicate": "应付账款", "object_type": "金额", "subject_type": "日期", "object": "9,598.30万元", "subject": "2017年末至2019年末", "subject_index": {"begin": 0, "end": 13}, "object_index": {"begin": 51, "end": 61}}]}
{"text": "2017年末至2019年末，公司其他应付款分别为24,940.91万元、76.90万元及79.61万元，主要为应付股利、其他应付款及应付利息。2017年末，公司应付股利较高系股利分红尚未支付完毕所致；2017年末，其他应付款较高的原因为公司收购金盟有限的款项未支付完毕所致。", "spo_list": [{"predicate": "其他应付款", "object_type": "金额", "subject_type": "日期", "object": "24,940.91万元", "subject": "2017年末至2019年末", "subject_index": {"begin": 0, "end": 13}, "object_index": {"begin": 24, "end": 35}}, {"predicate": "其他应付款", "object_type": "金额", "subject_type": "日期", "object": "76.90万元", "subject": "2017年末至2019年末", "subject_index": {"begin": 0, "end": 13}, "object_index": {"begin": 36, "end": 43}}, {"predicate": "其他应付款", "object_type": "金额", "subject_type": "日期", "object": "79.61万元", "subject": "2017年末至2019年末", "subject_index": {"begin": 0, "end": 13}, "object_index": {"begin": 44, "end": 51}}]}
{"text": "2017年末至2019年末，母公司资产负债率分别为53.98%、30.10%和23.38%。2017年末，公司资产负债率高于同行业可比公司的平均水平，主要原因系如前所述，梦百合、恒林股份及菲林格尔分别于2016年、2017年上市并发行股票募集了资金，现金流较为充裕，资产负债率水平相对较低，进而拉低了同行业可比公司的平均水平。", "spo_list": [{"predicate": "资产负债率", "object_type": "日期", "subject_type": "比率", "object": "2017年末至2019年末", "subject": "53.98%", "subject_index": {"begin": 25, "end": 31}, "object_index": {"begin": 0, "end": 13}}, {"predicate": "资产负债率", "object_type": "日期", "subject_type": "比率", "object": "2017年末至2019年末", "subject": "30.10%", "subject_index": {"begin": 32, "end": 38}, "object_index": {"begin": 0, "end": 13}}, {"predicate": "资产负债率", "object_type": "日期", "subject_type": "比率", "object": "2017年末至2019年末", "subject": "23.38%", "subject_index": {"begin": 39, "end": 45}, "object_index": {"begin": 0, "end": 13}}]}
{"text": "报告期内，公司的管理费用主要由职工薪酬、长期资产折旧及摊销、公司经费等构成。2017年至2019年，公司管理费用分别为9,204.68万元、4,238.68万元及4,151.51万元，占当期营业收入的比例分别为8.72%、3.09%及3.62%。2017年管理费用相对较高，主要原因系当年度进行股权激励，本期确认计提股份支付5,154.60万元所致。", "spo_list": [{"predicate": "管理费用", "object_type": "金额", "subject_type": "日期", "object": "9,204.68万元", "subject": "2017年至2019年", "subject_index": {"begin": 38, "end": 49}, "object_index": {"begin": 59, "end": 69}}, {"predicate": "管理费用", "object_type": "金额", "subject_type": "日期", "object": "4,238.68万元", "subject": "2017年至2019年", "subject_index": {"begin": 38, "end": 49}, "object_index": {"begin": 70, "end": 80}}, {"predicate": "管理费用", "object_type": "金额", "subject_type": "日期", "object": "4,151.51万元", "subject": "2017年至2019年", "subject_index": {"begin": 38, "end": 49}, "object_index": {"begin": 81, "end": 91}}]}
{"text": "2017年至2019年，公司财务费用分别为1,347.69万元、-203.39万元及301.06万元，占营业收入比重分别为1.28%、-0.15%及0.26%，主要为汇兑损益、利息支出及银行手续费。2017年财务费用相对较高，主要原因系2017年人民币持续升值导致公司当期汇兑损益大幅上升，使得当年财务费用相对较高。", "spo_list": [{"predicate": "财务费用", "object_type": "金额", "subject_type": "日期", "object": "1,347.69万元", "subject": "2017年至2019年", "subject_index": {"begin": 0, "end": 11}, "object_index": {"begin": 21, "end": 31}}, {"predicate": "财务费用", "object_type": "金额", "subject_type": "日期", "object": "-203.39万元", "subject": "2017年至2019年", "subject_index": {"begin": 0, "end": 11}, "object_index": {"begin": 32, "end": 41}}, {"predicate": "财务费用", "object_type": "金额", "subject_type": "日期", "object": "301.06万元", "subject": "2017年至2019年", "subject_index": {"begin": 0, "end": 11}, "object_index": {"begin": 42, "end": 50}}]}
{"text": "募集资金投资项目固定资产投入产出比为0.39，低于公司2019年投入产出比，主要原因系本次募集资金投资项目中研发总部大楼建设项目并不直接产生营业利润，该项目共投资固定资产9,136万元，若剔除该部分影响，投资项目单位固定资产实现营业利润将达到0.46。", "spo_list": [{"predicate": "固定资产", "object_type": "金额", "subject_type": "日期", "object": "9,136万元", "subject": "2019年", "subject_index": {"begin": 27, "end": 32}, "object_index": {"begin": 85, "end": 92}}]}
{"text": "丁盛先生，男，1978年4月出生，大专学历。曾任爱丽有限贸易部经理、监事。现任公司董事兼副总经理。其担任公司董事的任期为2017年11月至2020年11月。", "spo_list": [{"predicate": "大专", "object_type": "学历", "subject_type": "人物", "object": "大专学历", "subject": "丁盛先生", "subject_index": {"begin": 0, "end": 4}, "object_index": {"begin": 17, "end": 21}}]}
{"text": "2018年末，公司货币资金余额较2017年末增加3,981.37万元，主要系：一方面，当年度公司经营性现金净流入相对较高。2018年公司经营性现金净流入31,469.57万元；另一方面，受当期支付土地、固定资产投资等影响，2018年公司投资性现金净流出13,010.99万元；此外，受当期公司银行借款融资增加及现金分红支出影响，公司筹资性现金净流出15,888.29万元。综合上述因素，2018年货币资金余额较2017年有所增加。", "spo_list": [{"predicate": "货币资金余额", "object_type": "金额", "subject_type": "日期", "object": "3,981.37万元", "subject": "2018年末", "subject_index": {"begin": 0, "end": 6}, "object_index": {"begin": 24, "end": 34}}]}
{"text": "报告期内，应收账款各年的回款情况与销售商品、提供劳务收到的现金基本匹配。2018年公司销售商品、提供劳务收到的现金小于当期回款金额主要原因系2017年下半年公司处理镍铁资产，增加应收账款余额5,721.43万元，而相应回款在现流表中体现在收到其他与经营活动有关的现金中，未体现在销售商品、提供劳务收到的现金中。", "spo_list": [{"predicate": "应收账款余额", "object_type": "金额", "subject_type": "日期", "object": "5,721.43万元", "subject": "2017年", "subject_index": {"begin": 70, "end": 75}, "object_index": {"begin": 95, "end": 105}}]}
{"text": "公司主要为境外客户提供ODM产品，生产模式基本执行“按单生产”，对于部分通用或者标准半成品，公司会结合生产情况及市场需求预测进行合理备货。此外，公司一般根据生产计划安排需要，并考虑原材料价格波动情况进行原材料采购。2017年末至2019年末，公司存货账面值分别为17,914.73万元、17,999.06万元和16,112.33万元，存货规模整体较为稳定。", "spo_list": [{"predicate": "存货", "object_type": "金额", "subject_type": "日期", "object": "17,914.73万元", "subject": "2017年末至2019年末", "subject_index": {"begin": 107, "end": 120}, "object_index": {"begin": 131, "end": 142}}, {"predicate": "存货", "object_type": "金额", "subject_type": "日期", "object": "17,999.06万元", "subject": "2017年末至2019年末", "subject_index": {"begin": 107, "end": 120}, "object_index": {"begin": 143, "end": 154}}, {"predicate": "存货", "object_type": "金额", "subject_type": "日期", "object": "16,112.33万元", "subject": "2017年末至2019年末", "subject_index": {"begin": 107, "end": 120}, "object_index": {"begin": 155, "end": 166}}]}
{"text": "2017年末至2019年末，公司流动负债分别为47,994.78万元、30,722.94万元和25,326.85万元，主要由短期借款、应付票据、应付账款及应付职工薪酬等构成。", "spo_list": [{"predicate": "流动负债", "object_type": "金额", "subject_type": "日期", "object": "47,994.78万元", "subject": "2017年末至2019年末", "subject_index": {"begin": 0, "end": 13}, "object_index": {"begin": 23, "end": 34}}, {"predicate": "流动负债", "object_type": "金额", "subject_type": "日期", "object": "30,722.94万元", "subject": "2017年末至2019年末", "subject_index": {"begin": 0, "end": 13}, "object_index": {"begin": 35, "end": 46}}, {"predicate": "流动负债", "object_type": "金额", "subject_type": "日期", "object": "25,326.85万元", "subject": "2017年末至2019年末", "subject_index": {"begin": 0, "end": 13}, "object_index": {"begin": 47, "end": 58}}]}
{"text": "2017年末至2019年末，公司应付票据账面价值分别为0万元、0万元和6,615.60万元，自2019年下半年起，公司与部分供应商开始使用票据与银行转账相结合的方式进行结算。", "spo_list": [{"predicate": "应付票据", "object_type": "金额", "subject_type": "日期", "object": "0万元", "subject": "2017年末至2019年末", "subject_index": {"begin": 0, "end": 13}, "object_index": {"begin": 27, "end": 30}}, {"predicate": "应付票据", "object_type": "金额", "subject_type": "日期", "object": "0万元", "subject": "2017年末至2019年末", "subject_index": {"begin": 0, "end": 13}, "object_index": {"begin": 31, "end": 34}}, {"predicate": "应付票据", "object_type": "金额", "subject_type": "日期", "object": "6,615.60万元", "subject": "2017年末至2019年末", "subject_index": {"begin": 0, "end": 13}, "object_index": {"begin": 35, "end": 45}}]}
{"text": "报告期内，公司研发费用主要由研发新产品新技术发生的职工薪酬、材料费、设备折旧等构成。2017年至2019年，公司研发费用分别为414.69万元、1,269.27万元及1,267.06万元，占当期营业收入的比例分别为0.39%、0.92%及1.11%。报告期内，为不断开发新产品及新工艺，公司研发费用投入逐年增加。", "spo_list": [{"predicate": "研发费用", "object_type": "金额", "subject_type": "日期", "object": "414.69万元", "subject": "2017年至2019年", "subject_index": {"begin": 42, "end": 53}, "object_index": {"begin": 63, "end": 71}}, {"predicate": "研发费用", "object_type": "金额", "subject_type": "日期", "object": "1,269.27万元", "subject": "2017年至2019年", "subject_index": {"begin": 42, "end": 53}, "object_index": {"begin": 72, "end": 82}}, {"predicate": "研发费用", "object_type": "金额", "subject_type": "日期", "object": "1,267.06万元，", "subject": "2017年至2019年", "subject_index": {"begin": 42, "end": 53}, "object_index": {"begin": 83, "end": 94}}]}
{"text": "2017年至2019年，公司投资活动现金流净额分别为-13,823.86万元、-13,010.99万元和-12,928.01万元。", "spo_list": [{"predicate": "公司投资活动产生的现金流量净额", "object_type": "金额", "subject_type": "日期", "object": "-13,823.86万元", "subject": "2017年至2019年", "subject_index": {"begin": 0, "end": 11}, "object_index": {"begin": 26, "end": 38}}, {"predicate": "公司投资活动产生的现金流量净额", "object_type": "金额", "subject_type": "日期", "object": "-13,010.99万元", "subject": "2017年至2019年", "subject_index": {"begin": 0, "end": 11}, "object_index": {"begin": 39, "end": 51}}, {"predicate": "公司投资活动产生的现金流量净额", "object_type": "金额", "subject_type": "日期", "object": "-12,928.01万元", "subject": "2017年至2019年", "subject_index": {"begin": 0, "end": 11}, "object_index": {"begin": 52, "end": 64}}]}
{"text": "2017年至2019年，公司筹资活动现金流净额分别为1,078.76万元、-15,888.20万元和-9,533.70万元。", "spo_list": [{"predicate": "公司筹资活动产生的现金流量净额", "object_type": "金额", "subject_type": "日期", "object": "1,078.76万元", "subject": "2017年至2019年", "subject_index": {"begin": 0, "end": 11}, "object_index": {"begin": 26, "end": 36}}, {"predicate": "公司筹资活动产生的现金流量净额", "object_type": "金额", "subject_type": "日期", "object": "-15,888.20万元", "subject": "2017年至2019年", "subject_index": {"begin": 0, "end": 11}, "object_index": {"begin": 37, "end": 49}}, {"predicate": "公司筹资活动产生的现金流量净额", "object_type": "金额", "subject_type": "日期", "object": "-9,533.70万元", "subject": "2017年至2019年", "subject_index": {"begin": 0, "end": 11}, "object_index": {"begin": 50, "end": 61}}]}
{"text": "根据公司2018年8月18日通过的2018年第一次临时股东大会决议：如公司股票经中国证监会核准公开发行，公司首次公开发行股票前的滚存未分配利润由发行后的新老股东按照持股比例共享。", "spo_list": []}
{"text": "2017年8月22日，江苏中天资产评估事务所有限公司出具《自然人宋锦程和施慧璐拟以股权对外投资所涉及的张家港保税区达元贸易有限公司股东全部权益价值评估报告》（苏中资评报字（2017）第1025号），达元贸易截至2017年7月31日的净资产评估值为15,099.16万元。", "spo_list": [{"predicate": "净资产评估值", "object_type": "金额", "subject_type": "日期", "object": "15,099.16万元", "subject": "2017年7月31日", "subject_index": {"begin": 105, "end": 115}, "object_index": {"begin": 123, "end": 134}}]}
{"text": "报告期内，基于金盟有限产品质量稳定、供货及时，公司向其采购塑料磨砂片用以生产PVC塑料地板。2017年，该等采购金额为4,165.74万元，占当期营业成本比例为5.46%。", "spo_list": [{"predicate": "财务费用", "object_type": "金额", "subject_type": "日期", "object": "4,165.74万元", "subject": "2017年", "subject_index": {"begin": 46, "end": 51}, "object_index": {"begin": 59, "end": 69}}]}
{"text": "2017年至2019年，公司归属于母公司所有者的非经常性损益净额分别为339.95万元、-1,307.61万元和728.25万元，扣除非经常性损益后的归属于母公司所有者的净利润分别为11,124.66万元、18,840.48万元和13,474.72万元。", "spo_list": [{"predicate": "非经常性损益", "object_type": "金额", "subject_type": "日期", "object": "339.95万元", "subject": "2017年至2019年", "subject_index": {"begin": 0, "end": 11}, "object_index": {"begin": 35, "end": 43}}, {"predicate": "非经常性损益", "object_type": "金额", "subject_type": "日期", "object": "-1,307.61万元", "subject": "2017年至2019年", "subject_index": {"begin": 0, "end": 11}, "object_index": {"begin": 44, "end": 55}}, {"predicate": "非经常性损益", "object_type": "金额", "subject_type": "日期", "object": "728.25万元", "subject": "2017年至2019年", "subject_index": {"begin": 0, "end": 11}, "object_index": {"begin": 56, "end": 64}}]}
{"text": "报告期各期末，发行人应收账款余额分别为24,001.18万元、17,792.68万元和20,906.82万元。截至2020年1月12日，各年度期后应收账款分别已回款23,998.68万元、17,792.68万元和3,281.76万元，回款情况整体较好。", "spo_list": [{"predicate": "应收账款余额", "object_type": "金额", "subject_type": "日期", "object": "24,001.18万元", "subject": "2020年1月12日", "subject_index": {"begin": 57, "end": 67}, "object_index": {"begin": 19, "end": 30}}, {"predicate": "应收账款余额", "object_type": "金额", "subject_type": "日期", "object": "17,792.68万元", "subject": "2020年1月12日", "subject_index": {"begin": 57, "end": 67}, "object_index": {"begin": 31, "end": 42}}, {"predicate": "应收账款余额", "object_type": "金额", "subject_type": "日期", "object": "20,906.82万元", "subject": "2020年1月12日", "subject_index": {"begin": 57, "end": 67}, "object_index": {"begin": 43, "end": 54}}]}
{"text": "2017年末至2019年末，公司固定资产账面净值分别为18,845.00万元、20,131.42万元及21,243.39万元，占各期总资产的比例分别为21.60%、22.91%及21.84%，主要为房屋建筑物、机器设备、运输设备、电子及其他设备。报告期内，公司固定资产逐年上涨主要系公司适当投资建设新产品生产线以满足产品开发生产需要。", "spo_list": [{"predicate": "固定资产", "object_type": "金额", "subject_type": "日期", "object": "18,845.00万元", "subject": "2017年末至2019年末", "subject_index": {"begin": 0, "end": 13}, "object_index": {"begin": 27, "end": 38}}, {"predicate": "固定资产", "object_type": "金额", "subject_type": "日期", "object": "20,131.42万元", "subject": "2017年末至2019年末", "subject_index": {"begin": 0, "end": 13}, "object_index": {"begin": 39, "end": 50}}, {"predicate": "固定资产", "object_type": "金额", "subject_type": "日期", "object": "21,243.39万元", "subject": "2017年末至2019年末", "subject_index": {"begin": 0, "end": 13}, "object_index": {"begin": 51, "end": 62}}]}
{"text": "2017年末至2019年末，公司其他非流动资产账面价值分别为2,000.55万元、2,204.66万元和2,180.45万元，主要为预付房屋购置款及预付工程设备购置款等。", "spo_list": [{"predicate": "非流动资产", "object_type": "金额", "subject_type": "日期", "object": "2,000.55万元", "subject": "2017年末至2019年末", "subject_index": {"begin": 0, "end": 13}, "object_index": {"begin": 30, "end": 40}}, {"predicate": "非流动资产", "object_type": "金额", "subject_type": "日期", "object": "2,204.66万元", "subject": "2017年末至2019年末", "subject_index": {"begin": 0, "end": 13}, "object_index": {"begin": 41, "end": 51}}, {"predicate": "非流动资产", "object_type": "金额", "subject_type": "日期", "object": "2,180.45万元", "subject": "2017年末至2019年末", "subject_index": {"begin": 0, "end": 13}, "object_index": {"begin": 52, "end": 62}}]}
{"text": "2017年末至2019年末，公司短期借款账面价值分别为7,500.00万元、13,700.00万元和4,660.00万元，占各期负债总额的比例分别为15.63%、44.08%和17.71%。", "spo_list": [{"predicate": "短期借款", "object_type": "金额", "subject_type": "日期", "object": "7,500.00万元", "subject": "2017年末至2019年末", "subject_index": {"begin": 0, "end": 13}, "object_index": {"begin": 27, "end": 37}}, {"predicate": "短期借款", "object_type": "金额", "subject_type": "日期", "object": "13,700.00万元", "subject": "2017年末至2019年末", "subject_index": {"begin": 0, "end": 13}, "object_index": {"begin": 38, "end": 49}}, {"predicate": "短期借款", "object_type": "金额", "subject_type": "日期", "object": "4,660.00万元", "subject": "2017年末至2019年末", "subject_index": {"begin": 0, "end": 13}, "object_index": {"begin": 50, "end": 60}}]}
{"text": "2017年末至2019年末，公司应付职工薪酬账面价值分别为2,878.62万元、3,150.13万元和2,713.88万元，整体较为稳定。", "spo_list": [{"predicate": "应付职工薪酬", "object_type": "金额", "subject_type": "日期", "object": "2,878.62万元", "subject": "2017年末至2019年末", "subject_index": {"begin": 0, "end": 13}, "object_index": {"begin": 29, "end": 39}}, {"predicate": "应付职工薪酬", "object_type": "金额", "subject_type": "日期", "object": "3,150.13万元", "subject": "2017年末至2019年末", "subject_index": {"begin": 0, "end": 13}, "object_index": {"begin": 40, "end": 50}}, {"predicate": "应付职工薪酬", "object_type": "金额", "subject_type": "日期", "object": "2,713.88万元", "subject": "2017年末至2019年末", "subject_index": {"begin": 0, "end": 13}, "object_index": {"begin": 51, "end": 61}}]}
{"text": "2017年末至2019年末，应交税费余额分别为1,502.96万元、1,739.15万元及988.36万元，主要为应交企业所得税和增值税。其中，2017年末应交增值税较高主要系公司当年末出售镍铁形成增值税销项税额相对较高所致。", "spo_list": [{"predicate": "应交税费", "object_type": "金额", "subject_type": "日期", "object": "1,502.96万元", "subject": "2017年末至2019年末", "subject_index": {"begin": 0, "end": 13}, "object_index": {"begin": 23, "end": 33}}, {"predicate": "应交税费", "object_type": "金额", "subject_type": "日期", "object": "1,739.15万元", "subject": "2017年末至2019年末", "subject_index": {"begin": 0, "end": 13}, "object_index": {"begin": 34, "end": 44}}, {"predicate": "应交税费", "object_type": "金额", "subject_type": "日期", "object": "988.36万元", "subject": "2017年末至2019年末", "subject_index": {"begin": 0, "end": 13}, "object_index": {"begin": 45, "end": 53}}]}
{"text": "2017年，公司因员工激励确认股份支付费用5,154.60万元，对公司管理费用影响相对较高。此外，受汇兑损益影响，公司财务费用分别为1,347.69万元、-203.39万元和301.06万元，波动相对较大。", "spo_list": [{"predicate": "财务费用", "object_type": "金额", "subject_type": "日期", "object": "1,347.69万元", "subject": "2017年", "subject_index": {"begin": 0, "end": 5}, "object_index": {"begin": 66, "end": 76}}, {"predicate": "财务费用", "object_type": "金额", "subject_type": "日期", "object": "-203.39万元", "subject": "2017年", "subject_index": {"begin": 0, "end": 5}, "object_index": {"begin": 77, "end": 86}}, {"predicate": "财务费用", "object_type": "金额", "subject_type": "日期", "object": "301.06万元", "subject": "2017年", "subject_index": {"begin": 0, "end": 5}, "object_index": {"begin": 87, "end": 95}}]}
{"text": "公司销售费用主要包括职工薪酬、运杂费、专利使用费等。2017年至2019年，公司销售费用分别为2,798.38万元、3,336.00万元及2,770.40万元，占当期营业收入比重分别为2.65%、2.43%及2.42%，销售费用率较为稳定。", "spo_list": [{"predicate": "销售费用", "object_type": "金额", "subject_type": "日期", "object": "2,798.38万元", "subject": "2017年至2019年", "subject_index": {"begin": 26, "end": 37}, "object_index": {"begin": 47, "end": 57}}, {"predicate": "销售费用", "object_type": "金额", "subject_type": "日期", "object": "3,336.00万元", "subject": "2017年至2019年", "subject_index": {"begin": 26, "end": 37}, "object_index": {"begin": 58, "end": 68}}, {"predicate": "销售费用", "object_type": "金额", "subject_type": "日期", "object": "2,770.40万元", "subject": "2017年至2019年", "subject_index": {"begin": 26, "end": 37}, "object_index": {"begin": 69, "end": 79}}]}
{"text": "2017年至2019年，公司经营活动产生的现金流量净额分别为15,793.35万元、31,469.57万元及19,779.91万元，累计金额为67,042.83万元；同期净利润分别为11,464.60万元、17,532.87万元、14,202.97万元，累计金额为43,200.44万元。报告期内，公司经营活动产生的现金流量净额与净利润累计金额有所差异，具体分析如下：", "spo_list": [{"predicate": "公司经营活动产生的现金流量净额", "object_type": "金额", "subject_type": "日期", "object": "15,793.35万元", "subject": "2017年至2019年", "subject_index": {"begin": 0, "end": 11}, "object_index": {"begin": 30, "end": 41}}, {"predicate": "公司经营活动产生的现金流量净额", "object_type": "金额", "subject_type": "日期", "object": "31,469.57万元", "subject": "2017年至2019年", "subject_index": {"begin": 0, "end": 11}, "object_index": {"begin": 42, "end": 53}}, {"predicate": "公司经营活动产生的现金流量净额", "object_type": "金额", "subject_type": "日期", "object": "19,779.91万元", "subject": "2017年至2019年", "subject_index": {"begin": 0, "end": 11}, "object_index": {"begin": 54, "end": 65}}]}
{"text": "2017年，公司投资活动现金流净额为负主要原因系：一方面，当期购建固定资产、无形资产和其他长期资产支付现金6,941.44万元；另一方面，2017年，公司购买金盟有限经营性资产及购买江苏优程股权支付现金15,431.86万元。", "spo_list": []}
{"text": "2017年，公司筹资活动现金流入9,531.20万元，其中取得借款收到的现金7,500.00万元、收到股东增资的现金2,031.20万元；分配股利、利润或偿付利息支付现金8,452.44万元。", "spo_list": [{"predicate": "公司筹资活动产生的现金流量净额", "object_type": "金额", "subject_type": "日期", "object": "9,531.20万元", "subject": "2017年", "subject_index": {"begin": 0, "end": 5}, "object_index": {"begin": 16, "end": 26}}, {"predicate": "短期借款", "object_type": "金额", "subject_type": "日期", "object": "7,500.00万元", "subject": "2017年", "subject_index": {"begin": 0, "end": 5}, "object_index": {"begin": 38, "end": 48}}]}
{"text": "根据上表测算结果，公司2024年预测流动资金占用额为53,132.61万元，2019年公司流动资金占用额为21,513.68万元，公司未来五年流动资金缺口（即新增流动资金占用额）为31,618.94万元，高于公司本项目投资总额。因此，补充流动资金项目符合公司实际经营情况，合理可行", "spo_list": [{"predicate": "流动资产", "object_type": "金额", "subject_type": "日期", "object": "53,132.61万元", "subject": "2024年", "subject_index": {"begin": 11, "end": 16}, "object_index": {"begin": 26, "end": 37}}, {"predicate": "流动资产", "object_type": "金额", "subject_type": "日期", "object": "31,618.94万元", "subject": "2024年", "subject_index": {"begin": 11, "end": 16}, "object_index": {"begin": 90, "end": 101}}, {"predicate": "流动资产", "object_type": "金额", "subject_type": "日期", "object": "21,513.68万元", "subject": "2019年", "subject_index": {"begin": 38, "end": 43}, "object_index": {"begin": 53, "end": 64}}]}
