{"text": "2001年3月8日，爱普有限召开股东会，就股权转让及增资事宜作出决议。同日，王燕平与爱普实业签订《股东股金转让协议书》，约定王燕平将持有爱普有限48%的股权（出资额460万元）按460万元的价格转让给爱普实业；新增注册资本5,040万元，其中：吕爱国以资本公积、盈余公积和未分配利润转增注册资本1,924万元，爱普实业以货币资金方式投入200万元，魏中浩等其他7名新股东以货币资金方式投入2,916万元。2001年3月15日，上海佳华会计师事务所有限公司出具佳业内验字（2001）0403号《验资报告》。2001年4月5日，上海市工商行政管理局嘉定分局签发3101142004059号营业执照。", "spo_list": [{"predicate": "货币资金", "object_type": "金额", "subject_type": "日期", "object": "2,916万元", "subject": "2001年3月8日", "subject_index": {"begin": 0, "end": 9}, "object_index": {"begin": 194, "end": 201}}]}
{"text": "根据魏中浩安排，王燕平将持有的爱普有限460万元股权全部转让给爱普实业。鉴于爱普实业于2000年1月汇入爱普有限货币资金500万元，爱普有限将其计入资本公积。本次股权转让及增资过程中，爱普有限将该500万元由资本公积科目转出，将其中460万元向王燕平支付股权转让款，所余40万元连同爱普实业本次新增货币出资160万元，共计200万元用于增加注册资本。至此，爱普实业对爱普有限的出资额合计660万元，且全部真实到位。", "spo_list": [{"predicate": "货币资金", "object_type": "金额", "subject_type": "日期", "object": "500万元", "subject": "2000年1月", "subject_index": {"begin": 43, "end": 50}, "object_index": {"begin": 60, "end": 65}}]}
{"text": "5、朱忠兰女士，公司董事、采购总监，1955年出生，大学专科学历，历任上海家具厂团委副书记、品管部副经理，上海康建房产公司销售经理，上海爱普香料有限公司食用香精事业部副总经理，爱普香料食用香精事业部副总经理。", "spo_list": [{"predicate": "大专", "object_type": "学历", "subject_type": "人物", "object": "专科", "subject": "朱忠兰", "subject_index": {"begin": 2, "end": 5}, "object_index": {"begin": 28, "end": 30}}]}
{"text": "1、杜毅先生，公司监事会主席，1960年出生，大学本科学历，教授级高级工程师，历任轻工部香料工业科学研究所烟草香精课题负责人，深圳波顿香料有限公司烟草部副经理，上海爱普香料有限公司副总工程师，爱普香料技术研究三部总经理。", "spo_list": []}
{"text": "3、杨燕女士，公司监事、人力资源部副经理，1979年出生，大学专科学历，工程师职称，历任嘉定商城职员，贝嘉儿幼儿园教师，上海质胜印刷有限公司职员，上海爱普香料有限公司人事行政部副经理。", "spo_list": [{"predicate": "大专", "object_type": "学历", "subject_type": "人物", "object": "专科", "subject": "杨燕", "subject_index": {"begin": 2, "end": 4}, "object_index": {"begin": 31, "end": 33}}]}
{"text": "2014年9月末，公司应付账款余额为17,107.16万元，无应付持本公司5%及以上表决权股份的股东单位账款，具体情况如下：", "spo_list": [{"predicate": "应付账款", "object_type": "金额", "subject_type": "日期", "object": "17,107.16万元", "subject": "2014年9月末", "subject_index": {"begin": 0, "end": 8}, "object_index": {"begin": 18, "end": 29}}]}
{"text": "2014年9月末，公司单项金额重大的应收账款经单独测试后计提了105.55万元的坏账准备，计提比例为1.51%；在单项金额不重大但按信用风险特征组合后风险较大的应收账款中，账龄在6个月以内的应收账款占比为98.09%，均在正常的信用期间内，且期后回款情况良好。", "spo_list": [{"predicate": "坏账准备", "object_type": "金额", "subject_type": "日期", "object": "105.55万元", "subject": "2014年9月末", "subject_index": {"begin": 0, "end": 8}, "object_index": {"begin": 31, "end": 39}}]}
{"text": "2011年，公司固定资产原值新增2,773.32万元，主要系爱普植物厂房和母公司厂区更新设备转入固定资产共计1,585.43万元、爱普植物购入机器和电子设备503.17万元所致；减少主要系部分房屋转入投资性房产。", "spo_list": [{"predicate": "固定资产", "object_type": "金额", "subject_type": "日期", "object": "1,585.43万元", "subject": "2011年", "subject_index": {"begin": 0, "end": 5}, "object_index": {"begin": 54, "end": 64}}]}
{"text": "2014年9月末，公司其他应付款余额为1,167.27万元，无应付持有本公司5%及以上表决权股份的股东款项；其中75.84%的账龄在一年以上，主要系已代扣但暂缓缴纳的个人所得税。", "spo_list": [{"predicate": "其他应付款", "object_type": "金额", "subject_type": "日期", "object": "1,167.27万元", "subject": "2014年9月末", "subject_index": {"begin": 0, "end": 8}, "object_index": {"begin": 19, "end": 29}}]}
{"text": "2、费文耀先生，公司董事，1957年出生，大学专科学历，历任上海奉贤五四农场化工厂车间主任，上海日用化学品劳动服务公司经理，深圳波顿香料有限公司副总经理，上海爱普香料有限公司副总经理等职务。", "spo_list": [{"predicate": "大专", "object_type": "学历", "subject_type": "人物", "object": "大学专", "subject": "费文耀先", "subject_index": {"begin": 2, "end": 6}, "object_index": {"begin": 21, "end": 24}}]}
{"text": "6、黄健先生，公司董事、副总经理，1972年出生，大学专科学历，历任上海孔雀香精香料有限公司工程师，上海爱普香料有限公司技术五部经理、技术中心副主任、总经理助理、副总经理。", "spo_list": [{"predicate": "大专", "object_type": "学历", "subject_type": "人物", "object": "大学专科", "subject": "黄健", "subject_index": {"begin": 2, "end": 4}, "object_index": {"begin": 25, "end": 29}}]}
{"text": "2、张丽华女士，公司监事、人力资源总监，1963年出生，大学专科学历，高级工程师职称，历任上海电池厂主任科员，深圳波顿香料有限公司总经理办公室副主任，上海爱普香料有限公司人力资源及行政部经理、香精总部副总经理、工会主席，现兼任上海轻工业工会联合会女工委员会委员，上海轻工业工会联合会日用化学品行业分会副主席，嘉定区中青年知识分子联谊会理事。", "spo_list": [{"predicate": "大专", "object_type": "学历", "subject_type": "人物", "object": "大学专科", "subject": "张丽华", "subject_index": {"begin": 2, "end": 5}, "object_index": {"begin": 28, "end": 32}}]}
{"text": "1、陈秋林先生，公司技术研究六部总经理，1960年出生，大学专科学历，工程技术类工程师、食品添加剂高级工程师，历任上海制胶厂明胶车间代理主任，上海高仕香精有限公司食品香精调香部经理，上海爱普香料有限公司技术研究部经理，爱普香料技术研究一部总经理。", "spo_list": [{"predicate": "大专", "object_type": "学历", "subject_type": "人物", "object": "大学专科", "subject": "陈秋林", "subject_index": {"begin": 2, "end": 5}, "object_index": {"begin": 28, "end": 32}}]}
{"text": "2011-2013年末，公司货币资金余额分别为17,725.99万元、21,846.53万元和28,107.12万元，逐年增长，主要原因是公司产品销售状况较好，在销售规模逐年增长的情况下，公司严格控制赊销金额增长、重视应收账款回收，经营现金净流入状况良好。2014年9月末，公司货币资金余额为30,155.18万元。", "spo_list": [{"predicate": "货币资金余额", "object_type": "金额", "subject_type": "日期", "object": "17,725.99万元", "subject": "2011-2013年末", "subject_index": {"begin": 0, "end": 11}, "object_index": {"begin": 23, "end": 34}}, {"predicate": "货币资金余额", "object_type": "金额", "subject_type": "日期", "object": "21,846.53万元", "subject": "2011-2013年末", "subject_index": {"begin": 0, "end": 11}, "object_index": {"begin": 35, "end": 46}}, {"predicate": "货币资金余额", "object_type": "金额", "subject_type": "日期", "object": "28,107.12万元", "subject": "2011-2013年末", "subject_index": {"begin": 0, "end": 11}, "object_index": {"begin": 47, "end": 58}}]}
{"text": "2012年，公司固定资产原值新增2,025.99万元，主要系爱普植物在建厂房转入固定资产1,245.79万元所致；减少主要系部分房屋转入投资性房产。", "spo_list": [{"predicate": "固定资产", "object_type": "金额", "subject_type": "日期", "object": "2,025.99万元", "subject": "2012年", "subject_index": {"begin": 0, "end": 5}, "object_index": {"begin": 16, "end": 26}}, {"predicate": "固定资产", "object_type": "金额", "subject_type": "日期", "object": "1,245.79万元", "subject": "2012年", "subject_index": {"begin": 0, "end": 5}, "object_index": {"begin": 44, "end": 54}}]}
{"text": "根据上海上审会计师事务所有限公司（以下简称“上审会计师”）于2001年2月20日出具的沪审事业[2001]1300号《审计报告》，爱普有限2000年12月31日净资产60,227,637.91元，其中：实收资本960万元、资本公积7,080,130.54元、盈余公积10,330,488.72元、未分配利润33,217,018.65元。上述资本公积中的500万元，原系爱普实业2000年1月汇入，爱普有限将其计入了资本公积，实际系对爱普实业的欠款。", "spo_list": [{"predicate": "资本公积", "object_type": "金额", "subject_type": "日期", "object": "7,080,130.54元", "subject": "2001年2月20日", "subject_index": {"begin": 30, "end": 40}, "object_index": {"begin": 115, "end": 128}}, {"predicate": "盈余公积", "object_type": "金额", "subject_type": "日期", "object": "10,330,488.72元", "subject": "2001年2月20日", "subject_index": {"begin": 30, "end": 40}, "object_index": {"begin": 133, "end": 147}}, {"predicate": "未分配利润", "object_type": "金额", "subject_type": "日期", "object": "33,217,018.65元", "subject": "2001年2月20日", "subject_index": {"begin": 30, "end": 40}, "object_index": {"begin": 153, "end": 167}}, {"predicate": "资本公积", "object_type": "金额", "subject_type": "日期", "object": "500万元", "subject": "2001年2月20日", "subject_index": {"begin": 30, "end": 40}, "object_index": {"begin": 176, "end": 181}}]}
{"text": "另外，2008年1月5日，爱普种植向上海市嘉定区徐行镇伏虎村民委员会租用248亩土地用于香料植物的种植（其中土地面积为234.08亩，水面面积为13.92亩），租赁期限自2007年12月31日至2022年11月30日；第一年土地每亩每年的租金为1,200元，水面每亩每年的租金为600元，自2009年1月1日起，租金逐年递增4%。爱普种植所租用土地系该村村民委托伏虎村委会统一管理、分配流转的，经上海市嘉定区徐行镇伏虎村村民代表大会批准，授权伏虎村委会签订相关协议；上海市嘉定区徐行镇人民政府农业办公室对此进行了书面确认。故爱普种植签订的上述租赁合同合法有效，不存在法律纠纷及潜在纠纷。", "spo_list": [{"predicate": "其他成本", "object_type": "金额", "subject_type": "日期", "object": "1,200元", "subject": "2008年1月5日", "subject_index": {"begin": 3, "end": 12}, "object_index": {"begin": 122, "end": 128}}, {"predicate": "其他成本", "object_type": "金额", "subject_type": "日期", "object": "600元", "subject": "2008年1月5日", "subject_index": {"begin": 3, "end": 12}, "object_index": {"begin": 139, "end": 143}}]}
{"text": "1、魏中浩先生，公司董事长、总经理，1954年出生，大学专科学历，高级经济师职称，历任上海日用香精厂办公室主任、副厂长，上海冠利建设公司总经理，深圳波顿香料有限公司总经理，上海爱普香料有限公司董事长、总经理等职务，现兼任上海市政协委员，上海市工商联常委，嘉定区工商联副主席，上海海洋大学顾问教授", "spo_list": [{"predicate": "大专", "object_type": "学历", "subject_type": "人物", "object": "大学专科学历", "subject": "魏中浩", "subject_index": {"begin": 2, "end": 5}, "object_index": {"begin": 26, "end": 32}}]}
{"text": "4、胡勇成先生，公司董事，1961年出生，大学专科学历，高级工程师职称，历任上海日用香精厂技术部部长，深圳波顿香料有限公司总经理助理、研究所所长，上海爱普香料有限公司副总经理，现兼任中国香料香精化妆品工业协会香精专业委员会主任委员，《香料香精化妆品》杂志编委。", "spo_list": [{"predicate": "大专", "object_type": "学历", "subject_type": "人物", "object": "大学专科学历", "subject": "胡勇成", "subject_index": {"begin": 2, "end": 5}, "object_index": {"begin": 21, "end": 27}}]}
{"text": "8、王众先生，公司独立董事，1967年出生，大学本科学历，历任抚顺市工商局法制处科员，抚顺市第一律师事务所律师，抚顺必达律师事务所主任、律师，上海市广海律师事务所律师，现任京都律师事务所合伙人、上海分所主任；兼任中华全国律师协会刑事专业委员会委员，安徽久工健业股份有限公司独立董事，神宇通信科技股份公司独立董事。", "spo_list": []}
{"text": "2、王圣文先生，公司副总经理，1966年出生，大学本科学历，历任大连万宝至马达有限公司工程系长，大连福来休食品有限公司贸易部长，大连瀛和商贸有限公司副总经理，大连富迪士食品有限公司总经理，上海爱普迅誉食品配料有限公司总经理，食品科技副总经理。", "spo_list": []}
{"text": "尽管如此，随着公司销售规模的扩大和客户数量的日益增多，公司收款的成本和风险可能增大，坏账率可能有所提高。为此，公司根据实际情况制定并严格执行坏账准备计提政策，涵盖可能发生的坏账损失，且对公司经营成果的影响较小。2013年末，公司共计提215.45万元的坏账准备，占应收账款余额的1.11%；2014年9月末，公司共计提197.61万元的坏账准备，占应收账款余额的0.94%。", "spo_list": [{"predicate": "坏账准备", "object_type": "金额", "subject_type": "日期", "object": "215.45万元", "subject": "2013年末", "subject_index": {"begin": 105, "end": 111}, "object_index": {"begin": 117, "end": 125}}, {"predicate": "坏账准备", "object_type": "金额", "subject_type": "日期", "object": "197.61万元", "subject": "2014年9月末", "subject_index": {"begin": 145, "end": 153}, "object_index": {"begin": 159, "end": 167}}]}
{"text": "2013年，公司固定资产原值新增4,909.90万元，主要系爱普植物在建厂房和母公司在建物流中心转固所致；减少主要系母公司处置了部分设备和仪器。", "spo_list": [{"predicate": "固定资产", "object_type": "金额", "subject_type": "日期", "object": "4,909.90万元", "subject": "2013年", "subject_index": {"begin": 0, "end": 5}, "object_index": {"begin": 16, "end": 26}}]}
{"text": "报告期各期末，公司应交税费余额分别为2,111.95万元、1,690.47万元、2,131.19万元和1,772.85万元，其中主要系应交企业所得税和应交增值税；2014年9月末，应交企业所得税1,148.36万元、应交增值税462.08万元", "spo_list": [{"predicate": "应交税费", "object_type": "金额", "subject_type": "日期", "object": "1,148.36万元", "subject": "2014年9月末", "subject_index": {"begin": 81, "end": 89}, "object_index": {"begin": 97, "end": 107}}, {"predicate": "应交税费", "object_type": "金额", "subject_type": "日期", "object": "462.08万元", "subject": "2014年9月末", "subject_index": {"begin": 81, "end": 89}, "object_index": {"begin": 113, "end": 121}}]}
{"text": "2014年，公司归属于母公司所有者的非经常性损益净额为1,190.57万元，占公司当期归属于母公所有者的净利润（未扣除非经常性损益）的比例为7.70%，对公司当期经营成果的影响较小", "spo_list": [{"predicate": "非经常性损益", "object_type": "金额", "subject_type": "日期", "object": "1,190.57万元", "subject": "2014年", "subject_index": {"begin": 0, "end": 5}, "object_index": {"begin": 27, "end": 37}}]}
