{"text": "本公司与八钢集团于2001年5月28日签订《电炉炼钢厂委托经营管理合同》根据该合同八钢集团委托本公司经营管理电炉炼钢厂生产经营性资产合同期限为合同生效之日至电炉炼钢厂的生产经营性资产以收购方式进入本公司之日或依据该合同约定终止条件成立时双方同意八钢集团每年支付的托管费为电炉炼钢厂资产总额的千分之五即247万元", "spo_list": [{"predicate": "关联方", "object_type": "公司", "subject_type": "公司", "object": "电炉炼钢厂", "subject": "八钢集团", "subject_index": {"begin": 122, "end": 126}, "object_index": {"begin": 135, "end": 140}}]}
{"text": "根据上述委托经营管理合同八钢集团每年向本公司支付炼铁分公司托管费286万元支付电炉炼钢厂托管费247万元共计533万元2001年度支付托管费共计266.50万元占公司2001年度全年利润总额23,946.71万元的1.11%", "spo_list": [{"predicate": "营业利润", "object_type": "金额", "subject_type": "日期", "object": "23,946.71万元", "subject": "2001年度", "subject_index": {"begin": 83, "end": 89}, "object_index": {"begin": 95, "end": 106}}]}
{"text": "刘毅民先生中国国籍男44岁汉族中共党员大学学历高级工程师现任本公司董事总经理1997年被新疆自治区团委评选为新疆优秀青年企业家1978年12月1985年7月新疆钢铁公司轧钢厂一车间工人1985年7月1987年7月武汉钢院学习1987年7月1991年7月轧新疆钢铁公司钢厂一车间主任1991年1月1994年10月新疆钢铁公司轧钢厂副厂长1994年10月1998年12月新疆钢铁公司二轧厂厂长1999年1月2000年4月新疆钢铁公司销售处处长", "spo_list": [{"predicate": "国籍", "object_type": "国家", "subject_type": "人物", "object": "中国", "subject": "刘毅民", "subject_index": {"begin": 0, "end": 3}, "object_index": {"begin": 5, "end": 7}}, {"predicate": "大专", "object_type": "学历", "subject_type": "人物", "object": "大学", "subject": "刘毅民", "subject_index": {"begin": 0, "end": 3}, "object_index": {"begin": 19, "end": 21}}, {"predicate": "任职日期", "object_type": "日期", "subject_type": "人物", "object": "1978年12月1985年7月", "subject": "刘毅民", "subject_index": {"begin": 0, "end": 3}, "object_index": {"begin": 63, "end": 78}}, {"predicate": "任职公司", "object_type": "公司", "subject_type": "人物", "object": "新疆钢铁公司轧钢厂", "subject": "刘毅民", "subject_index": {"begin": 0, "end": 3}, "object_index": {"begin": 78, "end": 87}}, {"predicate": "任职日期", "object_type": "日期", "subject_type": "人物", "object": "1985年7月1987年7月", "subject": "刘毅民", "subject_index": {"begin": 0, "end": 3}, "object_index": {"begin": 92, "end": 106}}, {"predicate": "任职日期", "object_type": "日期", "subject_type": "人物", "object": "1987年7月1991年7月", "subject": "刘毅民", "subject_index": {"begin": 0, "end": 3}, "object_index": {"begin": 112, "end": 126}}, {"predicate": "任职日期", "object_type": "日期", "subject_type": "人物", "object": "1991年1月1994年10月", "subject": "刘毅民", "subject_index": {"begin": 0, "end": 3}, "object_index": {"begin": 140, "end": 155}}, {"predicate": "任职日期", "object_type": "日期", "subject_type": "人物", "object": "1994年10月1998年12月", "subject": "刘毅民", "subject_index": {"begin": 0, "end": 3}, "object_index": {"begin": 167, "end": 183}}, {"predicate": "任职日期", "object_type": "日期", "subject_type": "人物", "object": "1999年1月2000年4月", "subject": "刘毅民", "subject_index": {"begin": 0, "end": 3}, "object_index": {"begin": 194, "end": 208}}]}
{"text": "康敬成先生中国国籍男45岁汉族中共党员大学学历高级经济师历任解放军部队后勤部政治处主任自治区经贸委企业处副处长新疆机电设备招标中心副总经理新疆技术改造投资公司总经理", "spo_list": [{"predicate": "国籍", "object_type": "国家", "subject_type": "人物", "object": "中国", "subject": "康敬成", "subject_index": {"begin": 0, "end": 3}, "object_index": {"begin": 5, "end": 7}}, {"predicate": "大专", "object_type": "学历", "subject_type": "人物", "object": "大学", "subject": "康敬成", "subject_index": {"begin": 0, "end": 3}, "object_index": {"begin": 19, "end": 21}}, {"predicate": "任职公司", "object_type": "公司", "subject_type": "人物", "object": "解放军部队后勤部政治处", "subject": "康敬成", "subject_index": {"begin": 0, "end": 3}, "object_index": {"begin": 30, "end": 41}}, {"predicate": "任职公司", "object_type": "公司", "subject_type": "人物", "object": "新疆机电设备招标中心", "subject": "康敬成", "subject_index": {"begin": 0, "end": 3}, "object_index": {"begin": 55, "end": 65}}, {"predicate": "任职公司", "object_type": "公司", "subject_type": "人物", "object": "新疆技术改造投资公司", "subject": "康敬成", "subject_index": {"begin": 0, "end": 3}, "object_index": {"begin": 69, "end": 79}}]}
{"text": "谢志华先生,中国国籍男汉族42岁现任本公司独立董事北京工商大学教授博士生导师博士副校长同时担任中国会计学会理事中国注册会计师中国会计教授协会理事中国商业会计学会学术委员北京市会计学副会长北京市财政学会理事北京市会计系列高级职称评审委员会委员也是英国卡迪夫大学中国问题研究中心的特聘研究员加拿大英皇学院的客座教授财政部人事部职称考试专家委员财政部财政科学研究所等二十多所院校和科研机构的专聘教授和科研研究员", "spo_list": [{"predicate": "国籍", "object_type": "国家", "subject_type": "人物", "object": "中国", "subject": "谢志华", "subject_index": {"begin": 0, "end": 3}, "object_index": {"begin": 6, "end": 8}}, {"predicate": "任职公司", "object_type": "公司", "subject_type": "人物", "object": "北京工商大学", "subject": "谢志华", "subject_index": {"begin": 0, "end": 3}, "object_index": {"begin": 25, "end": 31}}, {"predicate": "任职公司", "object_type": "公司", "subject_type": "人物", "object": "中国会计学会", "subject": "谢志华", "subject_index": {"begin": 0, "end": 3}, "object_index": {"begin": 47, "end": 53}}, {"predicate": "任职公司", "object_type": "公司", "subject_type": "人物", "object": "中国会计教授协会", "subject": "谢志华", "subject_index": {"begin": 0, "end": 3}, "object_index": {"begin": 62, "end": 70}}, {"predicate": "任职公司", "object_type": "公司", "subject_type": "人物", "object": "中国商业会计学会", "subject": "谢志华", "subject_index": {"begin": 0, "end": 3}, "object_index": {"begin": 72, "end": 80}}, {"predicate": "任职公司", "object_type": "公司", "subject_type": "人物", "object": "北京市会计学", "subject": "谢志华", "subject_index": {"begin": 0, "end": 3}, "object_index": {"begin": 84, "end": 90}}, {"predicate": "任职公司", "object_type": "公司", "subject_type": "人物", "object": "北京市财政学会", "subject": "谢志华", "subject_index": {"begin": 0, "end": 3}, "object_index": {"begin": 93, "end": 100}}, {"predicate": "任职公司", "object_type": "公司", "subject_type": "人物", "object": "北京市会计系列高级职称评审委员会", "subject": "谢志华", "subject_index": {"begin": 0, "end": 3}, "object_index": {"begin": 102, "end": 118}}, {"predicate": "任职公司", "object_type": "公司", "subject_type": "人物", "object": "英国卡迪夫大学中国问题研究中心", "subject": "谢志华", "subject_index": {"begin": 0, "end": 3}, "object_index": {"begin": 122, "end": 137}}, {"predicate": "任职公司", "object_type": "公司", "subject_type": "人物", "object": "加拿大英皇学院", "subject": "谢志华", "subject_index": {"begin": 0, "end": 3}, "object_index": {"begin": 143, "end": 150}}]}
{"text": "李宏伟先生中国国籍男33岁汉族中共党员大专学历现任八钢集团资产监管部财务审计师本公司监事历任新疆钢铁公司煤焦化公司会计财务科科长新疆钢铁公司煤焦化公司工贸中心副主任八钢集团纪委审计室财务审计师", "spo_list": [{"predicate": "国籍", "object_type": "国家", "subject_type": "人物", "object": "中国", "subject": "李宏伟", "subject_index": {"begin": 0, "end": 3}, "object_index": {"begin": 5, "end": 7}}, {"predicate": "大专", "object_type": "学历", "subject_type": "人物", "object": "大专", "subject": "李宏伟", "subject_index": {"begin": 0, "end": 3}, "object_index": {"begin": 19, "end": 21}}, {"predicate": "任职公司", "object_type": "公司", "subject_type": "人物", "object": "八钢集团资产监管部", "subject": "李宏伟", "subject_index": {"begin": 0, "end": 3}, "object_index": {"begin": 25, "end": 34}}, {"predicate": "任职公司", "object_type": "公司", "subject_type": "人物", "object": "新疆钢铁公司煤焦化公司", "subject": "李宏伟", "subject_index": {"begin": 0, "end": 3}, "object_index": {"begin": 46, "end": 57}}, {"predicate": "任职公司", "object_type": "公司", "subject_type": "人物", "object": "新疆钢铁公司煤焦化公司", "subject": "李宏伟", "subject_index": {"begin": 0, "end": 3}, "object_index": {"begin": 64, "end": 75}}]}
{"text": "李子文先生中国国籍45岁汉族大学学历教授级高级工程师现任本公司小型材轧钢厂厂长兼党委书记主持完成圆钢切分技术开发并获自治区科技进步二等奖主持开发12轧机无孔型轧制其化学成份对60Si2Mn弹簧扁钢硬度影响探讨获自治区自然科学第三届优秀论文三等奖", "spo_list": [{"predicate": "国籍", "object_type": "国家", "subject_type": "人物", "object": "中国", "subject": "李子文", "subject_index": {"begin": 0, "end": 3}, "object_index": {"begin": 5, "end": 7}}, {"predicate": "大专", "object_type": "学历", "subject_type": "人物", "object": "大学", "subject": "李子文", "subject_index": {"begin": 0, "end": 3}, "object_index": {"begin": 14, "end": 16}}]}
{"text": "肖国栋先生中国国籍36岁汉族大学学历高级工程师现任小型材轧钢厂主任工程师是公司科技攻关活动的主要参与者曾负责主持了650车间二期中型材项目设计并主持工艺设计担任粗孔无孔型轧制的主要设计及生产调试负责人2000年获得自治区优秀专业技术工作者称号", "spo_list": [{"predicate": "国籍", "object_type": "国家", "subject_type": "人物", "object": "中国", "subject": "肖国栋", "subject_index": {"begin": 0, "end": 3}, "object_index": {"begin": 5, "end": 7}}, {"predicate": "大专", "object_type": "学历", "subject_type": "人物", "object": "大学", "subject": "肖国栋", "subject_index": {"begin": 0, "end": 3}, "object_index": {"begin": 14, "end": 16}}]}
{"text": "本公司主营业务收入和利润主要来源于螺纹钢和线材19992000及2001年度本公司的主营业务收入分别为1,607,259,510.06元2,618,149,111.43元及3,088,649,365.30元2000年比1999年增长62.30%2001年比2000年增长17.97%", "spo_list": [{"predicate": "营业收入", "object_type": "金额", "subject_type": "日期", "object": "1,607,259,510.06元", "subject": "1999", "subject_index": {"begin": 23, "end": 27}, "object_index": {"begin": 51, "end": 68}}, {"predicate": "营业收入", "object_type": "金额", "subject_type": "日期", "object": "2,618,149,111.43元", "subject": "2000", "subject_index": {"begin": 27, "end": 31}, "object_index": {"begin": 68, "end": 85}}, {"predicate": "营业收入", "object_type": "金额", "subject_type": "日期", "object": "3,088,649,365.30元", "subject": "2001年", "subject_index": {"begin": 32, "end": 37}, "object_index": {"begin": 86, "end": 103}}]}
{"text": "本公司截至2001年12月31日无形资产余额为4,078,203.55元全部为土地使用权明细如下", "spo_list": [{"predicate": "无形资产", "object_type": "金额", "subject_type": "日期", "object": "4,078,203.55元", "subject": "2001年12月31日", "subject_index": {"begin": 5, "end": 16}, "object_index": {"begin": 23, "end": 36}}]}
{"text": "截至2001年12月31日本公司负债总额为1,012,760,534.40元全部为流动负债主要包括短期借款应付票据应付帐款预收帐款等", "spo_list": [{"predicate": "总负债", "object_type": "金额", "subject_type": "日期", "object": "1,012,760,534.40元", "subject": "2001年12月31日", "subject_index": {"begin": 2, "end": 13}, "object_index": {"begin": 21, "end": 38}}]}
{"text": "公司第一届董事会第六次会议及2001年度第2次临时股东大会决议公司自成立之日起至2000年12月31日形成的未分配利润由公司股东依其所持股份享有因此公司本期将前次分配后的2000年度剩余利润17,196,904.55元,按2000年末持股比例分配给公司股东", "spo_list": [{"predicate": "净利润", "object_type": "金额", "subject_type": "日期", "object": "17,196,904.55元", "subject": "2000年度", "subject_index": {"begin": 85, "end": 91}, "object_index": {"begin": 95, "end": 109}}]}
{"text": "(1)2001年6月30日公司第一届董事会第六次会议审议通过了与八钢集团签署的电炉炼钢厂托管经营管理合同炼铁分公司托管经营管理合同八钢集团委托公司对其拥有的炼铁分公司及电炉炼钢厂的生产经营性资产进行经营管理该两项生产经营性资产形成的收益由八钢集团享有八钢集团每年向公司支付托管费分别为炼铁分公司286万元电炉炼钢厂247万元", "spo_list": [{"predicate": "关联方", "object_type": "公司", "subject_type": "公司", "object": "炼铁分公司", "subject": "八钢集团", "subject_index": {"begin": 65, "end": 69}, "object_index": {"begin": 78, "end": 83}}, {"predicate": "关联方", "object_type": "公司", "subject_type": "公司", "object": "电炉炼钢厂", "subject": "八钢集团", "subject_index": {"begin": 65, "end": 69}, "object_index": {"begin": 84, "end": 89}}]}
{"text": "1998年度八钢集团发生营业费用33,743,656.91元其中雅满苏矿发生13,794,657.38元柴油车大修厂等其他单位发生4,406,813.05元销售处发生15,542,186.48元", "spo_list": [{"predicate": "营业收入", "object_type": "金额", "subject_type": "日期", "object": "33,743,656.91元", "subject": "1998年", "subject_index": {"begin": 0, "end": 5}, "object_index": {"begin": 16, "end": 30}}]}
{"text": "1999年度八钢集团发生营业费用46,567,686.10元其中雅满苏矿发生10,383,971.56元柴油车大修厂等其他单位发生6,696,928.03元销售处发生29,486,786.51元", "spo_list": [{"predicate": "营业收入", "object_type": "金额", "subject_type": "日期", "object": "46,567,686.10元", "subject": "1999年", "subject_index": {"begin": 0, "end": 5}, "object_index": {"begin": 16, "end": 30}}]}
{"text": "1998年度八钢集团发生的管理人员工资费用为17,282,984.10元其中可以辨明的与八一钢铁收入无关的有关管理部门人员费用为钢铁行业管理部集团人民武装部党校经济研究中心集团多种经营管理办公室建设工程部环境部工人俱乐部艺术团能源办公室新疆钢铁年鉴编制办公室情报室等部门发生的人员费用14,647,329.03元纳入股份公司的管理人员工资费用为2,635,655.07元", "spo_list": [{"predicate": "应付职工薪酬", "object_type": "金额", "subject_type": "日期", "object": "17,282,984.10元", "subject": "1998年", "subject_index": {"begin": 0, "end": 5}, "object_index": {"begin": 22, "end": 36}}]}
{"text": "1999年度主发起人八钢集团营业外支出20,838,969.55元扣除教育处11,499,725.13元雅满苏铁矿医院浅水河矿等单位9,001,380.42元(99年比98年增长主要系上述单位处理固定资产损失所致)余额337,864.00元全部列入申报财务报表的营业外支出主要是公司职工子女教育经费", "spo_list": [{"predicate": "营业外收入", "object_type": "金额", "subject_type": "日期", "object": "20,838,969.55元", "subject": "1999年", "subject_index": {"begin": 0, "end": 5}, "object_index": {"begin": 19, "end": 33}}]}
{"text": "本公司2000年度实际发生营业费用5,128.31万元2002年营业费用的预测数为6,034.26万元比2000年增长17.67主要是2002年钢材销量上升营业费用也相应增长", "spo_list": [{"predicate": "项目运营成本", "object_type": "金额", "subject_type": "日期", "object": "5,128.31万元", "subject": "2000年", "subject_index": {"begin": 3, "end": 8}, "object_index": {"begin": 17, "end": 27}}]}
{"text": "过往三年公司以学邯钢降成本为主导思想通过及时调整产品结构积极参与市场竞争使公司的经营水平和盈利能力有了大幅度提高2001年公司实现利润总额23,946.71万元净利润20,942.51万元主营业务利润42,880.23万元资产净利润率为12.59%净资产收益率为32.19%每股收益为0.7495元应收帐款周转次数为25.72次存货周转次数为4.9336次对比同指标2000年1999年的模拟指标可以发现2000年指标比1999年有较大增长2001年指标比2000年指标继续有所增长其主要原因一方面由于国家对钢铁行业实行限产政策钢材价格较往年稳中有升平均每吨钢材价格比往年有较大的上涨另一方面政府取缔关停小钢铁厂淘汰落后工艺和设备等措施的到位以及公司打击假冒伪劣钢材取得了显著成效使得小钢厂产品及假冒伪劣钢材的市场大大萎缩我公司产品的市场占有率相应的有了显著提高2001年公司主要产品继续保持了既有的市场优势地位使公司主营业务收入较上年有大幅增长同时公司继续加强内部经营管理严格控制消耗依靠科技进步强化成本管理使得主营业务成本继续保持较低水平", "spo_list": [{"predicate": "总资产", "object_type": "金额", "subject_type": "日期", "object": "23,946.71万元", "subject": "2001年", "subject_index": {"begin": 56, "end": 61}, "object_index": {"begin": 69, "end": 80}}, {"predicate": "净利润", "object_type": "金额", "subject_type": "日期", "object": "20,942.51万元", "subject": "2001年", "subject_index": {"begin": 56, "end": 61}, "object_index": {"begin": 83, "end": 94}}, {"predicate": "主营业务收入", "object_type": "金额", "subject_type": "日期", "object": "42,880.23万元", "subject": "2001年", "subject_index": {"begin": 56, "end": 61}, "object_index": {"begin": 100, "end": 111}}]}
{"text": "根据该政策本公司2001年度利润总额为23,946.71万元按15%所得税计算净利润为20,354.70万元,比按33%所得税计算净利润的16,044.30万元增加26.87%,即4,310.4万元", "spo_list": [{"predicate": "营业利润", "object_type": "金额", "subject_type": "日期", "object": "23,946.71万元", "subject": "2001年", "subject_index": {"begin": 8, "end": 13}, "object_index": {"begin": 19, "end": 30}}, {"predicate": "净利润", "object_type": "金额", "subject_type": "日期", "object": "20,354.70万元", "subject": "2001年", "subject_index": {"begin": 8, "end": 13}, "object_index": {"begin": 43, "end": 54}}]}
{"text": "2000年八钢集团炼铁分公司铁水生产的工艺成本为909.49元/吨加上期间费用以及合理利润率销售给八一钢铁的价格定为998元/吨2000年八钢集团电炉炼钢厂钢坯生产的工艺成本为1592.56元/吨加上期间费用以及合理利润率销售给八一钢铁的价格定为1606元/吨", "spo_list": [{"predicate": "其他成本", "object_type": "金额", "subject_type": "日期", "object": "1592.56元", "subject": "2000年", "subject_index": {"begin": 0, "end": 5}, "object_index": {"begin": 88, "end": 96}}]}
{"text": "该公司系八钢集团全资拥有的国有独资企业成立于2000年12月26日注册资金2000万元该公司法人代表为周忠华董事会成员为周忠华杨三福周春监事会成员为姜登奎谢斌地里夏提该公司主营范围直径520毫米的圆钢螺纹钢及其他冶金产品的生产销售地址为新疆乌市头屯河区八钢1号公路西侧根据五洲联合会计师事务所五洲会字[2001]8374号审计报告该公司截至2001年6月30日总资产为222,437,219.21元净资产为20,000,000元该公司为保证项目的顺利进行先期向银行贷款1.6亿元", "spo_list": [{"predicate": "总资产", "object_type": "金额", "subject_type": "日期", "object": "222,437,219.21元", "subject": "2001年6月30日", "subject_index": {"begin": 170, "end": 180}, "object_index": {"begin": 184, "end": 199}}, {"predicate": "净资产账面价值", "object_type": "金额", "subject_type": "日期", "object": "20,000,000元", "subject": "2001年6月30日", "subject_index": {"begin": 170, "end": 180}, "object_index": {"begin": 203, "end": 214}}, {"predicate": "流动负债", "object_type": "金额", "subject_type": "日期", "object": "1.6亿元", "subject": "2001年6月30日", "subject_index": {"begin": 170, "end": 180}, "object_index": {"begin": 234, "end": 239}}, {"predicate": "注册资本", "object_type": "金额", "subject_type": "日期", "object": "2000万元", "subject": "2000年12月26日", "subject_index": {"begin": 22, "end": 33}, "object_index": {"begin": 37, "end": 43}}, {"predicate": "任职日期", "object_type": "日期", "subject_type": "人物", "object": "2000年12月26日", "subject": "周忠华", "subject_index": {"begin": 51, "end": 54}, "object_index": {"begin": 22, "end": 33}}, {"predicate": "任职日期", "object_type": "日期", "subject_type": "人物", "object": "2000年12月26日", "subject": "周忠华", "subject_index": {"begin": 60, "end": 63}, "object_index": {"begin": 22, "end": 33}}, {"predicate": "任职日期", "object_type": "日期", "subject_type": "人物", "object": "2000年12月26日", "subject": "杨三福", "subject_index": {"begin": 63, "end": 66}, "object_index": {"begin": 22, "end": 33}}, {"predicate": "任职日期", "object_type": "日期", "subject_type": "人物", "object": "2000年12月26日", "subject": "周春", "subject_index": {"begin": 66, "end": 68}, "object_index": {"begin": 22, "end": 33}}, {"predicate": "任职日期", "object_type": "日期", "subject_type": "人物", "object": "2000年12月26日", "subject": "姜登奎", "subject_index": {"begin": 74, "end": 77}, "object_index": {"begin": 22, "end": 33}}, {"predicate": "任职日期", "object_type": "日期", "subject_type": "人物", "object": "2000年12月26日", "subject": "谢斌", "subject_index": {"begin": 77, "end": 79}, "object_index": {"begin": 22, "end": 33}}]}
{"text": "公司2000年度812月实现净利润45,283,434.05元根据2001年4月24日召开的年度股东大会决议提取10%的法定公积金提取5%的法定公益金和10%的任意公积金后以2000年末公司总股本27942.785为基数向全体股东每10股派发现金0.60元共计支付股利16,765,671元按上述顺序分配后公司未分配利润为17,196,904.55元结转下一年度", "spo_list": [{"predicate": "净利润", "object_type": "金额", "subject_type": "日期", "object": "45,283,434.05元", "subject": "2000年", "subject_index": {"begin": 2, "end": 7}, "object_index": {"begin": 17, "end": 31}}, {"predicate": "股本", "object_type": "金额", "subject_type": "日期", "object": "27942.785", "subject": "2000年末", "subject_index": {"begin": 87, "end": 93}, "object_index": {"begin": 98, "end": 107}}, {"predicate": "未分配利润", "object_type": "金额", "subject_type": "日期", "object": "17,196,904.55元", "subject": "2000年末", "subject_index": {"begin": 87, "end": 93}, "object_index": {"begin": 161, "end": 175}}]}
{"text": "(1)公司于2001年7月19日与中国工商银行乌鲁木齐市火车西站支行签订了合同编号为2001年借字第84号流动资金借款合同合同约定本公司以信用保证方式向中国工商银行乌鲁木齐市火车西站支行借款4,500万元用途为购买原材料借款月利息为4.875自实际提款日起按日计算按月结息借款期限为12个月自2001年7月19日至2002年7月18日", "spo_list": [{"predicate": "短期借款", "object_type": "金额", "subject_type": "日期", "object": "4,500万元", "subject": "2001年7月19日", "subject_index": {"begin": 6, "end": 16}, "object_index": {"begin": 95, "end": 102}}]}
{"text": "公司于2002年4月10日与中国工商银行乌鲁木齐市火车西站支行签订了合同编号为2002年借字第20号流动资金借款合同合同约定本公司以信用保证方式向中国工商银行乌鲁木齐市火车西站支行借款4,000万元用途为购买原材料借款月利息为4.20自实际提款日起按日计算按月结息借款期限为6个月自2002年4月10日至2002年10月9日", "spo_list": [{"predicate": "短期借款", "object_type": "金额", "subject_type": "日期", "object": "4,000万元", "subject": "2002年4月10日", "subject_index": {"begin": 3, "end": 13}, "object_index": {"begin": 92, "end": 99}}]}
{"text": "公司于2001年8月6日与中国建设银行乌鲁木齐钢铁支行签订了合同编号为2001年借字第018号资金借款合同合同约定本公司以信用保证方式向中国建设银行乌鲁木齐钢铁支行借款4,000万元用途为流动资金周转借款月利息为4.875自实际提款日起按日计算按季结息借款期限为12个月自2001年8月6日至2002年8月5日", "spo_list": [{"predicate": "短期借款", "object_type": "金额", "subject_type": "日期", "object": "4,000万元", "subject": "2001年8月6日", "subject_index": {"begin": 3, "end": 12}, "object_index": {"begin": 84, "end": 91}}]}
{"text": "本公司与八钢集团于2000年12月28日签订了2001-2010年度综合服务合同向八钢集团购买生铁钢坯水电工业用气并由八钢集团负责本公司厂内货物的运输计量由八钢集团为本公司提供厂区绿化卫生治安承包等服务由八钢集团承接本公司新疆钢铁柴油车大修厂加工焊管非标配件加工废钢铁", "spo_list": [{"predicate": "关联方", "object_type": "公司", "subject_type": "公司", "object": "新疆钢铁柴油车大修厂", "subject": "八钢集团", "subject_index": {"begin": 102, "end": 106}, "object_index": {"begin": 111, "end": 121}}]}
{"text": "2002年3月13日八一钢铁与新疆地钢金属材料有限责任公司签署了工矿产品购销合同约定该公司购买八一钢铁769.08万元的热轧卷板计3,120吨双方对规格型号单价质量技术标准交货地点运输方式及费用负担合理损耗及计算方法验收标准和方法及提出异议地区期限结算方式及期限等事项作了明确的规定", "spo_list": [{"predicate": "关联方", "object_type": "公司", "subject_type": "公司", "object": "新疆地钢金属材料有限责任公司", "subject": "八一钢铁", "subject_index": {"begin": 10, "end": 14}, "object_index": {"begin": 15, "end": 29}}]}
{"text": "2002年3月21日八一钢铁与新疆兵团第四建筑安装工程公司签署了工矿产品购销合同约定该公司购买八一钢铁钢材合计3,000吨双方对单价及优惠质量技术标准交货地点运输方式及费用负担合理损耗及计算方法验收标准和方法及提出异议地区期限结算方式及期限等事项作了明确的规定", "spo_list": []}
{"text": "2001年7月本公司委托西宁钢源集团金属材料有限公司在黄河公伯峡水电站工程钢材采购招标当中中标", "spo_list": []}
{"text": "小型材轧钢厂于1995年开始建厂1998年开始试生产目前年生产能力为53万吨/年原设计30万吨/年小型材轧钢厂的主要关键设备连续式轧机是由1座加热能力90吨/小时的自动步进式加热炉和18架平立交替布置的短应力线卡盘轧机组成直流电机拖动轧线设三台启停式飞剪一套轧材穿水冷却装置及相应的冷床冷剪打捆称重精整收集设备主要设备由意大利达涅利公司制造冷床设备由达涅利提供图纸国内制造为满足轧制工艺要求这套轧机从步进梁式加热炉上料部位开始至精整收集设备采用了一整套的计算机控制系统计算机控制系统装备由德国AEG公司提供", "spo_list": [{"predicate": "会议召开日期", "object_type": "日期", "subject_type": "公司", "object": "1995年", "subject": "小型材轧钢厂", "subject_index": {"begin": 0, "end": 6}, "object_index": {"begin": 7, "end": 12}}]}
{"text": "本公司截至2001年12月31日无形资产余额为4,078,203.55元全部为土地使用权", "spo_list": [{"predicate": "无形资产", "object_type": "金额", "subject_type": "日期", "object": "4,078,203.55元", "subject": "2001年12月31日", "subject_index": {"begin": 5, "end": 16}, "object_index": {"begin": 23, "end": 36}}]}
{"text": "2000年12月公司与新疆八一钢铁集团有限责任公司签定财产租赁合同租赁八钢集团线材车间固定资产期限自2000年8月1日至2002年7月31日租金每年人民币450万元于每年年底一次性支付当年租金租赁八钢集团办公楼一幢期限自2001年1月1日至2011年1月1日租金每年人民币30万元于每年年底一次性支付当年租金公司2001年度已支付上述两项租金合计480万元", "spo_list": [{"predicate": "其他成本", "object_type": "金额", "subject_type": "日期", "object": "480万元", "subject": "2001年1月1日至2011年1月1日", "subject_index": {"begin": 110, "end": 129}, "object_index": {"begin": 173, "end": 178}}]}
{"text": "赵峡先生中国国籍男43岁汉族中共党员研究生学历高级工程师现任本公司董事长八钢集团总经理1982年2月1987年7月炼铁厂烧结二炼铁车间技术员1987年7月1987年11月炼铁厂烧结车间副主任1987年11月1991年2月选烧厂副厂长1991年2月1992年9月选烧厂副厂长兼总工程师1992年9月1995年3月新疆钢铁公司经理助理兼炼铁厂厂长1995年3月2000年4月八钢集团党委常委副总经理2000年4月2000年8月八钢集团总经理", "spo_list": [{"predicate": "国籍", "object_type": "国家", "subject_type": "人物", "object": "中国", "subject": "赵峡", "subject_index": {"begin": 0, "end": 2}, "object_index": {"begin": 4, "end": 6}}, {"predicate": "研究生", "object_type": "学历", "subject_type": "人物", "object": "研究生", "subject": "赵峡", "subject_index": {"begin": 0, "end": 2}, "object_index": {"begin": 18, "end": 21}}, {"predicate": "任职公司", "object_type": "公司", "subject_type": "人物", "object": "八钢集团", "subject": "赵峡", "subject_index": {"begin": 0, "end": 2}, "object_index": {"begin": 36, "end": 40}}, {"predicate": "任职日期", "object_type": "日期", "subject_type": "人物", "object": "1982年2月1987年7月", "subject": "赵峡", "subject_index": {"begin": 0, "end": 2}, "object_index": {"begin": 43, "end": 57}}, {"predicate": "任职日期", "object_type": "日期", "subject_type": "人物", "object": "1987年7月1987年11月", "subject": "赵峡", "subject_index": {"begin": 0, "end": 2}, "object_index": {"begin": 70, "end": 85}}, {"predicate": "任职日期", "object_type": "日期", "subject_type": "人物", "object": "1987年11月1991年2月", "subject": "赵峡", "subject_index": {"begin": 0, "end": 2}, "object_index": {"begin": 95, "end": 110}}, {"predicate": "任职日期", "object_type": "日期", "subject_type": "人物", "object": "1991年2月1992年9月", "subject": "赵峡", "subject_index": {"begin": 0, "end": 2}, "object_index": {"begin": 116, "end": 130}}, {"predicate": "任职日期", "object_type": "日期", "subject_type": "人物", "object": "1992年9月1995年3月", "subject": "赵峡", "subject_index": {"begin": 0, "end": 2}, "object_index": {"begin": 141, "end": 155}}, {"predicate": "任职公司", "object_type": "公司", "subject_type": "人物", "object": "新疆钢铁公司", "subject": "赵峡", "subject_index": {"begin": 0, "end": 2}, "object_index": {"begin": 155, "end": 161}}, {"predicate": "任职日期", "object_type": "日期", "subject_type": "人物", "object": "1995年3月2000年4月", "subject": "赵峡", "subject_index": {"begin": 0, "end": 2}, "object_index": {"begin": 171, "end": 185}}, {"predicate": "任职日期", "object_type": "日期", "subject_type": "人物", "object": "2000年4月2000年8月", "subject": "赵峡", "subject_index": {"begin": 0, "end": 2}, "object_index": {"begin": 197, "end": 211}}]}
{"text": "傅宜东先生中国国籍男40岁汉族中共党员大学学历现任南京联强冶金集团有限公司董事长本公司董事1987年创办溧水县冶金机械配件厂1998年建立南京联强冶金集团有限公司任董事长总经理", "spo_list": [{"predicate": "成立日期", "object_type": "日期", "subject_type": "公司", "object": "1998年", "subject": "南京联强冶金集团有限公司", "subject_index": {"begin": 69, "end": 81}, "object_index": {"begin": 62, "end": 67}}, {"predicate": "成立日期", "object_type": "日期", "subject_type": "公司", "object": "1987年", "subject": "溧水县冶金机械配件厂", "subject_index": {"begin": 52, "end": 62}, "object_index": {"begin": 45, "end": 50}}, {"predicate": "国籍", "object_type": "国家", "subject_type": "人物", "object": "中国", "subject": "傅宜东", "subject_index": {"begin": 0, "end": 3}, "object_index": {"begin": 5, "end": 7}}, {"predicate": "本科", "object_type": "学历", "subject_type": "人物", "object": "大学", "subject": "傅宜东", "subject_index": {"begin": 0, "end": 3}, "object_index": {"begin": 19, "end": 21}}, {"predicate": "任职公司", "object_type": "公司", "subject_type": "人物", "object": "南京联强冶金集团有限公司", "subject": "傅宜东", "subject_index": {"begin": 0, "end": 3}, "object_index": {"begin": 25, "end": 37}}, {"predicate": "任职日期", "object_type": "日期", "subject_type": "人物", "object": "1987年", "subject": "傅宜东", "subject_index": {"begin": 0, "end": 3}, "object_index": {"begin": 45, "end": 50}}, {"predicate": "任职公司", "object_type": "公司", "subject_type": "人物", "object": "溧水县冶金机械配件厂", "subject": "傅宜东", "subject_index": {"begin": 0, "end": 3}, "object_index": {"begin": 52, "end": 62}}, {"predicate": "任职日期", "object_type": "日期", "subject_type": "人物", "object": "1998年", "subject": "傅宜东", "subject_index": {"begin": 0, "end": 3}, "object_index": {"begin": 62, "end": 67}}]}
{"text": "王友三先生中国国籍男66岁汉族中共党员初中学历现任本公司独立董事天山纺织股份有限公司高级顾问历任新疆税务局办事员建设银行新疆区分行科长副行长行长人民银行新疆区分行行长新疆维吾尔自治区人民政府副主席新疆维吾尔自治区政协副主席等职", "spo_list": [{"predicate": "国籍", "object_type": "国家", "subject_type": "人物", "object": "中国", "subject": "王友三", "subject_index": {"begin": 0, "end": 3}, "object_index": {"begin": 5, "end": 7}}, {"predicate": "任职公司", "object_type": "公司", "subject_type": "人物", "object": "天山纺织股份有限公司", "subject": "王友三", "subject_index": {"begin": 0, "end": 3}, "object_index": {"begin": 32, "end": 42}}, {"predicate": "任职公司", "object_type": "公司", "subject_type": "人物", "object": "新疆税务局", "subject": "王友三", "subject_index": {"begin": 0, "end": 3}, "object_index": {"begin": 48, "end": 53}}, {"predicate": "任职公司", "object_type": "公司", "subject_type": "人物", "object": "建设银行新疆区分行", "subject": "王友三", "subject_index": {"begin": 0, "end": 3}, "object_index": {"begin": 56, "end": 65}}, {"predicate": "任职公司", "object_type": "公司", "subject_type": "人物", "object": "人民银行新疆区分行", "subject": "王友三", "subject_index": {"begin": 0, "end": 3}, "object_index": {"begin": 72, "end": 81}}]}
{"text": "殷瑞钰先生,中国国籍男汉族66岁本科学历现任本公司独立董事安泰科技股份有限公司董事长中国钢铁研究总院名誉院长中国金属学会副理事长东北大学北京科技大学兼职教授博士生导师1994年当选为中国工程院首批院士历任唐山钢铁公司总工程师副经理河北省冶金厅厅长冶金工业部总工程师副部长等职", "spo_list": [{"predicate": "国籍", "object_type": "国家", "subject_type": "人物", "object": "中国", "subject": "殷瑞钰", "subject_index": {"begin": 0, "end": 3}, "object_index": {"begin": 6, "end": 8}}, {"predicate": "本科", "object_type": "学历", "subject_type": "人物", "object": "本科", "subject": "殷瑞钰", "subject_index": {"begin": 0, "end": 3}, "object_index": {"begin": 16, "end": 18}}, {"predicate": "任职公司", "object_type": "公司", "subject_type": "人物", "object": "安泰科技股份有限公司", "subject": "殷瑞钰", "subject_index": {"begin": 0, "end": 3}, "object_index": {"begin": 29, "end": 39}}, {"predicate": "任职公司", "object_type": "公司", "subject_type": "人物", "object": "中国钢铁研究总院", "subject": "殷瑞钰", "subject_index": {"begin": 0, "end": 3}, "object_index": {"begin": 42, "end": 50}}, {"predicate": "任职公司", "object_type": "公司", "subject_type": "人物", "object": "中国金属学会", "subject": "殷瑞钰", "subject_index": {"begin": 0, "end": 3}, "object_index": {"begin": 54, "end": 60}}, {"predicate": "任职公司", "object_type": "公司", "subject_type": "人物", "object": "东北大学", "subject": "殷瑞钰", "subject_index": {"begin": 0, "end": 3}, "object_index": {"begin": 64, "end": 68}}, {"predicate": "任职公司", "object_type": "公司", "subject_type": "人物", "object": "北京科技大学", "subject": "殷瑞钰", "subject_index": {"begin": 0, "end": 3}, "object_index": {"begin": 68, "end": 74}}, {"predicate": "任职日期", "object_type": "日期", "subject_type": "人物", "object": "1994年", "subject": "殷瑞钰", "subject_index": {"begin": 0, "end": 3}, "object_index": {"begin": 83, "end": 88}}, {"predicate": "任职公司", "object_type": "公司", "subject_type": "人物", "object": "中国工程院", "subject": "殷瑞钰", "subject_index": {"begin": 0, "end": 3}, "object_index": {"begin": 91, "end": 96}}, {"predicate": "任职公司", "object_type": "公司", "subject_type": "人物", "object": "唐山钢铁公司", "subject": "殷瑞钰", "subject_index": {"begin": 0, "end": 3}, "object_index": {"begin": 102, "end": 108}}, {"predicate": "任职公司", "object_type": "公司", "subject_type": "人物", "object": "河北省冶金厅", "subject": "殷瑞钰", "subject_index": {"begin": 0, "end": 3}, "object_index": {"begin": 115, "end": 121}}]}
{"text": "何志良先生中国国籍男38岁汉族中共党员大学学历现任八钢集团第二纪工委书记本公司监事会主席历任新疆钢铁运输公司汽车大修厂工人新疆钢铁技工学校教师政工干部八钢集团组织部干事八钢集团纪委委员纪委办公室主任", "spo_list": [{"predicate": "国籍", "object_type": "国家", "subject_type": "人物", "object": "中国", "subject": "何志良", "subject_index": {"begin": 0, "end": 3}, "object_index": {"begin": 5, "end": 7}}, {"predicate": "本科", "object_type": "学历", "subject_type": "人物", "object": "大学", "subject": "何志良", "subject_index": {"begin": 0, "end": 3}, "object_index": {"begin": 19, "end": 21}}, {"predicate": "任职公司", "object_type": "公司", "subject_type": "人物", "object": "八钢集团", "subject": "何志良", "subject_index": {"begin": 0, "end": 3}, "object_index": {"begin": 25, "end": 29}}, {"predicate": "任职公司", "object_type": "公司", "subject_type": "人物", "object": "新疆钢铁运输公司", "subject": "何志良", "subject_index": {"begin": 0, "end": 3}, "object_index": {"begin": 46, "end": 54}}, {"predicate": "任职公司", "object_type": "公司", "subject_type": "人物", "object": "新疆钢铁技工学校", "subject": "何志良", "subject_index": {"begin": 0, "end": 3}, "object_index": {"begin": 61, "end": 69}}]}
{"text": "肖明光先生中国国籍男32岁汉族中共党员大专学历现任本公司转炉炼钢厂车间副主任技质科科长监事历任炼铁厂工人炼钢厂技术科技术员炼钢厂转炉车间副主任炼钢厂技质科科长", "spo_list": [{"predicate": "国籍", "object_type": "国家", "subject_type": "人物", "object": "中国", "subject": "肖明光", "subject_index": {"begin": 0, "end": 3}, "object_index": {"begin": 5, "end": 7}}, {"predicate": "大专", "object_type": "学历", "subject_type": "人物", "object": "大专", "subject": "肖明光", "subject_index": {"begin": 0, "end": 3}, "object_index": {"begin": 19, "end": 21}}]}
{"text": "赵平先生中国国籍男38岁汉族中共党员研究生学历高级工程师现任本公司副总经理兼总工程师历任新疆钢铁公司炼铁厂工段长炼钢厂厂长助理兼连铸车间主任炼钢厂副厂长炼钢厂厂长", "spo_list": [{"predicate": "国籍", "object_type": "国家", "subject_type": "人物", "object": "中国", "subject": "赵平", "subject_index": {"begin": 0, "end": 2}, "object_index": {"begin": 4, "end": 6}}, {"predicate": "研究生", "object_type": "学历", "subject_type": "人物", "object": "研究生", "subject": "赵平", "subject_index": {"begin": 0, "end": 2}, "object_index": {"begin": 18, "end": 21}}, {"predicate": "任职公司", "object_type": "公司", "subject_type": "人物", "object": "新疆钢铁公司", "subject": "赵平", "subject_index": {"begin": 0, "end": 2}, "object_index": {"begin": 44, "end": 50}}]}
{"text": "雷洪先生中国国籍33岁汉族大学学历高级工程师现任本公司转炉炼钢厂总工程师完成了CaC2复合粉剂做转炉钢水预脱氧剂的研究和应用课题主持完成了镇静焊条钢的开发工作主持完成了抽油杆钢的开发工作主持完成了弹簧钢的开发工作", "spo_list": [{"predicate": "国籍", "object_type": "国家", "subject_type": "人物", "object": "中国", "subject": "雷洪", "subject_index": {"begin": 0, "end": 2}, "object_index": {"begin": 4, "end": 6}}, {"predicate": "研究生", "object_type": "学历", "subject_type": "人物", "object": "大学", "subject": "雷洪", "subject_index": {"begin": 0, "end": 2}, "object_index": {"begin": 13, "end": 15}}]}
{"text": "本公司第一届董事会董事徐志刚先生袁耕先生因工作变动的原因辞去董事职务经公司2001年第二次临时股东大会选举增选了谢志华先生殷瑞钰先生王友三先生王学斌先生4名独立董事", "spo_list": [{"predicate": "任职日期", "object_type": "日期", "subject_type": "人物", "object": "2001年", "subject": "谢志华", "subject_index": {"begin": 56, "end": 59}, "object_index": {"begin": 37, "end": 42}}, {"predicate": "任职日期", "object_type": "日期", "subject_type": "人物", "object": "2001年", "subject": "殷瑞钰", "subject_index": {"begin": 61, "end": 64}, "object_index": {"begin": 37, "end": 42}}, {"predicate": "任职日期", "object_type": "日期", "subject_type": "人物", "object": "2001年", "subject": "王友三", "subject_index": {"begin": 66, "end": 69}, "object_index": {"begin": 37, "end": 42}}, {"predicate": "任职日期", "object_type": "日期", "subject_type": "人物", "object": "2001年", "subject": "王学斌", "subject_index": {"begin": 71, "end": 74}, "object_index": {"begin": 37, "end": 42}}]}
{"text": "主营业务收入2000年度较1999年度增加1,010,889,601.37元主要由于2000年度钢材市场好转售价回升2000年钢材平均售价2,096.71元比1999年平均售价1,876.88元提高219.83元同时公司钢材销售增长2000年公司钢材销售120余万吨比1999年销售量80余万吨增长近50%", "spo_list": [{"predicate": "营业收入", "object_type": "金额", "subject_type": "日期", "object": "1,010,889,601.37元", "subject": "2000年度", "subject_index": {"begin": 6, "end": 12}, "object_index": {"begin": 21, "end": 38}}]}
{"text": "截至2001年12月31日本公司有形资产净值为1,658,625,931.07元(有形资产净值为总资产减无形资产待摊费用及长期待摊费用后的余额)", "spo_list": [{"predicate": "净资产账面价值", "object_type": "金额", "subject_type": "日期", "object": "1,658,625,931.07元", "subject": "2001年12月31日", "subject_index": {"begin": 2, "end": 13}, "object_index": {"begin": 23, "end": 40}}]}
{"text": "截至2001年12月31日本公司的股本为279,427,850股全部为人民币普通股每股面值人民币1元截至2000年12月31日本公司股东权益为458,406,771.62元截至2001年12月31日本公司股东权益为650,634,918.80元", "spo_list": [{"predicate": "股东权益评估值", "object_type": "金额", "subject_type": "日期", "object": "458,406,771.62元", "subject": "2000年12月31日", "subject_index": {"begin": 52, "end": 63}, "object_index": {"begin": 71, "end": 86}}]}
{"text": ")2001年度公司控股股东八钢集团为公司25000万元的短期借款提供担保", "spo_list": [{"predicate": "短期借款", "object_type": "金额", "subject_type": "日期", "object": "25000万元", "subject": "2001年度", "subject_index": {"begin": 1, "end": 7}, "object_index": {"begin": 20, "end": 27}}]}
{"text": "八一钢铁设立以后八钢集团管理部门仍保留原有下属机构执行各自与八一钢铁业务无关的职能2000年7-12月八钢集团共发生管理人员工资费用10,699,909.43元因此八钢集团管理费用与八一钢铁主营业务收入没有配比关系如果将这些费用按收入比例进行剥离调整则按八一钢铁现实构架编制的公司设立以前年度的会计报表就不能够按配比原则反映该架构下的八一钢铁的经营成果", "spo_list": [{"predicate": "应付职工薪酬", "object_type": "金额", "subject_type": "日期", "object": "10,699,909.43元", "subject": "2000年7-12月", "subject_index": {"begin": 41, "end": 51}, "object_index": {"begin": 66, "end": 80}}]}
{"text": "1998年度主发起人八钢集团营业外支出11,735,819.08元扣除教育处10,293,804.36元雅满苏铁矿医院浅水河矿等单位1,023,976.12元余额418,038.60元扣除捐赠支出140,000.00元其他与八一钢铁业务无关的支出51,473.60元列入申报财务报表的营业外支出为226,565.00元主要是公司职工子女教育经费", "spo_list": [{"predicate": "营业外支出", "object_type": "金额", "subject_type": "日期", "object": "11,735,819.08元", "subject": "1998年度", "subject_index": {"begin": 0, "end": 6}, "object_index": {"begin": 19, "end": 33}}]}
{"text": "本公司2000年度实现主营业务收入261,814.91万元,2001年度实现主营业务收入308,864.27万元,根据上述销量和销售价格的预测,2002年预测实现主营业务收入313,860.80万元比2000年增长了19.88%", "spo_list": [{"predicate": "营业收入", "object_type": "金额", "subject_type": "日期", "object": "261,814.91万元", "subject": "2000年", "subject_index": {"begin": 3, "end": 8}, "object_index": {"begin": 17, "end": 29}}, {"predicate": "营业收入", "object_type": "金额", "subject_type": "日期", "object": "308,864.27万元", "subject": "2001年度", "subject_index": {"begin": 30, "end": 36}, "object_index": {"begin": 44, "end": 56}}, {"predicate": "营业收入", "object_type": "金额", "subject_type": "日期", "object": "313,860.80万元", "subject": "2002年", "subject_index": {"begin": 72, "end": 77}, "object_index": {"begin": 87, "end": 99}}]}
{"text": "本公司2000年度实际发生财务费用12,238.29万元2002年预测的财务费用为4,111.76万元比2000年减少了66.40%其中2000年度财务费用较高,主要是由于2000年1-7月财务费用模拟数系按照营业收入剥离比例剥离确定,而集团借款数额较大,相应财务费用模拟数也较大所致", "spo_list": [{"predicate": "财务费用", "object_type": "金额", "subject_type": "日期", "object": "12,238.29万元", "subject": "2000年", "subject_index": {"begin": 3, "end": 8}, "object_index": {"begin": 17, "end": 28}}, {"predicate": "财务费用", "object_type": "金额", "subject_type": "日期", "object": "4,111.76万元", "subject": "2002年", "subject_index": {"begin": 28, "end": 33}, "object_index": {"begin": 41, "end": 51}}]}
{"text": "本公司于2000年7月27日成立注册资本为279,427,850.00元新疆华西会计师事务所(有限公司)对各发起人投入本公司的股本金进行验资并出具华会所验字(2000)080号验资报告根据该验资报告截至2000年7月18日止新疆八一钢铁股份有限公司(筹)已受到其发起股东投入的资本429,889,008.57元其中股本279,427,850.00元资本公积150,461,158.57元各发起人出资已经到位公司成立至今未发生任何资本变动此外主发起人八钢集团投入本公司的资产过户手续已办理完毕", "spo_list": [{"predicate": "注册资本", "object_type": "金额", "subject_type": "日期", "object": "279,427,850.00元", "subject": "2000年7月27日", "subject_index": {"begin": 4, "end": 14}, "object_index": {"begin": 21, "end": 36}}, {"predicate": "股本", "object_type": "金额", "subject_type": "日期", "object": "279,427,850.00元", "subject": "2000年7月18日", "subject_index": {"begin": 101, "end": 111}, "object_index": {"begin": 159, "end": 174}}, {"predicate": "资本公积", "object_type": "金额", "subject_type": "日期", "object": "150,461,158.57元", "subject": "2000年7月18日", "subject_index": {"begin": 101, "end": 111}, "object_index": {"begin": 178, "end": 193}}]}
{"text": "截止2001年12月31日资产负债率为60.89%每股净资产2.33元公司2000年净资产收益率为26.39%2001年的净资产收益率达到32.19%而银行年贷款利率为5.85%公司的资产收益率和净资产收益率均远远高于同期的银行贷款利率2001年度公司的流动比率为0.8983速动比率为0.3044对比同指标2000年1999年模拟指标可以发现公司的流动比率在不断改善逐年提高资产负债率逐年下降但速动比率仍然不理想", "spo_list": [{"predicate": "资产负债率", "object_type": "日期", "subject_type": "比率", "object": "2001年12月31日", "subject": "60.89%", "subject_index": {"begin": 19, "end": 25}, "object_index": {"begin": 2, "end": 13}}, {"predicate": "流动比率", "object_type": "日期", "subject_type": "比率", "object": "2001年", "subject": "0.8983", "subject_index": {"begin": 132, "end": 138}, "object_index": {"begin": 118, "end": 123}}, {"predicate": "速动比率", "object_type": "日期", "subject_type": "比率", "object": "2001年", "subject": "0.3044", "subject_index": {"begin": 143, "end": 149}, "object_index": {"begin": 118, "end": 123}}]}
{"text": "实行岗薪制后公司员工工作积极性大幅度提高2001年公司主营业务收入与2000年同期大幅度增加公司2001年利润总额达到23,946.71万元较2000年全年利润总额18,058.14万元增长32.61%公司年工资支出总额约为6,190万元比改革前增加1,380万元相关附加费全年发生额为1,891.76万元比改革前增加636.90万元在不考虑其他成本因素变动的情况下全年使企业成本升高2,016.90万元吨材成本升高12.85元/吨公司财务部从2001年1月开始对于工资上涨部分已进行了预提并在编制2002年盈利预测时已考虑此因素", "spo_list": [{"predicate": "营业利润", "object_type": "金额", "subject_type": "日期", "object": "23,946.71万元", "subject": "2001年", "subject_index": {"begin": 48, "end": 53}, "object_index": {"begin": 59, "end": 70}}, {"predicate": "营业利润", "object_type": "金额", "subject_type": "日期", "object": "18,058.14万元", "subject": "2000年", "subject_index": {"begin": 71, "end": 76}, "object_index": {"begin": 82, "end": 93}}, {"predicate": "应付职工薪酬", "object_type": "金额", "subject_type": "日期", "object": "6,190万元", "subject": "2001年", "subject_index": {"begin": 48, "end": 53}, "object_index": {"begin": 112, "end": 119}}]}
{"text": "公司2001年度利用余热蒸汽总量为276,480吨可降低成本12,192,768.00元2001年度可抵免的所得税税额为4,023,613.44元占公司2001年利润总额的1.68%", "spo_list": [{"predicate": "其他成本", "object_type": "金额", "subject_type": "日期", "object": "12,192,768.00元", "subject": "2001年度", "subject_index": {"begin": 2, "end": 8}, "object_index": {"begin": 30, "end": 44}}]}
{"text": "在八一钢铁与八钢集团发生的关联交易项目中铁水钢坯氧气氮气氩气加工劳务采取成本加成方式定价其他关联交易均采取市场定价方式氧气氮气氩气加工劳务关联交易发生额较小铁水钢坯关联交易发生额在2000年8月至2001年底期间占到原材料采购的总额的41.24%和38.33%占当期全部关联交易总额的37.64%和34.99%铁水钢坯关联交易价格的制定将直接决定八一钢铁的经营业绩", "spo_list": [{"predicate": "关联方", "object_type": "公司", "subject_type": "公司", "object": "八钢集团", "subject": "八一钢铁", "subject_index": {"begin": 1, "end": 5}, "object_index": {"begin": 6, "end": 10}}]}
{"text": "2002年预计实现销售收入31.3亿元至2003年预计销售收入达40亿元", "spo_list": [{"predicate": "营业收入", "object_type": "金额", "subject_type": "日期", "object": "31.3亿元", "subject": "2002年", "subject_index": {"begin": 0, "end": 5}, "object_index": {"begin": 13, "end": 19}}, {"predicate": "营业收入", "object_type": "金额", "subject_type": "日期", "object": "40亿元", "subject": "2003年", "subject_index": {"begin": 20, "end": 25}, "object_index": {"begin": 32, "end": 36}}]}
{"text": "公司收购八钢集团电炉炼钢厂有利于减少公司与八钢集团的关联交易由于该电炉炼钢厂生产的钢坯全部供应本公司,由此与公司产生了大量的关联交易2001年,电炉炼钢厂向本公司提供钢坯共计905,204,113.25元,占公司同期主营业务成本的34.15公司对电炉炼钢厂实施收购后,此关联交易将不再产生", "spo_list": [{"predicate": "关联方", "object_type": "公司", "subject_type": "公司", "object": "电炉炼钢厂", "subject": "八钢集团", "subject_index": {"begin": 21, "end": 25}, "object_index": {"begin": 72, "end": 77}}]}
{"text": "八钢集团于2000年7月31日2000年8月11日分别获得有关建设高速线材项目的新疆自治区经贸委新经贸技函字[2000]116号文关于新疆八钢集团公司线材车间节能技改项目可行性研究报告的批复及新经贸技函[2000]152号文关于新疆八一钢铁(集团)公司高速线材车间配套改造项目可行性报告的批复批准文件八钢集团于2000年12月26日为高速线材项目组建了新疆八钢高速线材有限责任公司目前高速线材项目正在建设中高线公司向银行贷款1.6亿元已先期完成有关厂房等土建工程有关关键设备正在采购中高线公司按照北京首钢设计院编制的可行性研究报告进行项目实施进度我国钢材自去年开始由于国家钢铁政策的调整引起钢材价格恢复性上涨专家预计我国钢材市场今后将不断好转在此宏观背景下本公司注资控股高速线材公司更加刻不容缓预计本公司实施注资后将加快高速线材项目的建设进度以期早日产生效益", "spo_list": [{"predicate": "出具日期", "object_type": "日期", "subject_type": "文件", "object": "2000年7月31日", "subject": "新疆自治区经贸委新经贸技函字[2000]116号文", "subject_index": {"begin": 40, "end": 65}, "object_index": {"begin": 5, "end": 15}}, {"predicate": "出具日期", "object_type": "日期", "subject_type": "文件", "object": "2000年8月11日", "subject": "新经贸技函[2000]152号文关于新疆八一钢铁(集团)公司高速线材车间配套改造项目可行性报告", "subject_index": {"begin": 96, "end": 143}, "object_index": {"begin": 15, "end": 25}}, {"predicate": "成立日期", "object_type": "日期", "subject_type": "公司", "object": "2000年12月26日", "subject": "新疆八钢高速线材有限责任公司", "subject_index": {"begin": 176, "end": 190}, "object_index": {"begin": 155, "end": 166}}]}
{"text": "公司2001年度实现净利润209,425,051.73元根据2002年4月22日召开的年度股东大会决议提取10%的法定公积金提取5%的法定公益金和10%的任意公积金后本年度利润不分配,也不用公积金转增股本,公司未分配利润为157,068,789.21元结转下一年度", "spo_list": [{"predicate": "净利润", "object_type": "金额", "subject_type": "日期", "object": "209,425,051.73元", "subject": "2001年度", "subject_index": {"begin": 2, "end": 8}, "object_index": {"begin": 13, "end": 28}}, {"predicate": "未分配利润", "object_type": "金额", "subject_type": "日期", "object": "157,068,789.21元", "subject": "2002年4月22日", "subject_index": {"begin": 30, "end": 40}, "object_index": {"begin": 111, "end": 126}}]}
{"text": "本公司与八钢集团于2001年7月10日签订电炉炼钢净资产收购合同根据该合同双方约定购买电炉炼钢资产范围以2001年6月30日新疆华夏资产评估有限责任公司出具的华评评报字(2001)第022号新疆八一钢铁(集团)有限责任公司电炉炼钢厂整体资产评估报告书及明细表载明的资产范围购买价格为上述评估报告的52,315.42万元该合同实施条件具备后本公司将先支付八钢集团合同价款的40%3个月后支付52%预留该合同8%的价款将在合同约定资产交接日后6个月内结算一次并至12个月时结清如违约应当向对方支付本合同给付金额10%的违约金并赔偿损失任何一方对合同有争议并经双方协商未形成一致意见时任何一方均可向由合同履行地的人民法院提起诉讼", "spo_list": [{"predicate": "出具日期", "object_type": "日期", "subject_type": "文件", "object": "2001年6月30日", "subject": "华评评报字(2001)第022号新疆八一钢铁(集团)有限责任公司电炉炼钢厂整体资产评估报告书", "subject_index": {"begin": 79, "end": 125}, "object_index": {"begin": 52, "end": 62}}]}
{"text": "公司于2002年2月7日与中国工商银行乌鲁木齐市火车西站支行签订了合同编号为2002年借字第7号流动资金借款合同合同约定本公司以信用保证方式向中国工商银行乌鲁木齐市火车西站支行借款5,000万元用途为购买原材料借款月利息为4.65自实际提款日起按日计算按月结息借款期限为6个月自2002年2月7日至2002年8月6日", "spo_list": [{"predicate": "短期借款", "object_type": "金额", "subject_type": "日期", "object": "5,000万元", "subject": "2002年2月7日至2002年8月6", "subject_index": {"begin": 139, "end": 157}, "object_index": {"begin": 90, "end": 97}}]}
{"text": "公司于2002年5月9日与中国工商银行乌鲁木齐市火车西站支行签订了合同编号为2002年借字第27号流动资金借款合同合同约定本公司以信用保证方式向中国工商银行乌鲁木齐市火车西站支行借款4,600万元用途为购买原材料借款月利息为4.20自实际提款日起按日计算按月结息借款期限为6个月自2002年5月9日至2002年11月8日", "spo_list": [{"predicate": "短期借款", "object_type": "金额", "subject_type": "日期", "object": "4,600万元", "subject": "2002年5月9日至2002年11月8日", "subject_index": {"begin": 140, "end": 160}, "object_index": {"begin": 91, "end": 98}}]}
{"text": "公司于2002年4月10日与中国建设银行乌鲁木齐钢铁支行签订了合同编号为2002年借字第015号流动资金借款合同合同约定本公司以信用保证方式向中国建设银行乌鲁木齐钢铁支行借款5,000万元用途为生产周转借款月利息为4.20自实际提款日起按日计算按季结息借款期限为5个月自2002年4月10日至2002年9月9日", "spo_list": []}
{"text": "3八一钢铁于2002年5月13日2002年6月21日与乌鲁木齐铁路局工会经济技术开发总公司分别签署了供货协议和补充协议约定该公司向八一钢铁采购钢材10,000吨该公司以支票方式结算按提货日八一钢铁的出厂价价格优惠135元/吨现款现货双方对运输方式交货地点质量计量标准等事项作了明确的规定", "spo_list": [{"predicate": "关联方", "object_type": "公司", "subject_type": "公司", "object": "乌鲁木齐铁路局工会经济技术开发总公司", "subject": "八一钢铁", "subject_index": {"begin": 1, "end": 5}, "object_index": {"begin": 27, "end": 45}}]}
{"text": "2002年2月6日八一钢铁与陕西吐哈工贸中心乌鲁木齐经营部签署了工矿产品购销合同约定该公司购买八一钢铁1,400万元的各种钢材合计5,000吨双方对单价及优惠质量技术标准交货地点运输方式及费用负担合理损耗及计算方法验收标准和方法及提出异议地区期限结算方式及期限等事项作了明确的规定", "spo_list": [{"predicate": "关联方", "object_type": "公司", "subject_type": "公司", "object": "陕西吐哈工贸中心乌鲁木齐经营部", "subject": "八一钢铁", "subject_index": {"begin": 9, "end": 13}, "object_index": {"begin": 14, "end": 29}}]}
{"text": "2001年12月24日八一钢铁与石家庄市特种电焊条厂签署了工矿产品购销合同约定该公司购买八一钢铁线材18,000吨双方对单价供货进度质量技术标准交货地点运输方式及费用负担合理损耗及计算方法验收标准和方法及提出异议地区期限结算方式及期限等事项作了明确的规定", "spo_list": [{"predicate": "关联方", "object_type": "公司", "subject_type": "公司", "object": "石家庄市特种电焊条厂", "subject": "八一钢铁", "subject_index": {"begin": 11, "end": 15}, "object_index": {"begin": 16, "end": 26}}]}
{"text": "公司截至2001年12月31日固定资产原值为1,001,585,297.66元累计折旧273,958,128.08元固定资产净值727,627,169.58元具", "spo_list": [{"predicate": "固定资产", "object_type": "金额", "subject_type": "日期", "object": "1,001,585,297.66元", "subject": "2001年12月31日", "subject_index": {"begin": 4, "end": 15}, "object_index": {"begin": 22, "end": 39}}, {"predicate": "固定资产", "object_type": "金额", "subject_type": "日期", "object": "727,627,169.58元", "subject": "2001年12月31日", "subject_index": {"begin": 4, "end": 15}, "object_index": {"begin": 64, "end": 79}}]}
{"text": "本公司于2000年12月28日与八钢集团签订了财产租赁合同租用八钢集团楼房一幢作为本公司办公场所租期10年租期截至2011年1月1日年租金30万元另外依据本合同本公司租用八钢集团线材车间固定资产用于生产普通线材租期2年租期截至2002年7月31日年租金450万元", "spo_list": [{"predicate": "其他成本", "object_type": "金额", "subject_type": "日期", "object": "30万元", "subject": "2011年1月1日", "subject_index": {"begin": 57, "end": 66}, "object_index": {"begin": 69, "end": 73}}, {"predicate": "其他成本", "object_type": "金额", "subject_type": "日期", "object": "450万", "subject": "2002年7月31日", "subject_index": {"begin": 113, "end": 123}, "object_index": {"begin": 126, "end": 130}}]}
{"text": "梁建国先生中国国籍男51岁汉族中共党员大专学历高级政工师现任本公司副董事长党委书记历任乌鲁木齐市铁路局西山车务段工人八钢铁路队党支部书记新疆钢铁公司运输处纪检员新疆钢铁公司人事处干事新疆钢铁公司机关党委组织纪检员新疆钢铁公司销售处书记新疆钢铁公司铁路运输部书记八钢集团纪委书记", "spo_list": [{"predicate": "国籍", "object_type": "国家", "subject_type": "人物", "object": "中国", "subject": "梁建国", "subject_index": {"begin": 0, "end": 3}, "object_index": {"begin": 5, "end": 7}}, {"predicate": "大专", "object_type": "学历", "subject_type": "人物", "object": "大专学历", "subject": "梁建国", "subject_index": {"begin": 0, "end": 3}, "object_index": {"begin": 19, "end": 23}}, {"predicate": "任职公司", "object_type": "公司", "subject_type": "人物", "object": "乌鲁木齐市铁路局", "subject": "梁建国", "subject_index": {"begin": 0, "end": 3}, "object_index": {"begin": 43, "end": 51}}, {"predicate": "任职公司", "object_type": "公司", "subject_type": "人物", "object": "八钢铁路队", "subject": "梁建国", "subject_index": {"begin": 0, "end": 3}, "object_index": {"begin": 58, "end": 63}}, {"predicate": "任职公司", "object_type": "公司", "subject_type": "人物", "object": "新疆钢铁公司", "subject": "梁建国", "subject_index": {"begin": 0, "end": 3}, "object_index": {"begin": 68, "end": 74}}]}
{"text": "艾力.巴拉提先生中国国籍男46岁维吾尔族中共党员大学学历现任本公司董事纪委书记工会主席历任八钢板簧厂工人新疆钢铁学校专业教师教务副科长八钢炼钢厂副厂长纪委书记工会主席八钢集团纪委副书记", "spo_list": [{"predicate": "国籍", "object_type": "国家", "subject_type": "人物", "object": "中国", "subject": "艾力.巴拉提", "subject_index": {"begin": 0, "end": 6}, "object_index": {"begin": 8, "end": 10}}, {"predicate": "大专", "object_type": "学历", "subject_type": "人物", "object": "大学学历", "subject": "艾力.巴拉提", "subject_index": {"begin": 0, "end": 6}, "object_index": {"begin": 24, "end": 28}}, {"predicate": "任职公司", "object_type": "公司", "subject_type": "人物", "object": "八钢板簧厂", "subject": "艾力.巴拉提", "subject_index": {"begin": 0, "end": 6}, "object_index": {"begin": 45, "end": 50}}, {"predicate": "任职公司", "object_type": "公司", "subject_type": "人物", "object": "新疆钢铁学校", "subject": "艾力.巴拉提", "subject_index": {"begin": 0, "end": 6}, "object_index": {"begin": 52, "end": 58}}]}
{"text": "杨小玲女士中国国籍女42岁汉族大专学历现任新疆华顺工贸有限公司董事长兼总经理本公司董事1977年至1995年在石油化工厂车间市城管办工作1995年至今任新疆华顺工贸有限公司董事长兼总经理", "spo_list": [{"predicate": "国籍", "object_type": "国家", "subject_type": "人物", "object": "中国", "subject": "杨小玲", "subject_index": {"begin": 0, "end": 3}, "object_index": {"begin": 5, "end": 7}}, {"predicate": "大专", "object_type": "学历", "subject_type": "人物", "object": "大专学历", "subject": "杨小玲", "subject_index": {"begin": 0, "end": 3}, "object_index": {"begin": 15, "end": 19}}, {"predicate": "任职公司", "object_type": "公司", "subject_type": "人物", "object": "新疆华顺工贸有限公司", "subject": "杨小玲", "subject_index": {"begin": 0, "end": 3}, "object_index": {"begin": 21, "end": 31}}, {"predicate": "任职日期", "object_type": "日期", "subject_type": "人物", "object": "1977年至1995年", "subject": "杨小玲", "subject_index": {"begin": 0, "end": 3}, "object_index": {"begin": 43, "end": 54}}, {"predicate": "任职日期", "object_type": "日期", "subject_type": "人物", "object": "1995年至今", "subject": "杨小玲", "subject_index": {"begin": 0, "end": 3}, "object_index": {"begin": 68, "end": 75}}, {"predicate": "任职公司", "object_type": "公司", "subject_type": "人物", "object": "石油化工厂", "subject": "杨小玲", "subject_index": {"begin": 0, "end": 3}, "object_index": {"begin": 55, "end": 60}}, {"predicate": "任职公司", "object_type": "公司", "subject_type": "人物", "object": "新疆华顺工贸有限公司", "subject": "杨小玲", "subject_index": {"begin": 0, "end": 3}, "object_index": {"begin": 76, "end": 86}}]}
{"text": "王学斌先生,中国国籍男汉族44岁中共党员高级会计师注册评估师本科学历在读研究生现任本公司独立董事新疆投资信用保证有限责任公司总经理1974年参加工作历任新疆维吾尔自治区财政厅工交处主任科员自治区国资局评估管理中心主任国资局企业处任处长", "spo_list": [{"predicate": "本科", "object_type": "学历", "subject_type": "人物", "object": "本科学历", "subject": "王学斌", "subject_index": {"begin": 0, "end": 3}, "object_index": {"begin": 30, "end": 34}}, {"predicate": "国籍", "object_type": "国家", "subject_type": "人物", "object": "中国", "subject": "王学斌", "subject_index": {"begin": 0, "end": 3}, "object_index": {"begin": 6, "end": 8}}, {"predicate": "研究生", "object_type": "学历", "subject_type": "人物", "object": "在读研究生", "subject": "王学斌", "subject_index": {"begin": 0, "end": 3}, "object_index": {"begin": 34, "end": 39}}, {"predicate": "任职公司", "object_type": "公司", "subject_type": "人物", "object": "新疆投资信用保证有限责任公司", "subject": "王学斌", "subject_index": {"begin": 0, "end": 3}, "object_index": {"begin": 48, "end": 62}}, {"predicate": "任职日期", "object_type": "日期", "subject_type": "人物", "object": "1974年", "subject": "王学斌", "subject_index": {"begin": 0, "end": 3}, "object_index": {"begin": 65, "end": 70}}, {"predicate": "任职公司", "object_type": "公司", "subject_type": "人物", "object": "新疆维吾尔自治区财政厅", "subject": "王学斌", "subject_index": {"begin": 0, "end": 3}, "object_index": {"begin": 76, "end": 87}}, {"predicate": "任职公司", "object_type": "公司", "subject_type": "人物", "object": "自治区国资局", "subject": "王学斌", "subject_index": {"begin": 0, "end": 3}, "object_index": {"begin": 94, "end": 100}}, {"predicate": "任职公司", "object_type": "公司", "subject_type": "人物", "object": "国资局企业处", "subject": "王学斌", "subject_index": {"begin": 0, "end": 3}, "object_index": {"begin": 108, "end": 114}}]}
{"text": "沈东新先生中国国籍男38岁汉族中共党员研究生学历会计师现任本公司董事会秘书兼总会计师历任新疆钢铁公司轧钢厂财务科科长新疆钢铁公司计划财务部部长助理新疆钢铁公司证券管理办公室主任", "spo_list": [{"predicate": "国籍", "object_type": "国家", "subject_type": "人物", "object": "中国", "subject": "沈东新", "subject_index": {"begin": 0, "end": 3}, "object_index": {"begin": 5, "end": 7}}, {"predicate": "研究生", "object_type": "学历", "subject_type": "人物", "object": "研究生学历", "subject": "沈东新", "subject_index": {"begin": 0, "end": 3}, "object_index": {"begin": 19, "end": 24}}]}
{"text": "本公司于2000年7月18日召开的新疆八一钢铁股份有限公司创立大会暨第一次股东大会通过了公司章程选举了公司第一届董事会监事会成员2001年7月31日召开的临时股东大会授权董事会根据上市公司章程指引及上市公司股东大会规范意见2000年修订对公司章程进行修改并增选了4名独立董事本公司先后对股东大会董事会监事会的职权和议事规则独立董事的产生办法及发挥作用的制度进行了具体规定初步建立了符合股份有限公司公开发行股票并上市要求的公司治理结构", "spo_list": [{"predicate": "会议召开日期", "object_type": "日期", "subject_type": "公司", "object": "2000年7月18日", "subject": "新疆八一钢铁股份有限公司", "subject_index": {"begin": 17, "end": 29}, "object_index": {"begin": 4, "end": 14}}]}
{"text": "公司截至2001年12月31日固定资产原值为1,001,585,297.66元累计折旧273,958,128.08元固定资产净值727,627,169.58元具", "spo_list": [{"predicate": "固定资产", "object_type": "金额", "subject_type": "日期", "object": "1,001,585,297.66元", "subject": "2001年12月31日", "subject_index": {"begin": 4, "end": 15}, "object_index": {"begin": 22, "end": 39}}]}
{"text": "2000年12月公司与新疆八一钢铁集团有限责任公司签定《财产租赁合同》租赁集团公司线材车间固定资产期限自2000年8月1日至2002年7月31日租金每年人民币450万元于每年年底一次性支付当年租金租赁集团公司办公楼一幢期限自2001年1月1日至2011年1月1日租金每年人民币30万元于每年年底一次性支付当年租金公司2001年度已支付上述两项租金合计480万元", "spo_list": [{"predicate": "其他成本", "object_type": "金额", "subject_type": "日期", "object": "30万元", "subject": "2001年1月1日至2011年1月1日", "subject_index": {"begin": 112, "end": 131}, "object_index": {"begin": 138, "end": 142}}, {"predicate": "其他成本", "object_type": "金额", "subject_type": "日期", "object": "480万元", "subject": "2001年度", "subject_index": {"begin": 158, "end": 164}, "object_index": {"begin": 175, "end": 180}}]}
{"text": ")根据新疆华夏资产评估有限责任公司出具的新评所评报字[2000]第022号资产评估报告并经新疆维吾尔自治区国有资产管理局确认主发起人拟投入本公司的1999年12月31日净资产为459,630,378.25元,公司设立时已根据评估报告进行了调账,调账日调账前后比较资产负债表见备考会计报表一---调账日调账前后比较资产负债表", "spo_list": [{"predicate": "净资产账面价值", "object_type": "金额", "subject_type": "日期", "object": "459,630,378.25元", "subject": "1999年12月31日", "subject_index": {"begin": 73, "end": 84}, "object_index": {"begin": 88, "end": 103}}]}
{"text": "1999年度八钢集团发生的管理人员工资费用为18,653,548.16元其中可以辨明的与八一钢铁收入无关的有关管理部门人员费用为钢铁行业管理部集团人民武装部党校经济研究中心集团多种经营管理办公室建设工程部环境部工人俱乐部艺术团能源办公室新疆钢铁年鉴编制办公室情报室等部门发生的人员费用15,396,502.20元纳入股份公司的管理人员工资费用为3,257,045.96元", "spo_list": [{"predicate": "应付职工薪酬", "object_type": "金额", "subject_type": "日期", "object": "18,653,548.16元", "subject": "1999年", "subject_index": {"begin": 0, "end": 5}, "object_index": {"begin": 22, "end": 36}}, {"predicate": "应付职工薪酬", "object_type": "金额", "subject_type": "日期", "object": "3,257,045.96元", "subject": "1999年", "subject_index": {"begin": 0, "end": 5}, "object_index": {"begin": 172, "end": 185}}]}
{"text": "2000年1-7月主发起人八钢集团营业外支出11,270,399.80元扣除教育处5,891,880.33元雅满苏铁矿医院浅水河矿等单位4,041,535.64元余额1,336,983.83元系与股份公司主营业务无关的支出故未纳入股份公司利润表", "spo_list": [{"predicate": "营业外支出", "object_type": "金额", "subject_type": "日期", "object": "11,270,399.80元", "subject": "2000年", "subject_index": {"begin": 0, "end": 5}, "object_index": {"begin": 22, "end": 36}}]}
{"text": "管理费用的预测依据本公司2000年的经营情况并结合本公司2002年的经营计划和经营规模适当确定管理费用中与工资相关的工会经费职教费劳动保险费等根据预测期间预计的工资支出和规定的价格标准逐项预测其他各项摊提费用如税金坏准准备无形及递延资产摊销存货跌价准备等均按规定的计提及摊销标准逐项预测其他费用参照2000年及2001年实际发生数结合2002年实际情况作了适当调整本公司2000年度实际发生管理费用4,052.92万元2002年管理费用的预测数为5,425.78万元比2000年增长33.87主要是本公司2002年工资较2000年增长了30%,相应增加了劳动保险工会经费职教经费等费用,同时随着经营规模和业务量的扩大,相应办公费咨询费新技术开发费等费用亦相应增加", "spo_list": [{"predicate": "管理费用", "object_type": "金额", "subject_type": "日期", "object": "4,052.92万元", "subject": "2000年度", "subject_index": {"begin": 185, "end": 191}, "object_index": {"begin": 199, "end": 209}}, {"predicate": "管理费用", "object_type": "金额", "subject_type": "日期", "object": "5,425.78万元", "subject": "2002年", "subject_index": {"begin": 209, "end": 214}, "object_index": {"begin": 223, "end": 233}}]}
{"text": "本公司2000年末资产负债率为68.68%资产总额为1,463,663,846.50元负债总额为1,005,257,074.88元负债的主要构成为短期借款为542,000,000.00元占53.91%应付帐款为375,383,102.61占37.34%公司考虑到2001年钢材价格将继续攀升决定在2000年第四季度采取产成品压库的经营策略导致2000年末产成品库存较往年有较大提高为398,593,744.68元为配合产成品压库的策略公司将应付八钢集团的采购铁水钢坯等原材料款延迟支付截止2000年末公司应付八钢集团的货款为331,561,825.51元由于上述两方面的影响导致2000年末资产负债率较高", "spo_list": [{"predicate": "资产负债率", "object_type": "日期", "subject_type": "比率", "object": "2000年", "subject": "68.68%", "subject_index": {"begin": 15, "end": 21}, "object_index": {"begin": 3, "end": 8}}, {"predicate": "总资产", "object_type": "金额", "subject_type": "日期", "object": "1,463,663,846.50元", "subject": "2000年", "subject_index": {"begin": 3, "end": 8}, "object_index": {"begin": 26, "end": 43}}, {"predicate": "总负债", "object_type": "金额", "subject_type": "日期", "object": "1,005,257,074.88元", "subject": "2000年", "subject_index": {"begin": 3, "end": 8}, "object_index": {"begin": 48, "end": 65}}, {"predicate": "短期借款", "object_type": "金额", "subject_type": "日期", "object": "542,000,000.00元", "subject": "2000年", "subject_index": {"begin": 3, "end": 8}, "object_index": {"begin": 78, "end": 93}}, {"predicate": "应付账款", "object_type": "金额", "subject_type": "日期", "object": "375,383,102.61", "subject": "2000年", "subject_index": {"begin": 3, "end": 8}, "object_index": {"begin": 105, "end": 119}}]}
{"text": "根据该政策本公司上市后将在2002年2005年期间享受该税收优惠政策本公司盈利预测报告2002年净利润预测按33%所得税计算为13,380.32万元根据上述政策本公司如在2002年上市后实际税赋为14.85%当年净利润为17,004.99万元较原盈利预测增加27.09%即3,624.67万元", "spo_list": [{"predicate": "净利润", "object_type": "金额", "subject_type": "日期", "object": "3,624.67万元", "subject": "2002年", "subject_index": {"begin": 85, "end": 90}, "object_index": {"begin": 136, "end": 146}}, {"predicate": "净利润", "object_type": "金额", "subject_type": "日期", "object": "17,004.99万元", "subject": "2002年", "subject_index": {"begin": 85, "end": 90}, "object_index": {"begin": 110, "end": 121}}]}
{"text": "根据新疆华夏资产评估有限责任公司华评评报字[2001]022号评估报告,以2001年3月31日为评估基准日,经评估的电炉炼钢厂流动资产为286.08万元,固定资产50,828.45万元,其他资产1,393.92万元,资产总额为52,508.45万元,流动负债193.03万元,负债总计193.03万元,净资产为52,315.42万元以上评估结果已经新疆自治区财政厅新财企[2001]50号文关于对新疆八一钢铁(集团)有限责任公司电炉炼钢厂被收购资产评估项目审核意见的批复的批准", "spo_list": [{"predicate": "流动资产", "object_type": "金额", "subject_type": "日期", "object": "286.08万元", "subject": "2001年3月31日", "subject_index": {"begin": 37, "end": 47}, "object_index": {"begin": 68, "end": 76}}, {"predicate": "固定资产", "object_type": "金额", "subject_type": "日期", "object": "50,828.45万元", "subject": "2001年3月31日", "subject_index": {"begin": 37, "end": 47}, "object_index": {"begin": 81, "end": 92}}, {"predicate": "总资产", "object_type": "金额", "subject_type": "日期", "object": "52,508.45万元", "subject": "2001年3月31日", "subject_index": {"begin": 37, "end": 47}, "object_index": {"begin": 113, "end": 124}}, {"predicate": "流动负债", "object_type": "金额", "subject_type": "日期", "object": "193.03万元", "subject": "2001年3月31日", "subject_index": {"begin": 37, "end": 47}, "object_index": {"begin": 129, "end": 137}}, {"predicate": "总负债", "object_type": "金额", "subject_type": "日期", "object": "193.03万元", "subject": "2001年3月31日", "subject_index": {"begin": 37, "end": 47}, "object_index": {"begin": 142, "end": 150}}, {"predicate": "净资产账面价值", "object_type": "金额", "subject_type": "日期", "object": "52,315.42万元", "subject": "2001年3月31日", "subject_index": {"begin": 37, "end": 47}, "object_index": {"begin": 155, "end": 166}}]}
{"text": "本公司主要从事钢铁冶炼轧制加工属技术及资金密集行业由于行业特点公司的生产经营需要占用大量的流动资金截至2001年9月30日本公司流动资金贷款为5.59亿元占公司总资产的37.26%公司产品按照行业经营惯例一般流动资金周转需6090天由于自有资金不足公司的流动资金一直处于紧缺状态因此需补充5,000万元流动资金以确保生产经营的正常运转", "spo_list": [{"predicate": "流动负债", "object_type": "金额", "subject_type": "日期", "object": "5.59亿元", "subject": "2001年9月30日", "subject_index": {"begin": 51, "end": 61}, "object_index": {"begin": 71, "end": 77}}]}
{"text": "本公司与八钢集团于2001年3月31日签订电炉炼钢厂委托经营管理合同根据该合同八钢集团委托本公司经营管理电炉炼钢厂生产经营性资产合同期限为合同生效之日至电炉炼钢厂的生产经营性资产以收购方式进入本公司之日或依据该合同约定终止条件成立时双方同意八钢集团每年支付的托管费为电炉炼钢厂资产总额的千分之五即247万元", "spo_list": [{"predicate": "总资产", "object_type": "金额", "subject_type": "日期", "object": "247万元", "subject": "2001年3月31", "subject_index": {"begin": 9, "end": 18}, "object_index": {"begin": 148, "end": 153}}]}
{"text": "公司于2001年7月31日与中国工商银行乌鲁木齐市火车西站支行签订了合同编号为2001年借字第85号流动资金借款合同合同约定本公司以信用保证方式向中国工商银行乌鲁木齐市火车西站支行借款5,600万元用途为购买原材料借款月利息为4.875自实际提款日起按日计算按月结息借款期限为12个月自2001年7月31日至2002年7月30日", "spo_list": [{"predicate": "短期借款", "object_type": "金额", "subject_type": "日期", "object": "5,600万元", "subject": "2001年7月31日", "subject_index": {"begin": 3, "end": 13}, "object_index": {"begin": 92, "end": 99}}]}
{"text": "公司于2001年7月30日与中国建设银行乌鲁木齐钢铁支行签订了合同编号为2001年借字第016号资金借款合同合同约定本公司以信用保证方式向中国建设银行乌鲁木齐钢铁支行借款4,000万元用途为流动资金周转借款月利息为4.875自实际提款日起按日计算按季结息借款期限为12个月自2001年7月30日至2002年7月29日", "spo_list": [{"predicate": "短期借款", "object_type": "金额", "subject_type": "日期", "object": "4,000万元", "subject": "2001年7月30日", "subject_index": {"begin": 3, "end": 13}, "object_index": {"begin": 85, "end": 92}}]}
