{"text": "2004年3月23日，上海东华会计师事务所出具了编号为东会验[2004]686号的《验资报告》，验证截至2004年3月23日止，宝印金属彩涂已收到全体股东缴纳的注册资本合计人民币50万元。2004年3月26日，宝印金属彩涂取得了上海市工商局核发的企业法人营业执照。", "spo_list": [{"predicate": "截止日期", "object_type": "日期", "subject_type": "报告", "object": "2004年3月23日止", "subject": "《验资报告》", "subject_index": {"begin": 41, "end": 47}, "object_index": {"begin": 52, "end": 63}}]}
{"text": "根据2010年11月7日中审亚太会计师事务所有限公司出具的中审亚太审字（2010）070082-1号《审计报告》，包装有限截至2010年10月31日的净资产为729,516,059.66元。", "spo_list": [{"predicate": "截止日期", "object_type": "日期", "subject_type": "报告", "object": "2010年10月31日", "subject": "《审计报告》", "subject_index": {"begin": 50, "end": 56}, "object_index": {"begin": 63, "end": 74}}]}
{"text": "2010年12月27日，中审亚太会计师事务所有限公司出具了中审亚太验字[2010]第070013号《验资报告》，验证截至2010年12月27日，宝钢包装（筹）已收到全体股东以其拥有的上海宝钢包装有限公司的净资产729,516,059.66元按1:0.685385871的比例折合的股本50,000万元。该验资经中瑞岳华会计师事务所（特殊普通合伙）复核并出具《关于上海宝钢包装股份有限公司注册资本变动验资专项复核报告》（中瑞岳华专审字[2012]第2473号）。", "spo_list": [{"predicate": "截止日期", "object_type": "日期", "subject_type": "报告", "object": "2010年12月27日", "subject": "《验资报告》", "subject_index": {"begin": 49, "end": 55}, "object_index": {"begin": 60, "end": 71}}]}
{"text": "2011年6月22日，中审亚太会计师事务所有限公司出具了中审亚太审字[2011]070080-2号《审计报告》，截至2011年3月31日，宝钢包装经审计的净资产为人民币753,824,050.07元。", "spo_list": [{"predicate": "截止日期", "object_type": "日期", "subject_type": "报告", "object": "2011年3月31日", "subject": "《审计报告》", "subject_index": {"begin": 49, "end": 55}, "object_index": {"begin": 58, "end": 68}}]}
{"text": "2011年7月21日，上海立信资产评估有限公司出具了信资评报字（2011）第195号《上海宝钢包装股份有限公司增资扩股项目整体资产评估报告书》。根据该评估报告，截至2011年3月31日，宝钢包装的股东全部权益价值为92,527.88万元，上述评估结果已完成国务院国有资产监督管理委员会备案（《国有资产评估项目备案表》，备案编号：20110102）。", "spo_list": [{"predicate": "截止日期", "object_type": "日期", "subject_type": "报告", "object": "2011年3月31日", "subject": "《上海宝钢包装股份有限公司增资扩股项目整体资产评估报告书》", "subject_index": {"begin": 42, "end": 71}, "object_index": {"begin": 82, "end": 92}}]}
{"text": "2010年4月19日，宝钢金属与包装有限在上海联合产权交易所通过执业经纪人上海新工联产权经纪有限公司签署了《上海市产权交易合同》（合同编号：G010SH1001244），约定宝钢金属将其持有的70.5%的股权经审计协议转让给包装有限，转让价格为12,989.609902万元。此次收购的基准日为2009年12月31日，根据中瑞岳华沪审字[2010]第078号《审计报告》，截至2009年12月31日止，宝翼制罐总资产为359,956,050.61元，总负债为175,706,264.77元，净资产为184,249,785.84元，转让价格为人民币129,896,099.02元。", "spo_list": [{"predicate": "截止日期", "object_type": "日期", "subject_type": "报告", "object": "2009年12月31日止", "subject": "《审计报告》", "subject_index": {"begin": 179, "end": 185}, "object_index": {"begin": 188, "end": 200}}]}
{"text": "根据中瑞岳华沪审字[2010]第073号《审计报告》，截至2009年12月31日止，河北制罐总资产为427,410,327.28元，总负债为259,557,470.23元，净资产为167,852,857.05元。", "spo_list": [{"predicate": "截止日期", "object_type": "日期", "subject_type": "报告", "object": "2009年12月31日止", "subject": "《审计报告》", "subject_index": {"begin": 20, "end": 26}, "object_index": {"begin": 29, "end": 41}}]}
{"text": "根据中瑞岳华沪审字[2010]第074号《审计报告》，截至2009年12月31日止，成都制罐总资产为324,219,948.86元，总负债为157,515,362.35元，净资产为166,704,586.51元。", "spo_list": [{"predicate": "截止日期", "object_type": "日期", "subject_type": "报告", "object": "截至2009年12月31日止", "subject": "《审计报告》", "subject_index": {"begin": 20, "end": 26}, "object_index": {"begin": 27, "end": 41}}]}
{"text": "2012年7月26日，北京中企华资产评估有限责任公司出具中企华评报字（2012）第3352-02号《宝钢金属有限公司拟将其持有的河北宝钢制罐北方有限公司股权转让给上海宝钢包装股份有限公司项目评估报告》（已完成国有资产评估项目备案），确认截至2012年5月31日，河北制罐经评估的净资产为26,507.44万元。", "spo_list": [{"predicate": "截止日期", "object_type": "日期", "subject_type": "报告", "object": "2012年5月31日", "subject": "《宝钢金属有限公司拟将其持有的河北宝钢制罐北方有限公司股权转让给上海宝钢包装股份有限公司项目评估报告》", "subject_index": {"begin": 49, "end": 100}, "object_index": {"begin": 120, "end": 130}}]}
{"text": "2013年12月20日，上海立信资产评估有限公司出具信资评报字（2013）287号《武汉宝钢制罐有限公司股权转让资产评估报告书》（已完成国有资产评估项目备案），确认截至2013年9月30日，武汉制罐经评估的净资产为13,716.50万元。", "spo_list": [{"predicate": "截止日期", "object_type": "日期", "subject_type": "报告", "object": "2013年9月30日", "subject": "《武汉宝钢制罐有限公司股权转让资产评估报告书》", "subject_index": {"begin": 41, "end": 64}, "object_index": {"begin": 84, "end": 94}}]}
{"text": "2004年5月31日，上海东华会计师事务所有限公司出具了编号为东会验[2004]1580号的《验资报告》，验证截至2004年5月31日止，宝印金属彩涂已经收到了本次增加的宝钢产业缴纳的注册资本合计人民币7,822.8万元以及宝钢国际缴纳的注册资本合计人民币869.2万元，均以货币出资。增资后，宝印金属彩涂全体股东共缴纳注册资本人民币8,742万元，其中宝钢产业缴纳7,867.8万元，宝钢国际缴纳874.2万元。", "spo_list": [{"predicate": "截止日期", "object_type": "日期", "subject_type": "报告", "object": "2004年5月31日", "subject": "《验资报告》", "subject_index": {"begin": 46, "end": 52}, "object_index": {"begin": 57, "end": 67}}]}
{"text": "2010年4月19日，中瑞岳华会计师事务所有限公司上海分所出具了中瑞岳华沪验字[2010]第028号《验资报告》，验证截至2010年4月19日止，包装有限增资后累计注册资本为人民币69,981万元，实收资本69,981万元。该验资经中瑞岳华会计师事务所（特殊普通合伙）复核并出具《关于上海宝钢包装股份有限公司注册资本变动验资专项复核报告》（中瑞岳华专审字[2012]第2473号）。", "spo_list": [{"predicate": "截止日期", "object_type": "日期", "subject_type": "报告", "object": "2010年4月19日", "subject": "《验资报告》", "subject_index": {"begin": 50, "end": 56}, "object_index": {"begin": 61, "end": 71}}]}
{"text": "2012年1月18日，上海众华沪银会计师事务所有限公司出具了沪众会验字(2012)第0746号《验资报告》，验证截至2012年1月17日，宝钢包装已收到北京和谐成长投资中心、金石投资有限公司、北京艾尔酒业集团有限公司、华宝投资有限公司及上海欧海投资合伙企业缴纳的资金总额合计人民币302,500,000.00元，均以货币出资，其中，新增注册资本（股本）人民币125,000,000.00元；出资额溢价部分为人民币177,500,000.00元，全部计入资本公积。该验资经中瑞岳华会计师事务所（特殊普通合伙）复核出具《关于上海招股说明书1-1-83宝钢包装股份有限公司注册资本变动验资专项复核报告》（中瑞岳华专审字[2012]第2473号）。", "spo_list": [{"predicate": "截止日期", "object_type": "日期", "subject_type": "报告", "object": "2012年1月17日", "subject": "《验资报告》", "subject_index": {"begin": 47, "end": 53}, "object_index": {"begin": 58, "end": 68}}]}
{"text": "2014年度公司前五大供应商与2013年相比，增加了中铝西南铝冷连轧板带有限公司。2014年，公司向中铝西南铝冷连轧板带有限公司采购金额为10,983.25万元，占当期营业成本的3.90%。", "spo_list": [{"predicate": "财务费用", "object_type": "金额", "subject_type": "日期", "object": "10,983.25万元", "subject": "2014年", "subject_index": {"begin": 41, "end": 46}, "object_index": {"begin": 69, "end": 80}}]}
{"text": "本公司关联采购的主要内容为向宝钢股份采购金属原材料DI材和普通马口铁用于生产钢制二片罐及印铁产品，自关联方采购上述产品的主要原因为：（1）公司生产钢制二片罐所需的DI材在国内只有关联方宝钢股份批量生产；（2）公司印铁业务部分下游客户指定采购宝钢股份生产的普通马口铁（简称―指定采购‖）。2012年、2013年及2014年，营业成本中客户指定采购所对应的普通马口铁金额分别为47,680.89万元、15,471.55万元和14,477.29万元，如关联采购扣除上述客户指定采购的影响后，2012年、2013年及2014年公司原材料关联采购占营业成本的比例分别为20.39%、11.80%和8.36%。", "spo_list": [{"predicate": "财务费用", "object_type": "金额", "subject_type": "日期", "object": "47,680.89万元", "subject": "2012年", "subject_index": {"begin": 143, "end": 148}, "object_index": {"begin": 186, "end": 197}}, {"predicate": "财务费用", "object_type": "金额", "subject_type": "日期", "object": "15,471.55万元", "subject": "2013年", "subject_index": {"begin": 149, "end": 154}, "object_index": {"begin": 198, "end": 209}}, {"predicate": "财务费用", "object_type": "金额", "subject_type": "日期", "object": "14,477.29万元", "subject": "2014年", "subject_index": {"begin": 155, "end": 160}, "object_index": {"begin": 210, "end": 221}}]}
{"text": "2012年公司引入机构投资者，由上海立信资产评估有限公司出具了信资评报字（2011）第195号《上海宝钢包装股份有限公司增资扩股项目整体资产评估报告书》。根据评估报告，截至2011年3月31日，宝钢包装股东权益的市场价值为92,527.88万元。2011年12月29日，国资委对该评估结果进行了备案。", "spo_list": [{"predicate": "截止日期", "object_type": "日期", "subject_type": "报告", "object": "2011年3月31日", "subject": "《上海宝钢包装股份有限公司增资扩股项目整体资产评估报告书》", "subject_index": {"begin": 47, "end": 76}, "object_index": {"begin": 86, "end": 96}}]}
{"text": "2012年末、2013年末、2014年末，公司的货币资金合计分别为21,775.37万元、20,638.80万元和33,049.73万元。2014年末货币资金余额较2013年末增加12,410.93万元，增幅为60.13%，主要系公司为扩大生产规模、补充营运资金，增加银行借款所致。", "spo_list": [{"predicate": "货币资金", "object_type": "金额", "subject_type": "日期", "object": "21,775.37万元", "subject": "2012年末", "subject_index": {"begin": 0, "end": 6}, "object_index": {"begin": 33, "end": 44}}, {"predicate": "货币资金", "object_type": "金额", "subject_type": "日期", "object": "20,638.80万元", "subject": "2013年末", "subject_index": {"begin": 7, "end": 13}, "object_index": {"begin": 45, "end": 56}}, {"predicate": "货币资金", "object_type": "金额", "subject_type": "日期", "object": "33,049.73万元", "subject": "2014年末", "subject_index": {"begin": 14, "end": 20}, "object_index": {"begin": 57, "end": 68}}]}
{"text": "经核查，截至2014年底，王老吉对应的应收账款均在1年以内，其中信用期内应收账款为30,657.42万元，占比81.56%；信用期外为6,932.22万元，占比18.44%。其中，对于信用期外的应收账款，公司已按照坏账计提政策计提了346.61万元坏账准备。", "spo_list": [{"predicate": "应收账款净额", "object_type": "金额", "subject_type": "日期", "object": "30,657.42万元", "subject": "2014年底", "subject_index": {"begin": 6, "end": 12}, "object_index": {"begin": 41, "end": 52}}]}
{"text": "2012年末、2013年末及2014年末，公司计提存货跌价准备分别为2,077.19万元、1,375.42万元和2,082.53万元，占存货总额2.97%、1.74%和2.75%。存货整体质量良好。", "spo_list": [{"predicate": "存货跌价准备", "object_type": "金额", "subject_type": "日期", "object": "2,077.19万元", "subject": "2012年末", "subject_index": {"begin": 0, "end": 6}, "object_index": {"begin": 34, "end": 44}}, {"predicate": "存货跌价准备", "object_type": "金额", "subject_type": "日期", "object": "1,375.42万元", "subject": "2013年末", "subject_index": {"begin": 7, "end": 13}, "object_index": {"begin": 45, "end": 55}}, {"predicate": "存货跌价准备", "object_type": "金额", "subject_type": "日期", "object": "2,082.53万元", "subject": "2014年末", "subject_index": {"begin": 14, "end": 20}, "object_index": {"begin": 56, "end": 66}}]}
{"text": "2012年、2013年及2014年，本公司的营业成本分别为209,987.68万元、236,345.17万元和281,747.13万元。", "spo_list": [{"predicate": "总营业成本", "object_type": "金额", "subject_type": "日期", "object": "209,987.68万元", "subject": "2012年", "subject_index": {"begin": 0, "end": 5}, "object_index": {"begin": 29, "end": 41}}, {"predicate": "总营业成本", "object_type": "金额", "subject_type": "日期", "object": "236,345.17万元", "subject": "2013年", "subject_index": {"begin": 6, "end": 11}, "object_index": {"begin": 42, "end": 54}}, {"predicate": "总营业成本", "object_type": "金额", "subject_type": "日期", "object": "281,747.13万元", "subject": "2014年", "subject_index": {"begin": 12, "end": 17}, "object_index": {"begin": 55, "end": 67}}]}
{"text": "2012年、2013年及2014年，本公司归属于母公司所有者的非经常性损益的影响数分别为172.09万元、761.51万元和1,668.80万元。以上影响数额，分别占同期公司归属于母公司股东的净利润的1.60%、5.97%与12.97%。2012年、2013年和2014年非经常性损益主要为政府补助。2014年非经常性损益增加主要源于公司子公司河南宝钢制罐有限公司收到的开办费用支出补贴和上海印铁项目的研发补助资金。总体来说，非经常性损益对本公司盈利能力的稳定性不造成重大影响。", "spo_list": [{"predicate": "非经常性损益", "object_type": "金额", "subject_type": "日期", "object": "172.09万元", "subject": "2012年", "subject_index": {"begin": 0, "end": 5}, "object_index": {"begin": 44, "end": 52}}, {"predicate": "非经常性损益", "object_type": "金额", "subject_type": "日期", "object": "761.51万元", "subject": "2013年", "subject_index": {"begin": 6, "end": 11}, "object_index": {"begin": 53, "end": 61}}, {"predicate": "非经常性损益", "object_type": "金额", "subject_type": "日期", "object": "1,668.80万元", "subject": "2014年", "subject_index": {"begin": 12, "end": 17}, "object_index": {"begin": 62, "end": 72}}]}
{"text": "2012年、2013年及2014年，本公司筹资活动产生的现金流量净额分别为84,446.41万元、-23,966.45万元和41,110.31万元。", "spo_list": [{"predicate": "公司筹资活动产生的现金流量净额", "object_type": "金额", "subject_type": "日期", "object": "84,446.41万元", "subject": "2012年", "subject_index": {"begin": 0, "end": 5}, "object_index": {"begin": 37, "end": 48}}, {"predicate": "公司筹资活动产生的现金流量净额", "object_type": "金额", "subject_type": "日期", "object": "-23,966.45万元", "subject": "2013年", "subject_index": {"begin": 6, "end": 11}, "object_index": {"begin": 49, "end": 61}}, {"predicate": "公司筹资活动产生的现金流量净额", "object_type": "金额", "subject_type": "日期", "object": "41,110.31万元", "subject": "2014年", "subject_index": {"begin": 12, "end": 17}, "object_index": {"begin": 62, "end": 73}}]}
{"text": "根据2012年7月23日召开的第三届董事会第四次会议及2012年8月7日召开的2012年第四次临时股东大会决议，宝钢包装归属2011年4月1日起至2012年1月31日期间实现未分配利润9,144.61万元，计提法定盈余公积914.46万元后实际应分配给股东的利润为8,230.15万元，由宝钢金属和宝通制品按宝钢包装增资前的持股比例进行分配。", "spo_list": [{"predicate": "未分配利润", "object_type": "金额", "subject_type": "日期", "object": "9,144.61万元", "subject": "2011年4月1日起至2012年1月31日", "subject_index": {"begin": 62, "end": 83}, "object_index": {"begin": 92, "end": 102}}]}
{"text": "2008年7月14日，中瑞岳华会计师事务所有限公司上海分所出具了中瑞岳华沪验字[2008]第040号《验资报告》，验证截至2008年7月9日止，宝印金属彩涂已收到宝钢金属缴纳的新增注册资本（实收资本）合计人民币4,900万元，均为货币资金出资。", "spo_list": [{"predicate": "截止日期", "object_type": "日期", "subject_type": "报告", "object": "2008年7月9日止", "subject": "中瑞岳华沪验字[2008]第040号《验资报告》", "subject_index": {"begin": 32, "end": 56}, "object_index": {"begin": 61, "end": 71}}]}
{"text": "根据上海立信资产评估有限公司于2012年3月22日出具的《上海宝钢制盖有限公司股权转让项目整体资产评估报告书》（信资评报字(2012)第133号），截至2011年11月30日，宝钢制盖总资产为28,322.93万元，总负债为18,113.09万元，净资产为10,209.84万元。上述评估结果已完成国务院国有资产监督管理委员会备案（《国有资产评估项目备案表》，备案编号：260820120020068）。", "spo_list": [{"predicate": "截止日期", "object_type": "日期", "subject_type": "报告", "object": "2011年11月30日", "subject": "《上海宝钢制盖有限公司股权转让项目整体资产评估报告书》（信资评报字(2012)第133号）", "subject_index": {"begin": 28, "end": 73}, "object_index": {"begin": 76, "end": 87}}]}
{"text": "2012年7月26日，北京中企华资产评估有限责任公司出具中企华评报字（2012）第3352-01号《宝钢金属有限公司拟将其持有的上海宝翼制罐有限公招股说明书1-1-77司股权转让给上海宝钢包装股份有限公司项目评估报告》，确认截至2012年5月31日，上海宝翼经评估的净资产为27,450.29万元。", "spo_list": [{"predicate": "截止日期", "object_type": "日期", "subject_type": "报告", "object": "2012年5月31日", "subject": "《宝钢金属有限公司拟将其持有的上海宝翼制罐有限公招股说明书1-1-77司股权转让给上海宝钢包装股份有限公司项目评估报告》", "subject_index": {"begin": 49, "end": 109}, "object_index": {"begin": 114, "end": 124}}]}
{"text": "根据上海立信资产评估有限公司出具的信资评报字(2012)第278号《越南宝钢制罐有限公司股权转让项目股东全部权益资产评估报告书》（已完成国有资产评估项目备案，备案编号：260820120061205），截止至2012年6月30日，越南制罐经评估的总资产为22,421.29万元，总负债为-244.86万元，净资产为22,666.15万元。", "spo_list": [{"predicate": "截止日期", "object_type": "日期", "subject_type": "报告", "object": "2012年6月30日", "subject": "《越南宝钢制罐有限公司股权转让项目股东全部权益资产评估报告书》", "subject_index": {"begin": 33, "end": 64}, "object_index": {"begin": 104, "end": 114}}]}
{"text": "2008年7月14日，中瑞岳华会计师事务所有限公司上海分所出具了中瑞岳华沪验字[2008]第040号《验资报告》，验证截至2008年7月9日，宝印金属彩涂已收到宝钢金属缴纳的新增注册资本（实收资本）合计人民币4,900万元，均为货币资金出资。增资完成后，公司累计注册资本为人民币13,642万元，实收资本为人民币13,642万元。", "spo_list": [{"predicate": "截止日期", "object_type": "日期", "subject_type": "报告", "object": "2008年7月9日", "subject": "[2008]第040号《验资报告》", "subject_index": {"begin": 39, "end": 56}, "object_index": {"begin": 61, "end": 70}}]}
{"text": "2010年12月27日，中审亚太会计师事务所有限公司出具了中审亚太验字[2010]第070013号《验资报告》，验证截至2010年12月27日包装有限已收到全体股东以其拥有的公司净资产729,516,059.66元按1:0.685385871的比例折合的股本5亿元，另本次改制时一并投入的净资产人民币229,516,059.66元作为资本公积。该验资经中瑞岳华会计师事务所（特殊普通合伙）复核并出具《关于上海宝钢包装股份有限公司注册资本变动验资专项复核报告》（中瑞岳华专审字[2012]第2473号）。", "spo_list": [{"predicate": "截止日期", "object_type": "日期", "subject_type": "报告", "object": "2010年12月27日", "subject": "验字[2010]第070013号《验资报告》", "subject_index": {"begin": 33, "end": 55}, "object_index": {"begin": 60, "end": 71}}]}
{"text": "2012年末、2013年末及2014年末，公司负债合计分别为244,801.45万招股说明书1-1-400元、258,330.48万元和331,827.33万元。流动负债占比分别为89.49%、90.52%和91.76%。公司的流动负债占负债总额的比例在89%-92%之间，较为稳定。报告期内，短期借款为本公司最主要的负债科目，其占负债总额的平均比重为40.38%。", "spo_list": [{"predicate": "流动比率", "object_type": "日期", "subject_type": "比率", "object": "2012年末", "subject": "89.49%", "subject_index": {"begin": 90, "end": 96}, "object_index": {"begin": 0, "end": 6}}, {"predicate": "流动比率", "object_type": "日期", "subject_type": "比率", "object": "2013年末", "subject": "90.52%", "subject_index": {"begin": 97, "end": 103}, "object_index": {"begin": 7, "end": 13}}, {"predicate": "流动比率", "object_type": "日期", "subject_type": "比率", "object": "2014年末", "subject": "91.76%", "subject_index": {"begin": 104, "end": 110}, "object_index": {"begin": 14, "end": 20}}]}
{"text": "2012年、2013年及2014年，本公司投资活动产生的现金流量净额分别为-71,323.93万元、-37,220.51万元和-60,181.04万元，其中，投资活动现金流出主要是购置固定资产、无形资产支付的现金。", "spo_list": [{"predicate": "公司投资活动产生的现金流量净额", "object_type": "金额", "subject_type": "日期", "object": "-71,323.93万元", "subject": "2012年", "subject_index": {"begin": 0, "end": 5}, "object_index": {"begin": 37, "end": 49}}, {"predicate": "公司投资活动产生的现金流量净额", "object_type": "金额", "subject_type": "日期", "object": "-37,220.51万元", "subject": "2013年", "subject_index": {"begin": 6, "end": 11}, "object_index": {"begin": 50, "end": 62}}, {"predicate": "公司投资活动产生的现金流量净额", "object_type": "金额", "subject_type": "日期", "object": "-60,181.04万元", "subject": "2014年", "subject_index": {"begin": 12, "end": 17}, "object_index": {"begin": 63, "end": 75}}]}
{"text": "根据2012年7月23日召开的第三届董事会第四次会议及2012年8月7日召开的2012年第四次临时股东大会决议，宝钢包装归属2011年4月1日起至2012年1月31日期间实现未分配利润9,144.61万元，计提法定盈余公积914.46万元后实际应分配给股东的利润为8,230.15万元，由宝钢金属和宝通制品按宝钢包装增资前的持股比例进行分配。", "spo_list": []}
{"text": "2006年11月30日，中资资产评估有限公司出具了《上海宝钢国际经济贸易有限公司转让上海宝印金属彩涂有限公司股权项目资产评估报告书》（中资评报字[2006]第115号），根据该评估报告，截止2006年6月30日，宝印金属彩涂的净资产评估值为7,940.65万元。该评估结果于2007年6月7日完成国务院国资委备案（《国有资产评估项目备案表》备案编号：20070082）。", "spo_list": [{"predicate": "截止日期", "object_type": "日期", "subject_type": "报告", "object": "2006年6月30日", "subject": "《上海宝钢国际经济贸易有限公司转让上海宝印金属彩涂有限公司股权项目资产评估报告书》", "subject_index": {"begin": 25, "end": 66}, "object_index": {"begin": 95, "end": 105}}, {"predicate": "净资产评估值", "object_type": "金额", "subject_type": "日期", "object": "7,940.65万元", "subject": "2006年11月30日", "subject_index": {"begin": 0, "end": 11}, "object_index": {"begin": 120, "end": 130}}]}
{"text": "2010年12月13日，上海立信资产评估有限公司出具了信资评报字（2010）第337号《上海宝钢包装有限公司改制项目资产评估报告书》，根据该评估报告，包装有限的股东全部权益市场价值为878,664,225.78元，评估基准日为2010年10月31日。2010年12月14日，国务院国有资产监督管理委员会核发了《国有资产评估项目备案表》（备案编号：20100088），完成了对上述资产评估项目的备案手续。2010年12月26日，国务院国有资产监督管理委员会出具了《关于上海宝钢包装股份有限公司国有股权管理有关问题的批复》（国资产权[2010]1478号），对包装有限整体变更设立宝钢包装的国有股权管理方案进行了批复确认。", "spo_list": [{"predicate": "股东权益评估值", "object_type": "金额", "subject_type": "日期", "object": "878,664,225.78元", "subject": "2010年12月13日", "subject_index": {"begin": 0, "end": 11}, "object_index": {"begin": 91, "end": 106}}]}
{"text": "2012年1月18日，上海众华沪银会计师事务所有限公司出具了沪众会验字(2012)第0746号《验资报告》，验证截至2012年1月17日，本公司已收到北京和谐成长投资中心、金石投资有限公司、北京艾尔酒业集团有限公司、华宝投资有限公司及上海欧海投资合伙企业缴纳的资金总额合计人民币30,250万元，均以货币出资。该验资经中瑞岳华会计师事务所（特殊普通合伙）复核并出具《关于上海宝钢包装股份有限公司注册资本变动验资专项复核报告》（中瑞岳华专审字[2012]第2473号）。", "spo_list": [{"predicate": "截止日期", "object_type": "日期", "subject_type": "报告", "object": "2012年1月17日", "subject": "《验资报告》", "subject_index": {"begin": 47, "end": 53}, "object_index": {"begin": 58, "end": 68}}]}
{"text": "根据中瑞岳华沪审字[2010]第070号《审计报告》，截至2009年12月31日止，佛山制罐总资产为418,896,528.29元，总负债为252,812,505.41元，净资产为166,084,022.88元。", "spo_list": [{"predicate": "截止日期", "object_type": "日期", "subject_type": "报告", "object": "2009年12月31日", "subject": "《审计报告》", "subject_index": {"begin": 20, "end": 26}, "object_index": {"begin": 29, "end": 40}}]}
{"text": "根据北京中企华资产评估有限公司出具的中企华评报字（2012）第3352-01号评估报告（已完成国有资产评估项目备案，备案编号：260820120051204），截至2012年5月31日，宝翼制罐经评估的总资产为49,393.06万元，总负债为21,942.77万元，净资产为27,450.29万元。", "spo_list": [{"predicate": "截止日期", "object_type": "日期", "subject_type": "报告", "object": "2012年5月31日", "subject": "（2012）第3352-01号评估报告（已完成国有资产评估项目备案，备案编号：260820120051204）", "subject_index": {"begin": 24, "end": 79}, "object_index": {"begin": 82, "end": 92}}]}
{"text": "根据2013年5月31日北京中企华资产评估有限责任公司出具的《宝钢金属有限公司下属子公司拟收购NewmetalS.r.l.股权项目评估报告》（中企华评报字(2013)第3190号），确认截至评估基准日2013年3月5日，NewmetalS.r.l.净资产的评估价值为866.11万欧元。", "spo_list": [{"predicate": "截止日期", "object_type": "日期", "subject_type": "报告", "object": "2013年3月5日", "subject": "《宝钢金属有限公司下属子公司拟收购NewmetalS.r.l.股权项目评估报告》（中企华评报字(2013)第3190号）", "subject_index": {"begin": 30, "end": 90}, "object_index": {"begin": 100, "end": 109}}]}
{"text": "2010年4月13日，中瑞岳华会计师事务所有限公司上海分所出具了中瑞岳华沪验字[2010]第027号《验资报告》，验证截至2010年4月13日止，包装有限已收到宝钢金属缴纳的新增注册资本（实收资本）合计人民币33,278万元，招股说明书1-1-82均以货币出资，变更后累计注册资本人民币46,920万元，实收资本46,920万元。该验资经中瑞岳华会计师事务所（特殊普通合伙）复核并出具《关于上海宝钢包装股份有限公司注册资本变动验资专项复核报告》（中瑞岳华专审字[2012]第2473号）。", "spo_list": [{"predicate": "截止日期", "object_type": "日期", "subject_type": "报告", "object": "2010年4月13日", "subject": "《验资报告》", "subject_index": {"begin": 50, "end": 56}, "object_index": {"begin": 61, "end": 71}}]}
{"text": "2013年度公司前五大供应商与2012年相比，增加了力达铝业（深圳）有限公司、NovelisKoreaLimited及HULAMINLIMITED。2013年，公司向力达铝业（深圳）有限公司采购金额为9,058.73万元，占当期营业成本的3.83%；向NovelisKoreaLimited采购金额为7,849.44万元，占当期营业成本的3.32%；向HULAMINLIMITED采购金额为7,781.39万元，占当期营业成本的3.29%。", "spo_list": [{"predicate": "研发费用", "object_type": "金额", "subject_type": "日期", "object": "9,058.73万元", "subject": "2013年度", "subject_index": {"begin": 0, "end": 6}, "object_index": {"begin": 100, "end": 110}}, {"predicate": "财务费用", "object_type": "金额", "subject_type": "日期", "object": "7,849.44万元", "subject": "2013年", "subject_index": {"begin": 74, "end": 79}, "object_index": {"begin": 150, "end": 160}}, {"predicate": "财务费用", "object_type": "金额", "subject_type": "日期", "object": "7,781.39万元", "subject": "2013年", "subject_index": {"begin": 74, "end": 79}, "object_index": {"begin": 195, "end": 205}}]}
{"text": "2010年公司整体变更时，上海立信资产评估有限公司对包装有限以2010年10月31日为基准日进行了评估，并出具了信资评报字（2010）第337号《上海宝钢包装有限公司改制项目资产评估报告书》。根据评估结果，包装有限的股东权益价值为878,664,225.78元。该评估结果已经于2010年12月14日得到国务院国资委的备案（备案编号：20100088）。", "spo_list": [{"predicate": "股东权益评估值", "object_type": "金额", "subject_type": "日期", "object": "878,664,225.78元", "subject": "2010年", "subject_index": {"begin": 0, "end": 5}, "object_index": {"begin": 115, "end": 130}}]}
{"text": "2014年12月31日，公司的所有权受到限制的货币资金为人民币430.94万元，均为公司向银行申请开具无条件、不可撤销的银行承兑汇票、履约保函、信用证等所存入的保证金存款等。", "spo_list": [{"predicate": "货币资金", "object_type": "金额", "subject_type": "日期", "object": "430.94万元", "subject": "2014年12月31日", "subject_index": {"begin": 0, "end": 11}, "object_index": {"begin": 31, "end": 39}}]}
{"text": "2012-2014年，公司一年以上的应收账款金额分别为409.50万元、454.64招股说明书1-1-383万元和318.29万元，公司各年末坏账准备的余额分别是562.42万元、530.36和689.02万元，均超出一年以上的应收账款余额，公司的坏账准备计提充分。", "spo_list": [{"predicate": "坏账准备", "object_type": "金额", "subject_type": "日期", "object": "689.02万元", "subject": "2012-2014年", "subject_index": {"begin": 0, "end": 10}, "object_index": {"begin": 97, "end": 105}}, {"predicate": "坏账准备", "object_type": "金额", "subject_type": "日期", "object": "530.36", "subject": "2012-2014年", "subject_index": {"begin": 0, "end": 10}, "object_index": {"begin": 90, "end": 96}}, {"predicate": "坏账准备", "object_type": "金额", "subject_type": "日期", "object": "562.42万元", "subject": "2012-2014年", "subject_index": {"begin": 0, "end": 10}, "object_index": {"begin": 81, "end": 89}}]}
{"text": "2012年末、2013年末及2014年末，原材料的跌价准备分别为1,104.62万元、892.45万元和854.13万元，计提比例分别为3.12%、2.57%和2.59%，主要系报告期内产品的更新换代，老款产品市场价格下降，导致产成品相关的原材料的可变现净值低于存货成本，以及生产线更新，原备品备件不再适用等。", "spo_list": [{"predicate": "存货跌价准备", "object_type": "金额", "subject_type": "日期", "object": "854.13万元", "subject": "2014年末", "subject_index": {"begin": 14, "end": 20}, "object_index": {"begin": 52, "end": 60}}, {"predicate": "存货跌价准备", "object_type": "金额", "subject_type": "日期", "object": "892.45万元", "subject": "2013年末", "subject_index": {"begin": 7, "end": 13}, "object_index": {"begin": 43, "end": 51}}, {"predicate": "存货跌价准备", "object_type": "金额", "subject_type": "日期", "object": "1,104.62万元", "subject": "2012年末", "subject_index": {"begin": 0, "end": 6}, "object_index": {"begin": 32, "end": 42}}]}
{"text": "2012年、2013年及2014年，本公司经营活动产生的现金流量净额分别为5,680.24万元、60,611.22万元和32,115.77万元，2012年、2013年及2014年经营性现金流量净额均为正，其中，销售商品、提供劳务收到的现金分别为281,291.55万元、342,141.76万元和368,917.07万元，占当期营业收入的比重分别为108.89%、117.46%和106.50%，本公司货款回收状况良好。", "spo_list": [{"predicate": "公司经营活动产生的现金流量净额", "object_type": "金额", "subject_type": "日期", "object": "32,115.77万元", "subject": "2014年", "subject_index": {"begin": 12, "end": 17}, "object_index": {"begin": 60, "end": 71}}, {"predicate": "公司经营活动产生的现金流量净额", "object_type": "金额", "subject_type": "日期", "object": "60,611.22万元", "subject": "2013年", "subject_index": {"begin": 6, "end": 11}, "object_index": {"begin": 48, "end": 59}}, {"predicate": "公司经营活动产生的现金流量净额", "object_type": "金额", "subject_type": "日期", "object": "5,680.24万元", "subject": "2012年", "subject_index": {"begin": 0, "end": 5}, "object_index": {"begin": 37, "end": 47}}]}
