{"text": "发行人销售给关联方的销货金额2001年为6149.2万元，2000年为8769.03万元，1999年为3933.08万元，1998年为2085.37万元，占发行人当年销货总额的比例分别为16.15%、27.34%、17.59%和8.67%。2000年比例较高的原因是2000年7月以前销售给宝色厂的钛板坯128.76吨、货值1293.6万元，此项业务在2000年7月以后改为加工承揽方式进行。", "spo_list": [{"predicate": "营业收入", "object_type": "金额", "subject_type": "日期", "object": "6149.2万元", "subject": "2001年", "subject_index": {"begin": 14, "end": 19}, "object_index": {"begin": 20, "end": 28}}, {"predicate": "营业收入", "object_type": "金额", "subject_type": "日期", "object": "8769.03万元", "subject": "2000年", "subject_index": {"begin": 29, "end": 34}, "object_index": {"begin": 35, "end": 44}}, {"predicate": "营业收入", "object_type": "金额", "subject_type": "日期", "object": "3933.08万元", "subject": "1999年", "subject_index": {"begin": 45, "end": 50}, "object_index": {"begin": 51, "end": 60}}, {"predicate": "营业收入", "object_type": "金额", "subject_type": "日期", "object": "2085.37万元", "subject": "1998年", "subject_index": {"begin": 61, "end": 66}, "object_index": {"begin": 67, "end": 76}}]}
{"text": "周春培先生，1944年2月出生，工程师。曾任宝色厂运输处副处长、处长，厂销售处处长、本公司副总经理、宝色厂副厂长。", "spo_list": [{"predicate": "出生日期", "object_type": "日期", "subject_type": "人物", "object": "1944年2月", "subject": "周春培", "subject_index": {"begin": 0, "end": 3}, "object_index": {"begin": 6, "end": 13}}, {"predicate": "任职公司", "object_type": "公司", "subject_type": "人物", "object": "宝色厂", "subject": "周春培", "subject_index": {"begin": 0, "end": 3}, "object_index": {"begin": 22, "end": 25}}]}
{"text": "徐长友先生，独立董事，1959年10月出生，经济学博士。曾在陕西财经学院从事过研究生招生分配及教学管理工作。曾在陕西证监会、中国证监会从事证券监管工作。", "spo_list": [{"predicate": "出生日期", "object_type": "日期", "subject_type": "人物", "object": "1959年10月", "subject": "徐长友", "subject_index": {"begin": 0, "end": 3}, "object_index": {"begin": 11, "end": 19}}, {"predicate": "任职公司", "object_type": "公司", "subject_type": "人物", "object": "陕西财经学院", "subject": "徐长友", "subject_index": {"begin": 0, "end": 3}, "object_index": {"begin": 30, "end": 36}}, {"predicate": "任职公司", "object_type": "公司", "subject_type": "人物", "object": "陕西证监会", "subject": "徐长友", "subject_index": {"begin": 0, "end": 3}, "object_index": {"begin": 56, "end": 61}}, {"predicate": "任职公司", "object_type": "公司", "subject_type": "人物", "object": "中国证监会", "subject": "徐长友", "subject_index": {"begin": 0, "end": 3}, "object_index": {"begin": 62, "end": 67}}]}
{"text": "闫长安先生，1949年8月出生，高级技师。曾任宝色厂轧管工、调度等职。1997年获陕西省“十大杰出能工巧匠”荣誉称号。", "spo_list": [{"predicate": "出生日期", "object_type": "日期", "subject_type": "人物", "object": "1949年8月", "subject": "闫长安", "subject_index": {"begin": 0, "end": 3}, "object_index": {"begin": 6, "end": 13}}, {"predicate": "任职公司", "object_type": "公司", "subject_type": "人物", "object": "宝色厂", "subject": "闫长安", "subject_index": {"begin": 0, "end": 3}, "object_index": {"begin": 23, "end": 26}}]}
{"text": "王建平先生，副总经理，1958年4月出生，大专文化，高级工程师。曾任宝色厂二分厂二工段副段长、段长、二分厂副厂长、厂长、宝色厂人事劳资部主任等职。", "spo_list": [{"predicate": "出生日期", "object_type": "日期", "subject_type": "人物", "object": "1958年4月", "subject": "王建平", "subject_index": {"begin": 0, "end": 3}, "object_index": {"begin": 11, "end": 18}}, {"predicate": "任职公司", "object_type": "公司", "subject_type": "人物", "object": "宝色厂二分厂", "subject": "王建平", "subject_index": {"begin": 0, "end": 3}, "object_index": {"begin": 34, "end": 40}}]}
{"text": "胡宗式先生，1941年4月出生，大学文化，成绩优异高级工程师。其“TA6板材及TA7板材、环材轧制件与模锻件的研制与应用研究”获中国有色金属工业总公司三等奖。曾任宝色厂五分厂副厂长。", "spo_list": [{"predicate": "出生日期", "object_type": "日期", "subject_type": "人物", "object": "1941年4月", "subject": "胡宗式", "subject_index": {"begin": 0, "end": 3}, "object_index": {"begin": 6, "end": 13}}, {"predicate": "大专", "object_type": "学历", "subject_type": "人物", "object": "大学", "subject": "胡宗式", "subject_index": {"begin": 0, "end": 3}, "object_index": {"begin": 16, "end": 18}}, {"predicate": "任职公司", "object_type": "公司", "subject_type": "人物", "object": "宝色厂五分厂", "subject": "胡宗式", "subject_index": {"begin": 0, "end": 3}, "object_index": {"begin": 81, "end": 87}}]}
{"text": "截止2001年12月31日，发行人经审计后的总资产为59,443.50万元，总负债为33,357.52万元，股东权益为26,085.98万元，资产负债率为56.12%，资产质量状况优良，资产负债结构合理，2001年度经营活动产生的现金流量净额为1,751.82万元，可以支付筹资费用所需现金，可用于支付公司负债，说明公司具有一定的偿债能力。公司一直从事钛材的研制、开发与生产，具有丰富成熟的经验，收入和盈利能力具有连续性和稳定性，总体呈上升趋势。发行人生产的常规产品具有较强竞争力，盈利水平稳定；生产的新材料具有较高附加值，盈利空间较大。随着中国加入WTO，发行人市场占有率将受到一定程度的影响，发行人通过提高装备水平，提供高质量低成本的产品，将会使这种影响降低到最低程度。", "spo_list": [{"predicate": "总资产", "object_type": "金额", "subject_type": "日期", "object": "59,443.50万元", "subject": "2001年12月31日", "subject_index": {"begin": 2, "end": 13}, "object_index": {"begin": 26, "end": 37}}, {"predicate": "总负债", "object_type": "金额", "subject_type": "日期", "object": "33,357.52万元", "subject": "2001年12月31日", "subject_index": {"begin": 2, "end": 13}, "object_index": {"begin": 42, "end": 53}}, {"predicate": "资产负债率", "object_type": "日期", "subject_type": "比率", "object": "2001年12月31日", "subject": "56.12%", "subject_index": {"begin": 77, "end": 83}, "object_index": {"begin": 2, "end": 13}}]}
{"text": "公司近三年的主要固定资产变化情况为：2000年12月投入使用的辗环机（涉及金额933.5万元）和辗环机用厂房（面积6968.08平方米，金额931.32万元）。真空自耗炉在2000年末电源改造增加164.51万元。", "spo_list": [{"predicate": "固定资产", "object_type": "金额", "subject_type": "日期", "object": "933.5万元", "subject": "2000年12月", "subject_index": {"begin": 18, "end": 26}, "object_index": {"begin": 39, "end": 46}}, {"predicate": "固定资产", "object_type": "金额", "subject_type": "日期", "object": "931.32万元", "subject": "2000年12月", "subject_index": {"begin": 18, "end": 26}, "object_index": {"begin": 70, "end": 78}}, {"predicate": "财务费用", "object_type": "金额", "subject_type": "日期", "object": "164.51万元。", "subject": "2000年末", "subject_index": {"begin": 86, "end": 92}, "object_index": {"begin": 98, "end": 107}}]}
{"text": "本公司和南京宝色钛业有限公司1999年4月12日签署的合同、2001年10月30日修改，2001年发生的交易情况见下表：", "spo_list": [{"predicate": "变更日期", "object_type": "日期", "subject_type": "公司", "object": "2001年10月30日", "subject": "南京宝色钛业有限公司", "subject_index": {"begin": 4, "end": 14}, "object_index": {"begin": 30, "end": 41}}]}
{"text": "颜学柏先生，1962年4月生，硕士，高级工程师。曾任西北有色金属研究院复合所副所长、副院长、宝色厂副厂长等职。现任宝色厂厂长、西北锆管有限公司董事长、上海远东钛设备公司董事长。", "spo_list": [{"predicate": "出生日期", "object_type": "日期", "subject_type": "人物", "object": "1962年4月", "subject": "颜学柏", "subject_index": {"begin": 0, "end": 3}, "object_index": {"begin": 6, "end": 13}}, {"predicate": "任职公司", "object_type": "公司", "subject_type": "人物", "object": "西北有色金属研究院", "subject": "颜学柏", "subject_index": {"begin": 0, "end": 3}, "object_index": {"begin": 26, "end": 35}}, {"predicate": "任职公司", "object_type": "公司", "subject_type": "人物", "object": "宝色厂", "subject": "颜学柏", "subject_index": {"begin": 0, "end": 3}, "object_index": {"begin": 46, "end": 49}}, {"predicate": "任职公司", "object_type": "公司", "subject_type": "人物", "object": "西北锆管有限公司", "subject": "颜学柏", "subject_index": {"begin": 0, "end": 3}, "object_index": {"begin": 63, "end": 71}}, {"predicate": "任职公司", "object_type": "公司", "subject_type": "人物", "object": "上海远东钛设备公司", "subject": "颜学柏", "subject_index": {"begin": 0, "end": 3}, "object_index": {"begin": 75, "end": 84}}]}
{"text": "王绍棠先生，1942年3月出生，高级政工师。曾任宝色厂第五研究室党支部书记、运输科党支部书记、子弟学校党支部书记、厂工会主席等职。现任宝鸡难熔金属材料有限责任公司监事。", "spo_list": [{"predicate": "出生日期", "object_type": "日期", "subject_type": "人物", "object": "1942年3月", "subject": "王绍棠", "subject_index": {"begin": 0, "end": 3}, "object_index": {"begin": 6, "end": 13}}, {"predicate": "任职公司", "object_type": "公司", "subject_type": "人物", "object": "宝色厂", "subject": "王绍棠", "subject_index": {"begin": 0, "end": 3}, "object_index": {"begin": 24, "end": 27}}, {"predicate": "任职公司", "object_type": "公司", "subject_type": "人物", "object": "子弟学校", "subject": "王绍棠", "subject_index": {"begin": 0, "end": 3}, "object_index": {"begin": 47, "end": 51}}, {"predicate": "任职公司", "object_type": "公司", "subject_type": "人物", "object": "宝鸡难熔金属材料有限责任公司", "subject": "王绍棠", "subject_index": {"begin": 0, "end": 3}, "object_index": {"begin": 67, "end": 81}}]}
{"text": "刘海滨先生，1958年12月出生，政工师。曾任宝色厂、西北有色金属研究院监察处副处长等职。现兼任宝色厂监察处处长、西北锆管有限责任公司监事。", "spo_list": [{"predicate": "出生日期", "object_type": "日期", "subject_type": "人物", "object": "1958年12月", "subject": "刘海滨", "subject_index": {"begin": 0, "end": 3}, "object_index": {"begin": 6, "end": 14}}, {"predicate": "任职公司", "object_type": "公司", "subject_type": "人物", "object": "宝色厂", "subject": "刘海滨", "subject_index": {"begin": 0, "end": 3}, "object_index": {"begin": 23, "end": 26}}, {"predicate": "任职公司", "object_type": "公司", "subject_type": "人物", "object": "西北有色金属研究院", "subject": "刘海滨", "subject_index": {"begin": 0, "end": 3}, "object_index": {"begin": 27, "end": 36}}, {"predicate": "任职公司", "object_type": "公司", "subject_type": "人物", "object": "西北锆管有限责任公司", "subject": "刘海滨", "subject_index": {"begin": 0, "end": 3}, "object_index": {"begin": 57, "end": 67}}]}
{"text": "窦永庆先生，副总工程师，1941年12月出生，大学文化，成绩优异高级工程师。其“残钛回收工艺研究”成果获中国有色金属工业总公司科技进步二等奖，其“高强高韧性Ti-1023钛合金棒材研制”成果获中国有色金属工业总公司科技进步三等奖。", "spo_list": [{"predicate": "出生日期", "object_type": "日期", "subject_type": "人物", "object": "1941年12月", "subject": "窦永庆", "subject_index": {"begin": 0, "end": 3}, "object_index": {"begin": 12, "end": 20}}, {"predicate": "本科", "object_type": "学历", "subject_type": "人物", "object": "大学", "subject": "窦永庆", "subject_index": {"begin": 0, "end": 3}, "object_index": {"begin": 23, "end": 25}}]}
{"text": "本公司于1999年7月21日成立，当日第一次董事会会议以投票表决方式选举陈义超为公司董事长，聘任颜学柏为公司总经理，胡清熊、周春培为常务副总经理。2000年5月8日召开第三次董事会会议，根据公司最大股东宝色厂法定代表人变化情况，选举颜学柏为公司董事长。为了规范运作，公司于2000年6月17日召开了临时董事会会议，同意在母公司兼职的颜学柏、胡清熊和周春培同志分别辞去总经理和常务副总经理的请求；聘任汪汉臣为公司总经理。9月9日在第一届董事会第六次会议上，选举孙峰为公司副董事长，聘任王建平为公司副总经理。2000年9月10日临时股东大会选举曹春晓为公司独立董事，周廉为公司董事，并决议将公司董事会由7人改为由9人组成。在2001年10月26日召开的公司第一届董事会第二次临时会议上，董事会同意颜学柏的辞去公司董事长的请求，同时选举胡清熊为公司董事长。", "spo_list": [{"predicate": "任职日期", "object_type": "日期", "subject_type": "人物", "object": "1999年7月21日", "subject": "陈义超", "subject_index": {"begin": 36, "end": 39}, "object_index": {"begin": 4, "end": 14}}, {"predicate": "任职日期", "object_type": "日期", "subject_type": "人物", "object": "1999年7月21日", "subject": "颜学柏", "subject_index": {"begin": 48, "end": 51}, "object_index": {"begin": 4, "end": 14}}, {"predicate": "任职日期", "object_type": "日期", "subject_type": "人物", "object": "1999年7月21日", "subject": "胡清熊", "subject_index": {"begin": 58, "end": 61}, "object_index": {"begin": 4, "end": 14}}, {"predicate": "任职日期", "object_type": "日期", "subject_type": "人物", "object": "1999年7月21日", "subject": "周春培", "subject_index": {"begin": 62, "end": 65}, "object_index": {"begin": 4, "end": 14}}, {"predicate": "任职日期", "object_type": "日期", "subject_type": "人物", "object": "2000年5月8日", "subject": "颜学柏", "subject_index": {"begin": 116, "end": 119}, "object_index": {"begin": 73, "end": 82}}, {"predicate": "任职日期", "object_type": "日期", "subject_type": "人物", "object": "2000年6月17日", "subject": "汪汉臣", "subject_index": {"begin": 199, "end": 202}, "object_index": {"begin": 136, "end": 146}}, {"predicate": "任职日期", "object_type": "日期", "subject_type": "人物", "object": "9月9日", "subject": "孙峰", "subject_index": {"begin": 229, "end": 231}, "object_index": {"begin": 209, "end": 213}}, {"predicate": "任职日期", "object_type": "日期", "subject_type": "人物", "object": "9月9日", "subject": "王建平", "subject_index": {"begin": 241, "end": 244}, "object_index": {"begin": 209, "end": 213}}, {"predicate": "任职日期", "object_type": "日期", "subject_type": "人物", "object": "2000年9月10日", "subject": "曹春晓", "subject_index": {"begin": 270, "end": 273}, "object_index": {"begin": 252, "end": 262}}, {"predicate": "任职日期", "object_type": "日期", "subject_type": "人物", "object": "2000年9月10日", "subject": "周廉", "subject_index": {"begin": 281, "end": 283}, "object_index": {"begin": 252, "end": 262}}, {"predicate": "任职日期", "object_type": "日期", "subject_type": "人物", "object": "2001年10月26日", "subject": "胡清熊", "subject_index": {"begin": 365, "end": 368}, "object_index": {"begin": 310, "end": 321}}]}
{"text": "《注册商标使用许可合同》，本公司与宝色厂于2001年6月12日签订。在本公司改制设立时，宝色厂曾把“秦峰”牌商标无偿转让给本公司，相关转让手续已办理完毕。根据该合同宝色厂可以在有效期届满前无偿使用“秦峰”牌商标，具体使用范围是在钨、钼、锆、钽、铪、镍的生产、销售及宣传活动。", "spo_list": [{"predicate": "转让日期", "object_type": "日期", "subject_type": "公司", "object": "2001年6月12日", "subject": "宝色厂", "subject_index": {"begin": 44, "end": 47}, "object_index": {"begin": 21, "end": 31}}]}
{"text": "本公司与宝鸡中色特种金属有限责任公司2000年7月12日签署的合同、2001年10月30日修改，2001年发生的交易情况见下表：", "spo_list": []}
{"text": "发行人从关联方的购货金额2001年为1543.90万元，2000年为6949.49万元，1999年为4004.75万元，1998年为2533.27万元，占发行人当年购货总额的比例分别为7.59%、30.75%、20.31%和12.63%。2000年比例较高的原因是有两项非正常因素：一是公司向宝色厂购买退回的钛产品179.28吨、货值2625.55万元；二是2000年7月以前购买宝色厂加工的宽幅钛板113.17吨、货值2098.55万元，此项业务在2000年7月以后改为加工承揽方式进行。", "spo_list": [{"predicate": "财务费用", "object_type": "金额", "subject_type": "日期", "object": "1543.90万元", "subject": "2001年", "subject_index": {"begin": 12, "end": 17}, "object_index": {"begin": 18, "end": 27}}, {"predicate": "财务费用", "object_type": "金额", "subject_type": "日期", "object": "6949.49万元", "subject": "2000年", "subject_index": {"begin": 28, "end": 33}, "object_index": {"begin": 34, "end": 43}}, {"predicate": "财务费用", "object_type": "金额", "subject_type": "日期", "object": "4004.75万元", "subject": "1999年", "subject_index": {"begin": 44, "end": 49}, "object_index": {"begin": 50, "end": 59}}, {"predicate": "财务费用", "object_type": "金额", "subject_type": "日期", "object": "2533.27万元", "subject": "1998年", "subject_index": {"begin": 60, "end": 65}, "object_index": {"begin": 66, "end": 75}}]}
{"text": "胡清熊先生，公司董事长，1943年8月出生，大学文化，成绩优异高级工程师（即教授级高工），国家级有突出贡献专家，国务院政府津贴获得者，中国有色金属学会理事、中国有色金属加工协会副理事长、中国钨业协会理事、钼协会副理事长。曾任宝色厂人事劳资处处长、副厂长、本公司副总经理等职。现兼任宝色厂党委书记、总工程师、宝鸡难熔金属材料有限责任公司董事长。", "spo_list": [{"predicate": "出生日期", "object_type": "日期", "subject_type": "人物", "object": "1943年8月", "subject": "胡清熊", "subject_index": {"begin": 0, "end": 3}, "object_index": {"begin": 12, "end": 19}}, {"predicate": "本科", "object_type": "学历", "subject_type": "人物", "object": "大学", "subject": "胡清熊", "subject_index": {"begin": 0, "end": 3}, "object_index": {"begin": 22, "end": 24}}, {"predicate": "任职公司", "object_type": "公司", "subject_type": "人物", "object": "中国有色金属学会", "subject": "胡清熊", "subject_index": {"begin": 0, "end": 3}, "object_index": {"begin": 67, "end": 75}}, {"predicate": "任职公司", "object_type": "公司", "subject_type": "人物", "object": "中国有色金属加工协会", "subject": "胡清熊", "subject_index": {"begin": 0, "end": 3}, "object_index": {"begin": 78, "end": 88}}, {"predicate": "任职公司", "object_type": "公司", "subject_type": "人物", "object": "中国钨业协会", "subject": "胡清熊", "subject_index": {"begin": 0, "end": 3}, "object_index": {"begin": 93, "end": 99}}, {"predicate": "任职公司", "object_type": "公司", "subject_type": "人物", "object": "钼协会", "subject": "胡清熊", "subject_index": {"begin": 0, "end": 3}, "object_index": {"begin": 102, "end": 105}}, {"predicate": "任职公司", "object_type": "公司", "subject_type": "人物", "object": "宝色厂", "subject": "胡清熊", "subject_index": {"begin": 0, "end": 3}, "object_index": {"begin": 112, "end": 115}}, {"predicate": "任职公司", "object_type": "公司", "subject_type": "人物", "object": "宝鸡难熔金属材料有限责任公司", "subject": "胡清熊", "subject_index": {"begin": 0, "end": 3}, "object_index": {"begin": 153, "end": 167}}]}
{"text": "陈义超先生，1942年1月出生，大学文化，成绩优异高级工程师。曾任宝色厂车间主任、分厂厂长、工厂副厂长，后任宝色厂厂长、厂党委书记、西北有色金属研究院院长、院党委书记、本公司董事长等职。现任宝色厂正厂级巡视员。", "spo_list": [{"predicate": "出生日期", "object_type": "日期", "subject_type": "人物", "object": "1942年1月", "subject": "陈义超", "subject_index": {"begin": 0, "end": 3}, "object_index": {"begin": 6, "end": 13}}, {"predicate": "本科", "object_type": "学历", "subject_type": "人物", "object": "大学", "subject": "陈义超", "subject_index": {"begin": 0, "end": 3}, "object_index": {"begin": 16, "end": 18}}, {"predicate": "任职公司", "object_type": "公司", "subject_type": "人物", "object": "宝色厂", "subject": "陈义超", "subject_index": {"begin": 0, "end": 3}, "object_index": {"begin": 33, "end": 36}}, {"predicate": "任职公司", "object_type": "公司", "subject_type": "人物", "object": "西北有色金属研究院", "subject": "陈义超", "subject_index": {"begin": 0, "end": 3}, "object_index": {"begin": 66, "end": 75}}]}
{"text": "胡俊辉先生，1961年10月出生，大学文化，高级工程师。曾任宝色厂基建处副处长、资产部副主任、主任、厂长助理等职。现任宝色厂副厂长、西北锆管有限责任公司董事。", "spo_list": [{"predicate": "出生日期", "object_type": "日期", "subject_type": "人物", "object": "1961年10月", "subject": "胡俊辉", "subject_index": {"begin": 0, "end": 3}, "object_index": {"begin": 6, "end": 14}}, {"predicate": "本科", "object_type": "学历", "subject_type": "人物", "object": "大学", "subject": "胡俊辉", "subject_index": {"begin": 0, "end": 3}, "object_index": {"begin": 17, "end": 19}}, {"predicate": "任职公司", "object_type": "公司", "subject_type": "人物", "object": "宝色厂", "subject": "胡俊辉", "subject_index": {"begin": 0, "end": 3}, "object_index": {"begin": 30, "end": 33}}, {"predicate": "任职公司", "object_type": "公司", "subject_type": "人物", "object": "西北锆管有限责任公司", "subject": "胡俊辉", "subject_index": {"begin": 0, "end": 3}, "object_index": {"begin": 66, "end": 76}}]}
{"text": "张凤洪先生，公司监事会召集人，1946年3月出生，政工师。曾任宝色厂工会办公室主任、物资处党总支书记等职。现兼任宝色厂工会副主席。", "spo_list": [{"predicate": "出生日期", "object_type": "日期", "subject_type": "人物", "object": "1946年3月", "subject": "张凤洪", "subject_index": {"begin": 0, "end": 3}, "object_index": {"begin": 15, "end": 22}}, {"predicate": "任职公司", "object_type": "公司", "subject_type": "人物", "object": "宝色厂", "subject": "张凤洪", "subject_index": {"begin": 0, "end": 3}, "object_index": {"begin": 31, "end": 34}}]}
{"text": "李丰朝先生，1953年6月出生。曾任宝色厂审计室副主任、高级会计师。现兼任宝色厂财务部副主任、南京宝色钛业有限公司监事、西北锆管有限责任公司监事。", "spo_list": [{"predicate": "出生日期", "object_type": "日期", "subject_type": "人物", "object": "1953年6月", "subject": "李丰朝", "subject_index": {"begin": 0, "end": 3}, "object_index": {"begin": 6, "end": 13}}, {"predicate": "任职公司", "object_type": "公司", "subject_type": "人物", "object": "宝色厂", "subject": "李丰朝", "subject_index": {"begin": 0, "end": 3}, "object_index": {"begin": 18, "end": 21}}, {"predicate": "任职公司", "object_type": "公司", "subject_type": "人物", "object": "南京宝色钛业有限公司", "subject": "李丰朝", "subject_index": {"begin": 0, "end": 3}, "object_index": {"begin": 47, "end": 57}}, {"predicate": "任职公司", "object_type": "公司", "subject_type": "人物", "object": "西北锆管有限责任公司", "subject": "李丰朝", "subject_index": {"begin": 0, "end": 3}, "object_index": {"begin": 60, "end": 70}}]}
{"text": "刘洪义先生，副总工程师，1941年12月出生，大学文化，成绩优异高级工程师。1986年其“TA5合金板材、锻件的研制”获中国有色金属工业总公司二等奖；1997年其“金属箔生产用阴极辊”获国家专利。曾任宝色厂五分厂副厂长、厂长。", "spo_list": [{"predicate": "出生日期", "object_type": "日期", "subject_type": "人物", "object": "1941年12月", "subject": "刘洪义", "subject_index": {"begin": 0, "end": 3}, "object_index": {"begin": 12, "end": 20}}, {"predicate": "本科", "object_type": "学历", "subject_type": "人物", "object": "大学", "subject": "刘洪义", "subject_index": {"begin": 0, "end": 3}, "object_index": {"begin": 23, "end": 25}}, {"predicate": "任职公司", "object_type": "公司", "subject_type": "人物", "object": "宝色厂", "subject": "刘洪义", "subject_index": {"begin": 0, "end": 3}, "object_index": {"begin": 100, "end": 103}}]}
{"text": "吕培成先生，副总工程师，1944年2月出生，大学文化，成绩优异高级工程师。其“提高钛材成品率研究”获中国有色金属工业总公司二等奖，其“秦山核电站用锆材研制”获国家科技进步二等奖。曾任宝色厂二分厂副厂长，现任西北锆管有限责任公司董事", "spo_list": [{"predicate": "出生日期", "object_type": "日期", "subject_type": "人物", "object": "1944年2月", "subject": "吕培成", "subject_index": {"begin": 0, "end": 3}, "object_index": {"begin": 12, "end": 19}}, {"predicate": "本科", "object_type": "学历", "subject_type": "人物", "object": "大学", "subject": "吕培成", "subject_index": {"begin": 0, "end": 3}, "object_index": {"begin": 22, "end": 24}}, {"predicate": "任职公司", "object_type": "公司", "subject_type": "人物", "object": "宝色厂", "subject": "吕培成", "subject_index": {"begin": 0, "end": 3}, "object_index": {"begin": 91, "end": 94}}, {"predicate": "任职公司", "object_type": "公司", "subject_type": "人物", "object": "西北锆管有限责任公司", "subject": "吕培成", "subject_index": {"begin": 0, "end": 3}, "object_index": {"begin": 103, "end": 113}}]}
{"text": "公司于2000年9月10日召开临时股东大会，选举现供职于北京航空材料研究院的中国科学院院士曹春晓担任公司独立董事。于2001年12月6日召开的2001年第二次临时股东大会上选举徐长友和王向东担任公司独立董事。至此，公司共有三名独立董事。", "spo_list": [{"predicate": "任职日期", "object_type": "日期", "subject_type": "人物", "object": "2000年9月10日", "subject": "曹春晓", "subject_index": {"begin": 45, "end": 48}, "object_index": {"begin": 3, "end": 13}}, {"predicate": "任职日期", "object_type": "日期", "subject_type": "人物", "object": "2001年12月6日", "subject": "徐长友", "subject_index": {"begin": 88, "end": 91}, "object_index": {"begin": 58, "end": 68}}, {"predicate": "任职日期", "object_type": "日期", "subject_type": "人物", "object": "2001年12月6日", "subject": "王向东", "subject_index": {"begin": 92, "end": 95}, "object_index": {"begin": 58, "end": 68}}]}
{"text": "宝鸡有色金属加工厂根据中国有色金属工业西安公司西色财字（1998）092号“关于申请将宝鸡有色金属加工厂部分固定资产列入特种设备计提折旧的请示报告”并经财政部驻陕西省财政监察专员办事处批复同意，从1999年1月1日起将24台设备列入特种设备，并按照25年折旧年限计提折旧。以上会计政策变更影响1999年1-6月利润增加3,577,783.99元，1999年7-12月利润增加4,260,058.44元，2000年度利润增加8,520,116.88元，2001年度利润增加8,520,116.88元。", "spo_list": [{"predicate": "营业利润", "object_type": "金额", "subject_type": "日期", "object": "3,577,783.99元", "subject": "1999年1-6月", "subject_index": {"begin": 146, "end": 155}, "object_index": {"begin": 159, "end": 172}}, {"predicate": "营业利润", "object_type": "金额", "subject_type": "日期", "object": "4,260,058.44元", "subject": "1999年7-12月", "subject_index": {"begin": 173, "end": 183}, "object_index": {"begin": 187, "end": 200}}, {"predicate": "营业利润", "object_type": "金额", "subject_type": "日期", "object": "8,520,116.88元", "subject": "2000年度", "subject_index": {"begin": 201, "end": 207}, "object_index": {"begin": 211, "end": 224}}, {"predicate": "营业利润", "object_type": "金额", "subject_type": "日期", "object": "8,520,116.88元", "subject": "2001年度", "subject_index": {"begin": 225, "end": 231}, "object_index": {"begin": 235, "end": 248}}]}
{"text": "陕西岳华会计师事务所对宝鸡钛业股份有限公司（筹）截止1999年6月25日的实收股本及相关的资产和负债的真实性和合法性进行了审验，在审验过程中，陕西岳华会计师事务所按照《独立审计实务公告第1号—验资》的要求，实施了必要的审验程序。宝鸡钛业股份有限公司（筹）申请的注册资本为14,008万元，根据陕西岳华会计师事务所的审验，截止1999年6月25日，宝鸡钛业股份有限公司（筹）已收到其发起股东投入的资本21,539.26万元，其中：股本14,008万元，资本公积7,531.26万元。", "spo_list": [{"predicate": "股本", "object_type": "金额", "subject_type": "日期", "object": "4,008万元", "subject": "1999年6月25日", "subject_index": {"begin": 162, "end": 172}, "object_index": {"begin": 217, "end": 224}}, {"predicate": "资本公积", "object_type": "金额", "subject_type": "日期", "object": "531.26万元", "subject": "1999年6月25日", "subject_index": {"begin": 162, "end": 172}, "object_index": {"begin": 231, "end": 239}}]}
{"text": "公司与中国工商银行宝鸡分行签订的借款合同：共七个，签订日期从2000年4月30日至2001年8月6日，借款总金额为18164万元，利率分别按月息5.3625‰（借款期为1年以内）和5.445‰（借款期为1-3年）执行，借款到期日从2002年6月7日至2002年8月5日不等，宝色厂为以上贷款提供担保。", "spo_list": [{"predicate": "短期借款", "object_type": "金额", "subject_type": "日期", "object": "18164万元", "subject": "2000年4月30日至2001年8月6日", "subject_index": {"begin": 30, "end": 50}, "object_index": {"begin": 57, "end": 64}}]}
{"text": "上述供应商中包括宝色厂，为本公司的控股股东，持有本公司发行前98.52%的股权；上述销售客户中包括宝色厂及其下属企业南京宝色钛业有限公司（持有其45.73%的股权）、宝鸡中色特种金属有限责任公司（持有其61.9%的股权）。", "spo_list": [{"predicate": "关联方", "object_type": "公司", "subject_type": "公司", "object": "南京宝色钛业有限公司", "subject": "宝色厂", "subject_index": {"begin": 49, "end": 52}, "object_index": {"begin": 58, "end": 68}}, {"predicate": "关联方", "object_type": "公司", "subject_type": "公司", "object": "宝色厂", "subject": "宝鸡中色特种金属有限责任公司", "subject_index": {"begin": 83, "end": 97}, "object_index": {"begin": 49, "end": 52}}]}
{"text": "《国有土地使用权租赁合同》，宝色厂与本公司于1999年6月8日签订，本公司租用宝色厂的位于宝鸡市渭滨区钛城路1号面积为112,223.35平方米的新区、一区、二区、三区共四宗土地，年租金共为98万元，每年第二季度支付，双方同意合同生效后50年内租金不做调整。租赁价格是依据国家土地管理部门颁布的《城镇国有土地估价规程》的有关规定确定的。本合同项下的土地使用权租赁年限为股份公司成立之日至土地使用权到期之日。", "spo_list": [{"predicate": "其他成本", "object_type": "金额", "subject_type": "日期", "object": "98万元", "subject": "1999年6月8日", "subject_index": {"begin": 22, "end": 31}, "object_index": {"begin": 95, "end": 99}}]}
{"text": "履行公司章程规定的实例：在2000年6月12日召开的99年度股东大会上，关联交易的表决时，宝色厂回避表决，此次关联交易表决获其他与会股东的全票通过。", "spo_list": [{"predicate": "会议召开日期", "object_type": "日期", "subject_type": "公司", "object": "2000年6月12日", "subject": "宝色厂", "subject_index": {"begin": 45, "end": 48}, "object_index": {"begin": 13, "end": 23}}]}
{"text": "孙峰先生，公司副董事长、董事会秘书（兼），1957年12月生，大学文化，高级经济师。曾任宝色厂企业管理处副处长、厂长办公室主任、宝色厂党委副书记、纪委书记等职。", "spo_list": [{"predicate": "出生日期", "object_type": "日期", "subject_type": "人物", "object": "1957年12月", "subject": "孙峰", "subject_index": {"begin": 0, "end": 2}, "object_index": {"begin": 21, "end": 29}}, {"predicate": "本科", "object_type": "学历", "subject_type": "人物", "object": "大学文化", "subject": "孙峰", "subject_index": {"begin": 0, "end": 2}, "object_index": {"begin": 31, "end": 35}}, {"predicate": "任职公司", "object_type": "公司", "subject_type": "人物", "object": "宝色厂", "subject": "孙峰", "subject_index": {"begin": 0, "end": 2}, "object_index": {"begin": 44, "end": 47}}]}
{"text": "周廉先生，1940年3月生，超导和稀有金属材料专家，中国工程院院士、教授、博士生导师。曾被授予“国家有突出贡献的专家”、“全国有色金属工业特等劳动模范”等称号。现任西北有色金属研究院常务副院长、党委书记，中国材料研究学会理事长、中国超导专家委员会首席专家、国际钛会执委等职。", "spo_list": [{"predicate": "出生日期", "object_type": "日期", "subject_type": "人物", "object": "1940年3月", "subject": "周廉", "subject_index": {"begin": 0, "end": 2}, "object_index": {"begin": 5, "end": 12}}, {"predicate": "国籍", "object_type": "国家", "subject_type": "人物", "object": "中国", "subject": "周廉", "subject_index": {"begin": 0, "end": 2}, "object_index": {"begin": 26, "end": 28}}, {"predicate": "任职公司", "object_type": "公司", "subject_type": "人物", "object": "西北有色金属研究院", "subject": "周廉", "subject_index": {"begin": 0, "end": 2}, "object_index": {"begin": 82, "end": 91}}, {"predicate": "任职公司", "object_type": "公司", "subject_type": "人物", "object": "中国材料研究", "subject": "周廉", "subject_index": {"begin": 0, "end": 2}, "object_index": {"begin": 102, "end": 108}}, {"predicate": "任职公司", "object_type": "公司", "subject_type": "人物", "object": "国际钛", "subject": "周廉", "subject_index": {"begin": 0, "end": 2}, "object_index": {"begin": 128, "end": 131}}]}
{"text": "刘长汉先生，1942年11月出生，技师。曾任焊工班长等职，曾被授予全国劳动模范、陕西省劳动模范称号，1998年被评为陕西省十大杰出工人。", "spo_list": [{"predicate": "出生日期", "object_type": "日期", "subject_type": "人物", "object": "1942年11月", "subject": "刘长汉", "subject_index": {"begin": 0, "end": 3}, "object_index": {"begin": 6, "end": 14}}, {"predicate": "任职公司", "object_type": "公司", "subject_type": "人物", "object": "焊工班长", "subject": "刘长汉", "subject_index": {"begin": 0, "end": 3}, "object_index": {"begin": 22, "end": 26}}]}
{"text": "郑海山先生，财务负责人，1964年11月出生，大学文化，高级会计师。曾任宝色厂经济研究室经济师，从事企业发展战略研究工作，后曾任宝色厂财务部副主任等职。", "spo_list": [{"predicate": "出生日期", "object_type": "日期", "subject_type": "人物", "object": "1964年11月", "subject": "郑海山", "subject_index": {"begin": 0, "end": 3}, "object_index": {"begin": 12, "end": 20}}, {"predicate": "本科", "object_type": "学历", "subject_type": "人物", "object": "大学文化", "subject": "郑海山", "subject_index": {"begin": 0, "end": 3}, "object_index": {"begin": 23, "end": 27}}, {"predicate": "任职公司", "object_type": "公司", "subject_type": "人物", "object": "宝色厂", "subject": "郑海山", "subject_index": {"begin": 0, "end": 3}, "object_index": {"begin": 36, "end": 39}}]}
{"text": "魏寿庸先生，1941年1月出生，大学文化，成绩优异高级工程师。其“550度高温钛合金应用研究”获航空工业总公司科技进步一等奖；其“550度高温钛合金及其在航空发动机上的应用”获国家科技进步二等奖。", "spo_list": [{"predicate": "出生日期", "object_type": "日期", "subject_type": "人物", "object": "1941年1月", "subject": "魏寿庸", "subject_index": {"begin": 0, "end": 3}, "object_index": {"begin": 6, "end": 13}}, {"predicate": "本科", "object_type": "学历", "subject_type": "人物", "object": "大学文化", "subject": "魏寿庸", "subject_index": {"begin": 0, "end": 3}, "object_index": {"begin": 16, "end": 20}}]}
{"text": "公司从成立后，主营业务收入和利润总额呈持续快速增长趋势，增长的主要原因是由于销售数量较快地增长，使2000年收入增加7877.2万元，利润总额增加1908.1万元，2001年比2000年销售收入增加3317.4万元和利润总额增加433.1万元。", "spo_list": [{"predicate": "营业收入", "object_type": "金额", "subject_type": "日期", "object": "7877.2万元", "subject": "2000年", "subject_index": {"begin": 49, "end": 54}, "object_index": {"begin": 58, "end": 66}}, {"predicate": "营业利润", "object_type": "金额", "subject_type": "日期", "object": "1908.1万元", "subject": "2000年", "subject_index": {"begin": 49, "end": 54}, "object_index": {"begin": 73, "end": 81}}, {"predicate": "营业收入", "object_type": "金额", "subject_type": "日期", "object": "3317.4万元", "subject": "2001年", "subject_index": {"begin": 82, "end": 87}, "object_index": {"begin": 99, "end": 107}}, {"predicate": "营业利润", "object_type": "金额", "subject_type": "日期", "object": "433.1万元", "subject": "2001年", "subject_index": {"begin": 82, "end": 87}, "object_index": {"begin": 114, "end": 121}}]}
{"text": "根据公司的发展战略，到2004年实现钛材产销量2260吨，实现主营业务收入41200万元、利润总额5980万元。", "spo_list": [{"predicate": "主营业务收入", "object_type": "金额", "subject_type": "日期", "object": "41200万元", "subject": "2004年", "subject_index": {"begin": 11, "end": 16}, "object_index": {"begin": 37, "end": 44}}, {"predicate": "营业利润", "object_type": "金额", "subject_type": "日期", "object": "5980万元", "subject": "2004年", "subject_index": {"begin": 11, "end": 16}, "object_index": {"begin": 49, "end": 55}}]}
{"text": "2001年6月29日，公司与中国建设银行陕西省分行签订（2001）024号《人民币资金借款合同》。合同约定公司借款2000万元，借款期限至2004年6月28日，利率按月息5.445‰。2001年12月17日，公司与中国建设银行宝鸡分行签订（2001）038号《人民币资金借款合同》，合同约定公司借款2000万元，借款期限至2003年12月19日，利率按月息5.445‰。宝色厂为以上贷款提供担保。", "spo_list": [{"predicate": "短期借款", "object_type": "金额", "subject_type": "日期", "object": "2000万元", "subject": "2001年6月29日", "subject_index": {"begin": 0, "end": 10}, "object_index": {"begin": 57, "end": 63}}, {"predicate": "短期借款", "object_type": "金额", "subject_type": "日期", "object": "2000万元", "subject": "2001年12月17日", "subject_index": {"begin": 92, "end": 103}, "object_index": {"begin": 149, "end": 155}}]}
{"text": "本公司的主发起人宝色厂于1996年8月按照ISO9002:1994标准，建立了完善的质量保证体系并注册认证；1999年元月根据国家质量技术监督局完善企业计量检测体系确认方法和原则的要求，并参照国家标准GB/T19022.1-1994idtISO10012-1:1992建立了完善的计量检测体系，并获得了合格证书；1995年取得了美国机械工程师协会（ASME）总部批准的按ASME规范制造压力容器资格证书及“U”形钢印。1996年被美国波音—麦道分部确认为钛铸锭产品和Ti-6Al-4V薄板产品的合格供应商；1998年公司产品Ti-6Al-4V薄板在法国宇航公司的产品质量评估中获得了最高分；1998年8月取得罗尔斯—罗伊斯公司宇航集团的供方质量保证证书。", "spo_list": [{"predicate": "发起人", "object_type": "公司", "subject_type": "公司", "object": "罗尔斯—罗伊斯公司宇航集团", "subject": "宝色厂", "subject_index": {"begin": 8, "end": 11}, "object_index": {"begin": 304, "end": 317}}]}
{"text": "《镍锭、钛铜锭供应合同》，本公司与宝色厂于2000年7月12日签订、2001年10月30日修改，根据合同宝色厂向本公司销售镍锭、钛铜锭，合同有效期都是五年，期满后经双方同意可延长有效期。宝色厂向本公司供应镍锭、钛铜锭的数量根据本公司的需要由双方协商确定；宝色厂向本公司提供的产品价格按照市场价格确定且在同等情况下不高于其向任何独立第三方提供该等产品的价格。2001年宝色厂向股份公司提供镍锭、钛铜锭的数量及标的总值为1543.90万元。", "spo_list": [{"predicate": "流动资产", "object_type": "金额", "subject_type": "日期", "object": "1543.90万元", "subject": "2001年", "subject_index": {"begin": 178, "end": 183}, "object_index": {"begin": 208, "end": 217}}]}
{"text": "发行人支付给关联方的运输服务费2001年为148.08万元，2000年为137.85万元、1999年为124.69万元，分别占该类交易的36.76%、37.22%、35.88%。", "spo_list": [{"predicate": "其他成本", "object_type": "金额", "subject_type": "日期", "object": "148.08万元", "subject": "2001年", "subject_index": {"begin": 15, "end": 20}, "object_index": {"begin": 21, "end": 29}}, {"predicate": "其他成本", "object_type": "金额", "subject_type": "日期", "object": "137.85万元", "subject": "2000年", "subject_index": {"begin": 30, "end": 35}, "object_index": {"begin": 36, "end": 44}}, {"predicate": "其他成本", "object_type": "金额", "subject_type": "日期", "object": "124.69万元", "subject": "1999年", "subject_index": {"begin": 45, "end": 50}, "object_index": {"begin": 51, "end": 59}}]}
{"text": "曹春晓先生，公司独立董事，1934年8月出生，中国科学院院士、研究员、博士生导师。长期担任北京航空材料研究院钛合金专业负责人，在钛合金材料的研究工作中共取得14项省部级以上科技成果。现任全国博士后管委会材料科学与工程专家组组长、国防科工委专家咨询委员会委员、中国航空学会材料工程学会副主任等职。", "spo_list": [{"predicate": "出生日期", "object_type": "日期", "subject_type": "人物", "object": "1934年8月", "subject": "曹春晓", "subject_index": {"begin": 0, "end": 3}, "object_index": {"begin": 13, "end": 20}}, {"predicate": "任职公司", "object_type": "公司", "subject_type": "人物", "object": "北京航空材料研究院", "subject": "曹春晓", "subject_index": {"begin": 0, "end": 3}, "object_index": {"begin": 45, "end": 54}}]}
{"text": "王向东先生，独立董事，1955年出生，硕士，成绩优异高级工程师。曾任北京有色金属研究总院303室主任。现任中国有色金属总公司钛技术开发中心、北京有色金属研究总院钛推广办主任、全国钛办副主任，北京科技大学兼职教授。", "spo_list": [{"predicate": "出生日期", "object_type": "日期", "subject_type": "人物", "object": "1955年出生", "subject": "王向东", "subject_index": {"begin": 0, "end": 3}, "object_index": {"begin": 11, "end": 18}}, {"predicate": "任职公司", "object_type": "公司", "subject_type": "人物", "object": "北京有色金属研究总院", "subject": "王向东", "subject_index": {"begin": 0, "end": 3}, "object_index": {"begin": 34, "end": 44}}, {"predicate": "任职公司", "object_type": "公司", "subject_type": "人物", "object": "中国有色金属总公司", "subject": "王向东", "subject_index": {"begin": 0, "end": 3}, "object_index": {"begin": 53, "end": 62}}]}
{"text": "汪汉臣先生，总经理，1961年7月出生，大学文化，高级工程师。曾任宝色厂五分厂技术组副组长、生产组组长、八分厂副厂长、八分厂厂长、宝色厂厂长助理等职。", "spo_list": [{"predicate": "出生日期", "object_type": "日期", "subject_type": "人物", "object": "1961年7月", "subject": "汪汉臣", "subject_index": {"begin": 0, "end": 3}, "object_index": {"begin": 10, "end": 17}}, {"predicate": "本科", "object_type": "学历", "subject_type": "人物", "object": "大学", "subject": "汪汉臣", "subject_index": {"begin": 0, "end": 3}, "object_index": {"begin": 20, "end": 22}}, {"predicate": "任职公司", "object_type": "公司", "subject_type": "人物", "object": "宝色厂五分厂", "subject": "汪汉臣", "subject_index": {"begin": 0, "end": 3}, "object_index": {"begin": 33, "end": 39}}]}
{"text": "公司非经常性损益包括罚没款收入、处理固定资产损失、罚款支出、捐赠支出、固定资产减值准备等因素，1999年、2000年及2001年非经常性损益分别为-19,846.97元、89,599.48元、-771,422.12元。营业外支出2001年比2000年度增加金额较大，主要是固定资产减值准备增加442,149.46元；处理固定资产损失增加306,618.73元。", "spo_list": [{"predicate": "营业外支出", "object_type": "金额", "subject_type": "日期", "object": "-19,846.97元", "subject": "1999年", "subject_index": {"begin": 47, "end": 52}, "object_index": {"begin": 73, "end": 84}}, {"predicate": "营业外支出", "object_type": "金额", "subject_type": "日期", "object": "89,599.48元", "subject": "2000年", "subject_index": {"begin": 53, "end": 58}, "object_index": {"begin": 85, "end": 95}}, {"predicate": "营业外支出", "object_type": "金额", "subject_type": "日期", "object": "-771,422.12元", "subject": "2001年", "subject_index": {"begin": 59, "end": 64}, "object_index": {"begin": 96, "end": 108}}, {"predicate": "资产减值损失", "object_type": "金额", "subject_type": "日期", "object": "442,149.46元", "subject": "2001年比2000年", "subject_index": {"begin": 114, "end": 125}, "object_index": {"begin": 146, "end": 157}}, {"predicate": "营业外支出", "object_type": "金额", "subject_type": "日期", "object": "306,618.73元", "subject": "2001年比2000年", "subject_index": {"begin": 114, "end": 125}, "object_index": {"begin": 168, "end": 179}}]}
{"text": "假设募股资金净额为3亿元。净资产收益率及资产负债率的计算都是以2001年12月31日的财务数据为准。", "spo_list": [{"predicate": "股本", "object_type": "金额", "subject_type": "日期", "object": "3亿元", "subject": "2001年12月31日", "subject_index": {"begin": 31, "end": 42}, "object_index": {"begin": 9, "end": 12}}]}