{"text": "2006年4月19日，宁夏五洲联合会计师事务所对本次增资进行审验并出具了《验资报告》（宁五洲验字〔2006〕第109号）。根据该验资报告记载，截至2006年4月19日，宝丰有限收到各股东第一期欠缴的注册资本8,000万元和股东党彦宝缴纳的新增注册资本11,700万元，共计19,700万元。其中股东党彦宝、党彦峰以债转股缴纳17,300万元，凯威投资以货币缴纳2,400万元（注2）。", "spo_list": [{"predicate": "截止日期", "object_type": "日期", "subject_type": "报告", "object": "2006年4月19日", "subject": "《验资报告》", "subject_index": {"begin": 36, "end": 42}, "object_index": {"begin": 73, "end": 83}}]}
{"text": "根据宁夏华诚会计师事务所出具的宁华诚会验字[2004]第010号《验资报告》，截至2004年1月16日，宝丰工贸已收到全体股东缴纳的注册资本合计人民币50,6605,800元整。", "spo_list": [{"predicate": "截止日期", "object_type": "日期", "subject_type": "报告", "object": "2004年1月16日", "subject": "《验资报告》", "subject_index": {"begin": 32, "end": 38}, "object_index": {"begin": 41, "end": 51}}]}
{"text": "根据盐池县兴盐会计师事务所出具的盐会师验(2003)58号变更验资报告，截至2002年12月31日，新增资本已由股东党彦宝以实物资产出资1000万元，由股东党彦峰以实物出资515.64万元。上述实物资产包括储运站房屋、围墙、地坪、油罐、地下油槽、输油管线等。", "spo_list": [{"predicate": "截止日期", "object_type": "日期", "subject_type": "报告", "object": "2002年12月31日", "subject": "验资报告", "subject_index": {"begin": 31, "end": 35}, "object_index": {"begin": 38, "end": 49}}]}
{"text": "2012年12月25日，中建华会计师事务所有限责任公司宁夏分所对本次增资进行审验并出具了《验资报告》（中建华〔宁〕〔验〕字〔2012〕第024号）。根据该验资报告，宝丰有限本次增资前注册资本为20亿元，本次拟增加注册资本5亿元，由宝丰集团于2012年12月25日前一次缴足。经审验，截至2012年12月25日，宝丰有限已收到宝丰集团缴纳的新增注册资本（实收资本）5亿元，全部以货币出资（注8）。", "spo_list": [{"predicate": "截止日期", "object_type": "日期", "subject_type": "报告", "object": "2012年12月25日", "subject": "《验资报告》", "subject_index": {"begin": 44, "end": 50}, "object_index": {"begin": 143, "end": 154}}]}
{"text": "2013年11月25日，安永华明对本次整体变更进行审验并出具了《验资报告》（安永华明〔2013〕验字第61004853_A01号）。根据该验资报告，截至2012年12月31日，宝丰能源全体发起人已按发起人协议、章程之规定以其拥有的宝丰有限账面净资产金额4,721,623,498.82元，其中专项储备金额117,331,647.33元，扣除专项储备后净资产4,604,291,851.49元折股，股份总额为460,000万股，每股面值1元，剩余净资产账面价值4,291,851.49元作为资本公积。", "spo_list": [{"predicate": "截止日期", "object_type": "日期", "subject_type": "报告", "object": "2012年12月31日", "subject": "《验资报告》", "subject_index": {"begin": 31, "end": 37}, "object_index": {"begin": 76, "end": 87}}]}
{"text": "2013年12月24日，安永华明对本次增资进行审验并出具了《验资报告》（安永华明〔2013〕验字第61004853_A02号）。根据该验资报告记载，截至2013年12月18日，东毅国际增资款项已全部缴足。", "spo_list": [{"predicate": "截止日期", "object_type": "日期", "subject_type": "报告", "object": "2013年12月18日", "subject": "《验资报告》", "subject_index": {"begin": 29, "end": 35}, "object_index": {"begin": 76, "end": 87}}]}
{"text": "2010年12月17日，中建华会计师事务所有限责任公司宁夏分所出具了《验资报告书》（中建华〔宁〕〔验〕字〔2010〕第035号），截至2010年12月16日，注册资本20,000万港元已缴足，其中，宝丰有限以设备评估作价4,000万港元出资（注10）。", "spo_list": [{"predicate": "截止日期", "object_type": "日期", "subject_type": "报告", "object": "2010年12月16日", "subject": "《验资报告书》", "subject_index": {"begin": 34, "end": 41}, "object_index": {"begin": 67, "end": 78}}]}
{"text": "2013年12月24日，中建华会计师事务所有限责任公司宁夏分所出具了《验资报告书》（中建华〔宁〕〔验〕〔2013〕第030号）。根据该验资报告记载，截至2010年12月16日，东毅环保已收到全体股东缴纳的注册资本合计港币20,000万元。根据宁商发〔2013〕396号文件，东毅国际将其持有的80%股权以125,078.79万元转让给宝丰能源。东毅环保因股权转让变更为内资企业，股东为宝丰能源，变更后公司的注册资本为17,024万元。", "spo_list": [{"predicate": "截止日期", "object_type": "日期", "subject_type": "报告", "object": "2010年12月16日", "subject": "《验资报告书》", "subject_index": {"begin": 34, "end": 41}, "object_index": {"begin": 76, "end": 87}}]}
{"text": "2018年4月16日，宁夏煤矿安全监察局银北监察分局出具《行政处罚决定书》（宁煤安监银北罚〔2018〕（2010）号），就四股泉一号矿井瓦斯检查员无证上岗、瓦斯检查员证件过期仍下井检查、矿井未对部分掘进工作面进行风量分配计算，根据《安全生产法》第94条及《煤矿安全监察行政处罚办法》第19条的规定，给予罚款人民币4.5万元的行政处罚。", "spo_list": [{"predicate": "罚款", "object_type": "金额", "subject_type": "日期", "object": "4.5万元", "subject": "2018年4月16日", "subject_index": {"begin": 0, "end": 10}, "object_index": {"begin": 156, "end": 161}}]}
{"text": "发行人2016年-2018年关键管理人员薪酬分别为1,390.00万元、1,695.00万元和2,141.67万元。", "spo_list": [{"predicate": "应付职工薪酬", "object_type": "金额", "subject_type": "日期", "object": "1,390.00万元", "subject": "2016年-2018年", "subject_index": {"begin": 3, "end": 14}, "object_index": {"begin": 25, "end": 35}}, {"predicate": "应付职工薪酬", "object_type": "金额", "subject_type": "日期", "object": "1,695.00万元", "subject": "2016年-2018年", "subject_index": {"begin": 3, "end": 14}, "object_index": {"begin": 36, "end": 46}}, {"predicate": "应付职工薪酬", "object_type": "金额", "subject_type": "日期", "object": "2,141.67万元", "subject": "2016年-2018年", "subject_index": {"begin": 3, "end": 14}, "object_index": {"begin": 47, "end": 57}}]}
{"text": "2016年11月，灵武市国土资源局出具《行政处罚通知书》（灵武国土资行处字〔2016〕58号），就马莲台煤矿于2015年11月擅自在灵武市临河镇上桥村越界开采煤炭1,775.26吨，获得销售收入26.27万元，依据《矿产资源法》第40条及《宁夏回族自治区矿产资源管理条例》第44条的规定，责令退回本矿区范围内开采，处以没收违法所得262,738元，处以违法所得20%的罚款52,547.6元，共计罚没款31.53万元。处罚下达后，公司已足额缴纳罚款。", "spo_list": [{"predicate": "罚款", "object_type": "金额", "subject_type": "日期", "object": "31.53万元", "subject": "2016年11月", "subject_index": {"begin": 0, "end": 8}, "object_index": {"begin": 201, "end": 208}}]}
{"text": "子公司宝丰煤焦化公司于2017年办理享受西部大开发的《企业所得税优惠事项备案表》，享受15%的西部大开发所得税税率优惠。", "spo_list": []}
{"text": "截至2018年12月31日，发行人的在建工程账面价值为586,749.76万元，具体构成情况如下：", "spo_list": [{"predicate": "在建工程账面价值", "object_type": "金额", "subject_type": "日期", "object": "586,749.76万元", "subject": "2018年12月31日", "subject_index": {"begin": 2, "end": 13}, "object_index": {"begin": 27, "end": 39}}]}
{"text": "截至2018年12月31日，发行人的无形资产账面价值为124,693.49万元，具体构成情况如下：", "spo_list": [{"predicate": "无形资产", "object_type": "金额", "subject_type": "日期", "object": "124,693.49万元", "subject": "2018年12月31日", "subject_index": {"begin": 2, "end": 13}, "object_index": {"begin": 27, "end": 39}}]}
{"text": "截至2018年12月31日，发行人一年内到期的非流动负债219,401.67万元，具体情况如下：", "spo_list": [{"predicate": "非流动负债", "object_type": "金额", "subject_type": "日期", "object": "219,401.67万元", "subject": "2018年12月31日", "subject_index": {"begin": 2, "end": 13}, "object_index": {"begin": 28, "end": 40}}]}
{"text": "截至2018年12月31日，发行人长期应付款（扣除一年内到期的长期应付款）7,676.80万元。", "spo_list": [{"predicate": "长期应付款", "object_type": "金额", "subject_type": "日期", "object": "7,676.80万元", "subject": "2018年12月31日", "subject_index": {"begin": 2, "end": 13}, "object_index": {"begin": 37, "end": 47}}]}
{"text": "2017年末，对关联方代垫款项、借出款项及其他应收款项较2016年末减少213,641.21万元。主要原因是发行人清理了关联方资金占用，全部收回了对关联方的代垫款、借出款项及其他应收款项。", "spo_list": [{"predicate": "其他应收款净额", "object_type": "金额", "subject_type": "日期", "object": "213,641.21万元", "subject": "2017年末", "subject_index": {"begin": 0, "end": 6}, "object_index": {"begin": 36, "end": 48}}]}
{"text": "2018年末，存货比2017年末增加5,322.33万元，增幅11.72%。其中原材料增加629.04万元，变动不大；在产品增加7,495.73万元，主要原因为发行人2018年自制精煤产量增加，在满足自身焦炭生产原料配比需求量的同时，剩余有小部分硫分较高的自制精煤留于库存中，增加了在产品期末余额；库存商品减少1,550.60万元，主要系2018年焦炭销售情况较好，年末焦炭库存减少。", "spo_list": [{"predicate": "存货", "object_type": "金额", "subject_type": "日期", "object": "5,322.33万元", "subject": "2018年末", "subject_index": {"begin": 0, "end": 6}, "object_index": {"begin": 18, "end": 28}}]}
{"text": "2017年末库存商品较2016年末减少了1,820万元，主要是由于2017年焦炭价格保持高位需求量增加，导致年末库存量减少，因此存货余额较2016年年末下降。", "spo_list": [{"predicate": "存货", "object_type": "金额", "subject_type": "日期", "object": "1,820万元", "subject": "2017年末", "subject_index": {"begin": 0, "end": 6}, "object_index": {"begin": 20, "end": 27}}]}
{"text": "2018年末，发行人在建工程相比于2017年末增加236,548.78万元，增幅67.55%；主要原因是焦炭气化制60万吨/年烯烃项目建设投入，本期新增投入190,858.04万元", "spo_list": [{"predicate": "在建工程账面价值", "object_type": "金额", "subject_type": "日期", "object": "236,548.78万元", "subject": "2018年末", "subject_index": {"begin": 0, "end": 6}, "object_index": {"begin": 25, "end": 37}}]}
{"text": "2018年末发行人无形资产较2017年末减少2,446.25万元，降幅1.92%，主要原因为发行人日常生产经营所产生的采矿权及土地使用权等无形资产摊销。", "spo_list": [{"predicate": "无形资产", "object_type": "金额", "subject_type": "日期", "object": "2,446.25万元", "subject": "2018年末", "subject_index": {"begin": 0, "end": 6}, "object_index": {"begin": 22, "end": 32}}]}
{"text": "2017年末发行人预付工程设备、材料款前五名合计12,750.41万元，合计占比34.01%，明细如下：", "spo_list": [{"predicate": "预付款项", "object_type": "金额", "subject_type": "日期", "object": "12,750.41万元", "subject": "2017年末", "subject_index": {"begin": 0, "end": 6}, "object_index": {"begin": 24, "end": 35}}]}
{"text": "2018年职工薪酬的计提金额较2017年同期增加了22,104.69万元，增幅达21.92%，主要由于发行人为满足焦炭气化制烯烃项目的建设和投产需要，进一步扩大生产和技术等人员储备，导致本期员工人数同比增加了24.98%，提高了薪酬计提总额；同时由于上述新招聘员工工资水平较低，故薪酬增长幅度低于员工人数增长幅度。人均月薪水平相比上年同期增长了3.02%，主要由于发行人提升了员工的绩效工资待遇以鼓励员工的积极性。", "spo_list": [{"predicate": "应付职工薪酬", "object_type": "金额", "subject_type": "日期", "object": "22,104.69万元", "subject": "2018年", "subject_index": {"begin": 0, "end": 5}, "object_index": {"begin": 25, "end": 36}}]}
{"text": "2016年末，发行人长期借款较2015年底减少了25,250.00万元，主要原因是发行人归还部分到期长期借款。", "spo_list": [{"predicate": "长期借款", "object_type": "金额", "subject_type": "日期", "object": "25,250.00万元", "subject": "2016年末", "subject_index": {"begin": 0, "end": 6}, "object_index": {"begin": 24, "end": 35}}]}
{"text": "2017年发行人经营活动现金流量净额较2016年增加124,344.33万元，主要原因是2017年发行人经营状况较好，销售商品、提供劳务收到的现金较2016增加278,276.07万元，经营活动现金流入大幅增加。", "spo_list": [{"predicate": "公司经营活动产生的现金流量净额", "object_type": "金额", "subject_type": "日期", "object": "124,344.33万元", "subject": "2017年", "subject_index": {"begin": 0, "end": 5}, "object_index": {"begin": 26, "end": 38}}]}
{"text": "发行人收到其他与投资活动有关的现金主要为收回关联方借款。2016年-2017年，发行人收回关联方借款分别为743,948.27万元和536,119.02万元，占收到其他与投资活动有关的现金的比例分别为100.00%和98.04%。2018年，发行人未发生与关联方之间的资金拆入和拆出交易。", "spo_list": [{"predicate": "长期借款", "object_type": "金额", "subject_type": "日期", "object": "743,948.27万元", "subject": "2016年-2017年", "subject_index": {"begin": 28, "end": 39}, "object_index": {"begin": 53, "end": 65}}, {"predicate": "长期借款", "object_type": "金额", "subject_type": "日期", "object": "536,119.02万元", "subject": "2016年-2017年", "subject_index": {"begin": 28, "end": 39}, "object_index": {"begin": 66, "end": 78}}]}
{"text": "2018年度筹资活动现金流量净额较上年增加了278,915.51万元，主要原因是2018年发行人在建项目建设进度加快，取得银行借款增加，且2018年2月发行人发行公司债券“18宝丰01（143459）”取得现金8.98亿元；同时，发行人银行借款2018年到期偿付有所减少，导致2018年筹资活动产生的现金流量净额较2017年有所回升。", "spo_list": [{"predicate": "公司筹资活动产生的现金流量净额", "object_type": "金额", "subject_type": "日期", "object": "278,915.51万元", "subject": "2018年度", "subject_index": {"begin": 0, "end": 6}, "object_index": {"begin": 22, "end": 34}}]}
{"text": "2007年10月26日，宁夏永信会计师事务所对本次增资进行审验并出具了《验资报告》（宁永信验字〔2007〕113号）。根据该验资报告记载，宝丰有限原注册资本为21,700万元，本次增加注册资本28,300万元。经审验，截至2007年10月26日，宝丰有限已收到由股东党彦宝、凯威投资缴纳的新增注册资本28,300万元，出资形式为货币（注5）。", "spo_list": [{"predicate": "截止日期", "object_type": "日期", "subject_type": "报告", "object": "截至2007年10月26日", "subject": "《验资报告》（宁永信验字〔2007〕113号）", "subject_index": {"begin": 35, "end": 58}, "object_index": {"begin": 109, "end": 122}}]}
{"text": "2008年7月11日，中建华会计师事务所有限责任公司宁夏分所对本次增资进行审验并出具了《验资报告》（中建华〔宁〕〔验〕字〔2008〕第013号）。根据该验资报告，宝丰有限本次增资前的注册资本为112,500万元，本次拟增加注册资本87,500万元，由股东凯威投资于2008年7月11日前缴足。经审验，截至2008年7月11日，宝丰有限已收到凯威投资缴纳的新增注册资本87,500万元，全部以货币出资（注7）。", "spo_list": [{"predicate": "截止日期", "object_type": "日期", "subject_type": "报告", "object": "截至2008年7月11日", "subject": "《验资报告》（中建华〔宁〕〔验〕字〔2008〕第013号）", "subject_index": {"begin": 43, "end": 72}, "object_index": {"begin": 150, "end": 162}}]}
{"text": "2013年12月15日，中和评估出具《宁夏宝丰能源集团有限公司拟股份制改造所涉及的股东全部权利价值项目资产评估报告》（中和评报字〔2013〕第YCV1118号）。根据该评估报告，截至基准日2012年12月31日，宝丰有限经评估的净资产值为501,025.42万元。", "spo_list": [{"predicate": "出具日期", "object_type": "日期", "subject_type": "文件", "object": "2012年12月31日", "subject": "《宁夏宝丰能源集团有限公司拟股份制改造所涉及的股东全部权利价值项目资产评估报告》（中和评报字〔2013〕第YCV1118号）", "subject_index": {"begin": 18, "end": 80}, "object_index": {"begin": 94, "end": 105}}]}
{"text": "2014年12月15日，安永华明对本次增资进行审验并出具了《验资报告》（安永华明〔2014〕验字第61004853_A01号）。根据该验资报告，截至2014年12月12日，宝丰能源已收到东毅国际缴纳的新增股本789,299,960.54元，全部以货币出资", "spo_list": [{"predicate": "截止日期", "object_type": "日期", "subject_type": "报告", "object": "2014年12月12日", "subject": "《验资报告》（安永华明〔2014〕验字第61004853_A01号）", "subject_index": {"begin": 29, "end": 63}, "object_index": {"begin": 74, "end": 85}}]}
{"text": "2016年3月30日，安永华明对本次增资进行审验并出具了《验资报告》（安永华明〔2016〕验字第61004853_A01号）。根据该验资报告记载，东毅国际于2014年12月12日以港币999,999,950.00港元向宝丰能源投资，按当日汇率折合人民币789,299,960.54元，尚有人民币10,700,039.46元注册资本未缴足。2015年12月25日，根据东毅国际和恒信德能源签订的《借款协议书》，恒信德能源向东毅国际提供借款人民币10,700,039.46元用于缴纳上述欠缴的注册资本，由恒信德能源将该款项直接支付到东毅国际指定的宝丰能源账户。截至2015年12月31日，宝丰能源已收到恒信德能源汇入的代东毅国际缴纳的出资款人民币10,700,039.46元，全部以货币出资", "spo_list": [{"predicate": "截止日期", "object_type": "日期", "subject_type": "报告", "object": "2015年12月31日", "subject": "《验资报告》（安永华明〔2016〕验字第61004853_A01号）", "subject_index": {"begin": 28, "end": 62}, "object_index": {"begin": 280, "end": 291}}]}
{"text": "2015年12月25日，东毅国际与恒信德能源签订《借款协议书》，恒信德能源向东毅国际提供借款人民币10,700,039.46元用于缴纳上述欠缴的注册资本，由恒信德能源将该款项直接支付到东毅国际指定的宝丰能源账户。截至2015年12月31日，宝丰能源已收到恒信德能源汇入的代东毅国际缴纳的出资款人民币10,700,039.46元，全部以货币出资。", "spo_list": [{"predicate": "截止日期", "object_type": "日期", "subject_type": "报告", "object": "2015年12月31日", "subject": "《借款协议书》", "subject_index": {"begin": 24, "end": 31}, "object_index": {"begin": 108, "end": 119}}]}
{"text": "2010年12月21日，东毅环保取得了宁夏回族自治区工商局颁发的《企业法人营业执照》（注册号：640000400001723），记载：注册资本20,000万港币，实收资本20,000万港币，法定代表人为薛涛，营业期限自2010年11月1日至2040年10月31日止，经营范围为：焦油煤气废气回收综合利用制甲醇及其产品销售（仅限项目建设，未取得相关许可证前不得从事生产经营）。", "spo_list": [{"predicate": "截止日期", "object_type": "日期", "subject_type": "报告", "object": "2040年10月31日", "subject": "《企业法人营业执照》（注册号：640000400001723）", "subject_index": {"begin": 32, "end": 63}, "object_index": {"begin": 120, "end": 131}}]}
{"text": "2012年9月6日，中建华会计师事务所有限责任公司宁夏分所对红四煤业设立时的股东出资进行审验并出具了《验资报告书》（中建华〔宁〕〔验〕字〔2012〕第024号）。根据该验资报告书记载，截至2012年9月6日，红四煤业已收到全体股东缴纳的注册资本合计1,000万元，各股东均以货币出资。", "spo_list": [{"predicate": "截止日期", "object_type": "日期", "subject_type": "报告", "object": "2012年9月6日", "subject": "《验资报告书》（中建华〔宁〕〔验〕字〔2012〕第024号）", "subject_index": {"begin": 50, "end": 80}, "object_index": {"begin": 94, "end": 103}}]}
{"text": "2018年5月15日，宁夏回族自治区财政厅、国家税务局和地方税务局联合出具《关于公布2017年度自治区级获得免税资格非营利性组织名单的通知》（宁财（税）发〔2018〕346号），确认燕宝基金会属于获得免税资格的非营利性组织，有效期自2017年1月1日至2021年12月31日。", "spo_list": [{"predicate": "出具日期", "object_type": "日期", "subject_type": "文件", "object": "2021年12月31日", "subject": "《关于公布2017年度自治区级获得免税资格非营利性组织名单的通知》（宁财（税）发〔2018〕346号）", "subject_index": {"begin": 37, "end": 88}, "object_index": {"begin": 126, "end": 137}}]}
{"text": "2018年，公司费用化研发支出为1,956.78万元，占当期营业收入的比例为0.15%。最近三年，公司资本化的工艺技术包投入分别为1,781.40万元、12,360.81万元和11,583.77万元。", "spo_list": [{"predicate": "研发费用", "object_type": "金额", "subject_type": "日期", "object": "1,956.78万元", "subject": "2018年", "subject_index": {"begin": 0, "end": 5}, "object_index": {"begin": 16, "end": 26}}]}
{"text": "3、高建军先生，董事，1975年1月生，中国国籍，无境外永久居留权，专科学历，工程师。1996年至2005年历任陕西延长石油集团榆林炼油厂调度长、车间主任，陕西延长石油集团榆林炼化公司总经理；2005年至2007年任陕西延长石油集团生产计划处副处长；2007年至2012年历任发行人总工程师、基建实业部总经理、副总裁；2012年8月至今任发行人常务副总裁。", "spo_list": [{"predicate": "大专", "object_type": "学历", "subject_type": "人物", "object": "专科", "subject": "高建军", "subject_index": {"begin": 2, "end": 5}, "object_index": {"begin": 34, "end": 36}}]}
{"text": "20、赵中印先生，水处理厂厂长，1971年2月生，中国国籍，无境外永久居留权，专科学历。1989年至1992年就读于辽宁本溪冶金高等专科学校自动化仪表专业。1992年至2001年任宁夏博宇焦铁钢铁有限公司主任工程师；2001年至2005年历任丰源活性炭有限公司科长、生产部部长；2005年至2008年历任内蒙古庆华集团有限公司车间主任、生产部部长；2008年至2014年历任发行人焦化厂厂长助理、副厂长；2015年1月至今任发行人水处理厂厂长。", "spo_list": [{"predicate": "大专", "object_type": "学历", "subject_type": "人物", "object": "专科", "subject": "赵中印", "subject_index": {"begin": 3, "end": 6}, "object_index": {"begin": 39, "end": 41}}]}
{"text": "截至2018年12月31日，发行人的货币资金为143,438.27万元，报告期内，货币资金具体构成情况如下：", "spo_list": [{"predicate": "货币资金", "object_type": "金额", "subject_type": "日期", "object": "143,438.27万元", "subject": "2018年12月31日", "subject_index": {"begin": 2, "end": 13}, "object_index": {"begin": 23, "end": 35}}]}
{"text": "截至2018年12月31日，发行人的应收票据及应收账款16,661.70万元，报告期内应收票据及应收账款具体构成情况如下：", "spo_list": [{"predicate": "应收票据", "object_type": "金额", "subject_type": "日期", "object": "16,661.70万元", "subject": "2018年12月31日", "subject_index": {"begin": 2, "end": 13}, "object_index": {"begin": 27, "end": 38}}]}
{"text": "2017年末，发行人的应收票据余额为44,777.75万元，较2016年末减少了76,814.70万元，主要原因是与关联方宝丰集团和汇丰祥商业之间80,000.00万元商业承兑汇票到期。前述商业承兑汇票实际上造成了关联方对发行人的资金占用。截至2017年11月，宝丰集团和汇丰祥商业已经全部清偿欠款，且支付了商业票据存续期内的资金利息。2017年11月6日，发行人收到宝丰集团偿付的商业票据利息325.00万元。同日，发行人收到汇丰祥商业偿付的商业票据利息195.00万元。", "spo_list": [{"predicate": "应收票据", "object_type": "金额", "subject_type": "日期", "object": "44,777.75万元", "subject": "2017年末", "subject_index": {"begin": 0, "end": 6}, "object_index": {"begin": 18, "end": 29}}, {"predicate": "应收票据", "object_type": "金额", "subject_type": "日期", "object": "76,814.70万元", "subject": "2016年末", "subject_index": {"begin": 31, "end": 37}, "object_index": {"begin": 40, "end": 51}}]}
{"text": "2017年末，存货比2016年末减少4,888.37万元，降幅9.72%。其中原料减少4,353.01万元，主要为焦炭产品市场较好，年末外购原煤及精煤库存减少；在产品减少254.35万元，主要为自制粗苯、混合C5库存减少；库存商品减少1,819.95万元，主要为焦炭产品市场较好，焦炭库存减少。", "spo_list": [{"predicate": "存货", "object_type": "金额", "subject_type": "日期", "object": "4,888.37万元", "subject": "2017年末", "subject_index": {"begin": 0, "end": 6}, "object_index": {"begin": 18, "end": 28}}]}
{"text": "2017年末，发行人固定资产账面价值相比2016年末减少32,224.96万元，降幅2.01%。下降的主要原因是日常生产经营产生的固定资产折旧。", "spo_list": [{"predicate": "固定资产", "object_type": "金额", "subject_type": "日期", "object": "32,224.96万元", "subject": "2017年末", "subject_index": {"begin": 0, "end": 6}, "object_index": {"begin": 28, "end": 39}}]}
{"text": "截至2018年12月31日，该项目尚未完成建设，工程完工进度为63.93%。各报告期末，红四煤矿在建工程余额的构成情况如下：", "spo_list": []}
{"text": "报告期内，红四煤矿尚未建设完成，因此未结转固定资产。2015年1月12日，自治区发改委印发了《关于责令红四煤矿停止建设的通知》（宁发改能源（管理）〔2015〕16号），责令红四煤矿立即停止建设。发行人于停工期间进行矿井通风、排水及日常维护工作。鉴于停工后矿井存在安全隐患，2016年5月20日，红四煤业向宁夏煤矿安全监察局提交《关于红四煤矿停工期间存在的安全隐患及整改措施的请示》（宁宝红四发〔2016〕3号），2016年6月6日，宁夏煤矿安全监察局下发《关于红四煤矿停工期间进行安全隐患整改措施施工请示的批复》（宁煤安发〔2016〕62号），同意红四煤业请示的整改措施，依据该批复，红四煤业对提升系统、排水系统、通风系统、变电所、巷道维护进行了安全整改以消除隐患。宁夏发改委2017年8月7日出具《证明》，红四煤矿停止了建设，未被列入《关于对违法违规建设生产煤矿实施联合惩戒的通知》（发改运行〔2015〕1631号）的联合惩戒范围。宁夏煤矿安全监察局2017年8月29日出具《证明》，2014年1月1日至今发行人未发生较大及以上生产安全事故，未出现重大违法违规行为。2017年7月29日，宁夏回族自治区人民政府出具的《宁夏回族自治区人民政府关于推荐宁夏宝丰能源集团股份有限公司上市的函》（宁政函〔2017〕95号）明确，“发行人所属红四煤矿系国家“十二五”煤矿规划项目，自治区人民政府主席办公会议（2009年第9次）按照相关政策将该井田煤矿资源配置给宝丰能源，并取得国家能源局同意开展前期工作的函，自治区人民政府将继续支持企业依法办理项目核准、采矿许可证手续。”", "spo_list": []}
{"text": "2018年末，发行人其他非流动资产较2017年同比增长221.91%，主要原因是2018年发行人为焦炭气化制60万吨/年烯烃项目建设预付的工程设备款和材料款大幅增加，较2017年末增加69,197.47万元；其次，为办理红四煤矿项目核准手续，发行人2018年从产能交易市场购入产能置换指标，共支付价款人民币13,992.49万元。", "spo_list": [{"predicate": "流动比率", "object_type": "日期", "subject_type": "比率", "object": "2018年末", "subject": "221.91%", "subject_index": {"begin": 27, "end": 34}, "object_index": {"begin": 0, "end": 6}}]}
{"text": "2018年，发行人财务费用相比2017年增加2,232.79万元，增幅4.38%，整体变动比例不大。", "spo_list": [{"predicate": "财务费用", "object_type": "金额", "subject_type": "日期", "object": "2,232.79万元", "subject": "2018年", "subject_index": {"begin": 0, "end": 5}, "object_index": {"begin": 22, "end": 32}}]}
{"text": "2016年-2018年，随着发行人聚烯烃产品生产线投入运营以及生产能力不断增加，经营活动现金流量充裕且保持稳定，经营活动现金流入规模较大，增幅基本与主营业务收入保持同步增长。2016年-2018年，经营活动现金流量净额分别为177,219.00万元、301,563.33万元和326,518.76万元。", "spo_list": [{"predicate": "公司经营活动产生的现金流量净额", "object_type": "金额", "subject_type": "日期", "object": "177,219.00万元", "subject": "2016年-2018年", "subject_index": {"begin": 87, "end": 98}, "object_index": {"begin": 112, "end": 124}}, {"predicate": "公司经营活动产生的现金流量净额", "object_type": "金额", "subject_type": "日期", "object": "301,563.33万元", "subject": "2016年-2018年", "subject_index": {"begin": 87, "end": 98}, "object_index": {"begin": 125, "end": 137}}, {"predicate": "公司经营活动产生的现金流量净额", "object_type": "金额", "subject_type": "日期", "object": "326,518.76万元", "subject": "2016年-2018年", "subject_index": {"begin": 87, "end": 98}, "object_index": {"begin": 138, "end": 150}}]}
{"text": "截至2018年12月31日，公司合并口径资产负债率为49.00%。最近三年，发行人息税前利润分别为240,840.58万元、381,141.94万元及472,441.96万元，利息保障倍数分别为4.48、7.51及10.07。公司资产结构符合行业特点，盈利能力和利息保障能力不断提升，资产质量较高，财务指标较好。依托公司目前较高的盈利水平和募集资金，有能力支撑公司募集资金投资项目的顺利实施及后续运营。", "spo_list": [{"predicate": "资产负债率", "object_type": "日期", "subject_type": "比率", "object": "2018年12月31日", "subject": "49.00%", "subject_index": {"begin": 26, "end": 32}, "object_index": {"begin": 2, "end": 13}}]}
{"text": "（1）凯威投资成立于2004年12月30日，由宁夏广源成投资有限公司及自然人苏占东、党彦平、党彦全、任建军共同设立，注册资本5,000万元，其中各股东以货币分别出资1,000万元。2004年12月30日，北京市工商行政管理局核发《企业法人营业执照》（注册号1100001787522）。", "spo_list": [{"predicate": "资本公积", "object_type": "金额", "subject_type": "日期", "object": "1,000万元", "subject": "2004年12月30日", "subject_index": {"begin": 10, "end": 21}, "object_index": {"begin": 82, "end": 89}}]}
{"text": "2007年12月28日，中建华会计师事务所有限责任公司宁夏分所对本次增资进行审验并出具了《验资报告》（中建华（宁）〔验〕字〔2007〕第019号）。根据该验资报告，宝丰有限原注册资本为50,000万元，本次宝丰有限拟增加注册资本62,500万元，变更后公司注册资本为112,500万元。截至2007年12月28日，宝丰有限已收到燕葆建材缴纳的新增注册资本62,500万元，出资形式为马莲台煤矿采矿权出资（注6）。", "spo_list": [{"predicate": "截止日期", "object_type": "日期", "subject_type": "报告", "object": "2007年12月28日", "subject": "《验资报告》", "subject_index": {"begin": 44, "end": 50}, "object_index": {"begin": 145, "end": 156}}]}
{"text": "2013年12月25日，中和评估对宝丰能源拟增资扩股所涉及的股东全部权益出具了《宁夏宝丰能源集团股份有限公司拟增资扩股所涉及的股东全部权益价值项目资产评估报告》（中和评报字〔2013〕第YCV1131号）。根据该评估报告，于评估基准日2013年11月30日，宝丰能源总资产评估价值为2,104,034.86万元，总负债评估价值为1,578,122.36万元，股东权益评估价值为525,912.50万元。", "spo_list": [{"predicate": "股东权益评估值", "object_type": "金额", "subject_type": "日期", "object": "525,912.50万元", "subject": "日2013年11月30日", "subject_index": {"begin": 116, "end": 128}, "object_index": {"begin": 188, "end": 200}}]}
{"text": "2017年6月21日，宝丰能源与党增秀签署的《股权转让协议》约定：党增秀向宝丰能源转让其持有的峰达化工5%股权，根据资产评估结果确认党增秀所持峰达化工5%的股权于2016年12月31日经评估的资产净评估值为人民币2,152.00万元，2017年6月19日，党增秀实缴出资人民币130.71万元，双方同意转让价款为2,282.71万元。", "spo_list": [{"predicate": "净资产评估值", "object_type": "金额", "subject_type": "日期", "object": "2,152.00万元", "subject": "2016年12月31日", "subject_index": {"begin": 81, "end": 92}, "object_index": {"begin": 106, "end": 116}}]}
{"text": "2009年7月28日，中建华会计师事务所有限责任公司宁夏分所对宝丰商服设立时的股东出资情况进行审验并出具了《验资报告》（中建华〔宁〕〔验〕字〔2009〕第015号）。根据该验资报告记载，截至2009年7月28日，宝丰商服已收到股东宝丰有限缴纳的注册资本合计1,000万元，全部以货币出资。", "spo_list": [{"predicate": "截止日期", "object_type": "日期", "subject_type": "报告", "object": "2009年7月28日", "subject": "《验资报告》", "subject_index": {"begin": 53, "end": 59}, "object_index": {"begin": 95, "end": 105}}]}
{"text": "2017年6月21日，宝丰能源与党增秀签署的《股权转让协议》约定：党增秀向宝丰能源转让其持有的峰达化工5%股权，根据资产评估结果确认党增秀所持峰达化工5%的股权于2016年12月31日经评估的资产净评估值为人民币2,152.00万元，2017年6月19日，党增秀实缴出资人民币130.71万元，双方同意转让价款为2,282.71万元。", "spo_list": [{"predicate": "净资产评估值", "object_type": "金额", "subject_type": "日期", "object": "2,152.00万元", "subject": "2016年12月31日", "subject_index": {"begin": 81, "end": 92}, "object_index": {"begin": 106, "end": 116}}]}
{"text": "近年来，现代煤化工虽然受到低油价冲击和日趋严格的环保法规影响，但随着技术进步和产业成熟度的提高，市场竞争力有所增强。在国家政策的引导下，现代煤化工示范工程在提高中前进，2016年产能利用率大幅提高。根据中国石油和化学工业联合会《2017年度石化行业产能预警报告》，截至2016年底，我国煤制油年产能达到738万吨，年产量198万吨，产能利用率58.6%（不含新增产能）；煤制乙二醇年产能达到250万吨，年产量100万吨，产能利用率40%；煤制天然气年产能达到31亿立方米，年产量21.6亿立方米，产能利用率69.6%。根据《2018年度石化行业产能预警报告》，2017年，煤化工行业受市场利好拉动，产能进一步增加，产量大幅提升。截至2017年底，煤制油新增产能228万吨/年，产量较上年增加167.9万吨；煤制乙二醇新增产能20万吨/年，产量较上年增加54.2万吨；煤制天然气新增产能20亿立方米/年，产量较上年增加5.21亿立方米。", "spo_list": [{"predicate": "截止日期", "object_type": "日期", "subject_type": "报告", "object": "2016年", "subject": "《2017年度石化行业产能预警报告》", "subject_index": {"begin": 113, "end": 131}, "object_index": {"begin": 134, "end": 139}}, {"predicate": "截止日期", "object_type": "日期", "subject_type": "报告", "object": "2017年", "subject": "《2018年度石化行业产能预警报告》", "subject_index": {"begin": 261, "end": 279}, "object_index": {"begin": 316, "end": 321}}]}
{"text": "2017年2月，宁夏煤矿安全监察局银南监察分局出具《行政处罚决定书》（银南煤安监罚字〔2017〕第（1006）号），就公司丁家梁煤矿主要通风机停运、采用自然通风，未严格执行瓦斯检查制度，井下安全监测监控传感器全部拆除，调度室无人值班事宜，责令改正并处以罚款3万元。处罚下达后，公司已足额缴纳了罚款。", "spo_list": [{"predicate": "罚款", "object_type": "金额", "subject_type": "日期", "object": "3万元", "subject": "2017年2月", "subject_index": {"begin": 0, "end": 7}, "object_index": {"begin": 128, "end": 131}}]}
{"text": "2017年11月8日，宁夏煤矿安全监察局银南监察分局出具《行政处罚决定书》（宁煤安监银南罚〔2017〕（1035）号），就马莲台煤矿矿井未设置地测防治水部门，拒不执行《国家煤矿安全监察现场处理决定书》中的监察令，给予警告并处以罚款2.5万元；采掘工程平面图中未反映9煤层历史采掘情况，拒不执行《国家煤矿安全监察现场处理决定书》中的监察令，给与警告并处以罚款2.5万", "spo_list": [{"predicate": "罚款", "object_type": "金额", "subject_type": "日期", "object": "2.5万元", "subject": "2017年11月8日", "subject_index": {"begin": 0, "end": 10}, "object_index": {"begin": 115, "end": 120}}, {"predicate": "罚款", "object_type": "金额", "subject_type": "日期", "object": "2.5万", "subject": "2017年11月8日", "subject_index": {"begin": 0, "end": 10}, "object_index": {"begin": 178, "end": 182}}]}
{"text": "2018年8月1日，宁夏煤矿安全监察局银北监察分局出具《行政处罚决定书》（宁煤安监银北罚〔2018〕（2030）号），针对四股泉煤矿二号矿井以下问题，给予警告，并处罚款共计21.7万元。", "spo_list": [{"predicate": "罚款", "object_type": "金额", "subject_type": "日期", "object": "21.7万元", "subject": "2018年8月1日", "subject_index": {"begin": 0, "end": 9}, "object_index": {"begin": 86, "end": 92}}]}
{"text": "1）对于煤矿7月25日早班架空乘人器司机、入井检查人员为同一人，未实现专人专岗；矿井只配备三名架空乘人器司机，每人每班工作12小时的问题，依据《安全生产违法行为行政处罚办法》第45条的规定，罚款2.9万元。", "spo_list": [{"predicate": "罚款", "object_type": "金额", "subject_type": "日期", "object": "2.9万元", "subject": "7月25日", "subject_index": {"begin": 6, "end": 11}, "object_index": {"begin": 97, "end": 102}}]}
{"text": "（6）2017年5月，宁夏回族自治区宁东能源化工基地管委会环境保护局出具《行政处罚决定书》（宁东环罚字〔2017〕7号），就公司焦化项目烟囱废气排放超标，根据《大气污染防治法》第99条的规定，处以10万元罚款。", "spo_list": [{"predicate": "罚款", "object_type": "金额", "subject_type": "日期", "object": "10万元", "subject": "2017年5月", "subject_index": {"begin": 3, "end": 10}, "object_index": {"begin": 98, "end": 102}}]}
{"text": "本次转让价款以红四煤业持有的生态牧场的10%股权于2015年12月31日的账面价值确定。根据立信会计师事务所（特殊普通合伙）出具的《宁夏宝丰集团红四煤业有限公司2015年度审计报告》（信会师报字[2016]750465号），截至2015年12月31日，红四煤业持有生态牧场10%的股权，账面余额为100万元，计提减值准备26.43万元，账面价值73.57万元。", "spo_list": [{"predicate": "截止日期", "object_type": "日期", "subject_type": "报告", "object": "2015年12月31日", "subject": "《宁夏宝丰集团红四煤业有限公司2015年度审计报告》", "subject_index": {"begin": 65, "end": 91}, "object_index": {"begin": 114, "end": 125}}]}
{"text": "18、黄余东先生，甲醇厂副厂长，1982年11月生，中国国籍，无境外永久居留权，专科学历，助理工程师。2000年至2004年就读于西安科技大学计算机技术与应用专业。2002年至2007年历任宁夏宝塔灵州石化有限公司生产科调度员、调度长；2007年至2010年任宁夏宝丰能源催化有限公司生产科副科长；2010年至2018年历任发行人苯加氢焦油加工厂科长、厂长助理、副厂长，精细化工公司副总经理，苯加氢厂厂长；2018年8月起任发行人甲醇厂副厂长。", "spo_list": [{"predicate": "大专", "object_type": "学历", "subject_type": "人物", "object": "专科学历", "subject": "黄余东", "subject_index": {"begin": 3, "end": 6}, "object_index": {"begin": 40, "end": 44}}]}
{"text": "21、薛强先生，检验中心主任，1963年2月生，中国国籍，无境外永久居留权，专科学历。2001年至2004年就读于解放军国际关系学院国际关系专业。1984年至1999年历任扬子石化烯烃厂分析工、分析班长、分析工段长；1999年至2004年任扬子公司中心实验室分析工段长、技术员；2004年至2014年任扬子巴斯夫公司中心实验室主管；2014年至今任发行人检验中心主任。", "spo_list": [{"predicate": "大专", "object_type": "学历", "subject_type": "人物", "object": "专科学历", "subject": "薛强", "subject_index": {"begin": 3, "end": 5}, "object_index": {"begin": 38, "end": 42}}]}
{"text": "截至2018年12月31日，发行人的无形资产账面价值为124,693.49万元，具体构成情况如下：", "spo_list": [{"predicate": "无形资产", "object_type": "金额", "subject_type": "日期", "object": "124,693.49万元", "subject": "2018年12月31日", "subject_index": {"begin": 2, "end": 13}, "object_index": {"begin": 27, "end": 39}}]}
{"text": "截至2018年12月31日，发行人的存货账面价值为50,734.76万元，具体构成情况如下：", "spo_list": [{"predicate": "存货", "object_type": "金额", "subject_type": "日期", "object": "50,734.76万元", "subject": "2018年12月31日", "subject_index": {"begin": 2, "end": 13}, "object_index": {"begin": 25, "end": 36}}]}
{"text": "截至2018年12月31日，发行人一年内到期的非流动负债219,401.67万元，具体情况如", "spo_list": [{"predicate": "非流动负债", "object_type": "金额", "subject_type": "日期", "object": "219,401.67万元", "subject": "2018年12月31日", "subject_index": {"begin": 2, "end": 13}, "object_index": {"begin": 28, "end": 40}}]}
{"text": "2018年末，发行人的应收票据余额为15,196.07万元，相比2017年末减少了29,581.68万元，主要原因为2018年焦炭市场相对有利于卖方，公司提高了收取票据的标准，减少了对综合评级较低的银行开具的承兑票据的收取量，年末未终止确认的已背书转让的应收票据大幅减少。", "spo_list": [{"predicate": "应收票据", "object_type": "金额", "subject_type": "日期", "object": "29,581.68万元", "subject": "2017年末", "subject_index": {"begin": 32, "end": 38}, "object_index": {"begin": 41, "end": 52}}, {"predicate": "应收票据", "object_type": "金额", "subject_type": "日期", "object": "15,196.07万元", "subject": "2018年末", "subject_index": {"begin": 0, "end": 6}, "object_index": {"begin": 18, "end": 29}}]}
{"text": "2016年末，发行人对第三方代垫款项及借出款项余额较高，主要原因是新增了发行人应收宁夏宁东开发投资有限公司的马儿庄勘察区勘探工作支出7,838.00万元。宁夏回族自治区审计厅专项审计调查报告（宁审经责（2016）2号）对勘探费用支出进行了审计认定，金额为9,349.84万元，其中马儿庄勘探费用7,838.00万元，其余为工程管理费用。2016年12月，宁夏自治区政府召开自治区资源管理委员会2016年第1次会议，根据会议精神，马儿庄勘查区探矿权应由宁夏宁东开发投资有限公司持有。宁夏回族自治区宁东能源化工基地管理委员会下发文件（宁东管发〔2017〕105号），建议发行人协助宁夏宁东开发投资有限公司办理探矿权，宁夏宁东开发投资有限公司支付发行人勘探费用。2017年，发行人判断对于马儿庄探矿支出无法收回，故于2017年末按照会计政策全额计提坏账7,838.00万元。", "spo_list": [{"predicate": "坏账准备", "object_type": "金额", "subject_type": "日期", "object": "7,838.00万元", "subject": "2017年末", "subject_index": {"begin": 355, "end": 361}, "object_index": {"begin": 373, "end": 383}}]}
{"text": "2018年末库存商品较2017年末减少了1,550.60万元，主要是由于2018年焦炭销售情况较好，年末焦炭库存减少所致。", "spo_list": [{"predicate": "存货", "object_type": "金额", "subject_type": "日期", "object": "1,550.60万元", "subject": "2018年末", "subject_index": {"begin": 0, "end": 6}, "object_index": {"begin": 20, "end": 30}}]}
{"text": "2017年职工薪酬的计提金额较2016年同期增加7,416万元，增幅7.94%。主要是由于宝丰能源焦炭气化制烯烃项目、马莲台煤矿安全技术改造项目相继开工建设，宝丰能源增加了员工的储备，整体员工人数相比上年同期增加了25.04%，主要增加的是生产人员和技术人员；人均月薪水平相比上年同期保持了小幅的增长，增幅1.78%。由于新入职员工平均工资水平较低，职工薪酬总额的增长幅度低于员工人数的增长幅度。", "spo_list": [{"predicate": "应付职工薪酬", "object_type": "金额", "subject_type": "日期", "object": "7,416万元", "subject": "2017年", "subject_index": {"begin": 0, "end": 5}, "object_index": {"begin": 24, "end": 31}}]}
{"text": "2018年末，发行人长期借款较2017年末增加了33,412万元，主要原因是发行人在建工程投资规模增加，项目借款相应增加。", "spo_list": [{"predicate": "长期借款", "object_type": "金额", "subject_type": "日期", "object": "33,412万元", "subject": "2018年末", "subject_index": {"begin": 0, "end": 6}, "object_index": {"begin": 24, "end": 32}}]}
{"text": "如上表所示，2017年发行人通过受托支付取得银行借款的金额为122,000.00万元，2018年发行人通过受托支付取得银行借款的金额为165,470.00万元，均为结算采购货款，不存在通过受托支付周转银行贷款的情形。2016年发行人通过受托支付取得银行贷款的金额为326,000.00万元，通过受托支付周转银行贷款融资金额为316,264.74万元，其中，通过关联方周转银行贷款融资，融资金额为175,500.00万元。除此之外，其余均为通过受托支付结算采购款项。", "spo_list": [{"predicate": "长期借款", "object_type": "金额", "subject_type": "日期", "object": "122,000.00万元", "subject": "2017年", "subject_index": {"begin": 6, "end": 11}, "object_index": {"begin": 30, "end": 42}}, {"predicate": "长期借款", "object_type": "金额", "subject_type": "日期", "object": "326,000.00万元", "subject": "2016年", "subject_index": {"begin": 108, "end": 113}, "object_index": {"begin": 132, "end": 144}}, {"predicate": "长期借款", "object_type": "金额", "subject_type": "日期", "object": "165,470.00万元", "subject": "2018年", "subject_index": {"begin": 43, "end": 48}, "object_index": {"begin": 67, "end": 79}}]}
{"text": "2017年，在销售收入增长、工资总额增加的情况下，销售人员的平均工资较2016年下降13%，主要原因是2017年末供销中心新增销售人员约26人，该部分人员为供销中心为铁路运输储备的物流人员，其年均工资仅为5.04万元，远低于其他销售人员的平均工资水平，因此拉低了销售人员2017年的人均工资水平。剔除新招聘的销售人员，其余人员2017年平均薪酬约为15.57万元，较2016年同比上涨3%", "spo_list": [{"predicate": "应付职工薪酬", "object_type": "金额", "subject_type": "日期", "object": "5.04万元", "subject": "2017年", "subject_index": {"begin": 0, "end": 5}, "object_index": {"begin": 102, "end": 108}}, {"predicate": "应付职工薪酬", "object_type": "金额", "subject_type": "日期", "object": "15.57万元", "subject": "2017年", "subject_index": {"begin": 163, "end": 168}, "object_index": {"begin": 174, "end": 181}}]}
{"text": "2016年及2017年，归入其他类别的财务费用分别为1,457.53万元和3,197.04万元，增长较快。2017年度增长较快主要原因是马莲台采矿权款延期缴纳产生资金占用费2,856.79万元，延期缴纳已经获得主管部门批复，宁夏回族自治区财政厅、宁夏国土厅2017年4月5日联合下发《关于缓缴马莲台煤矿二期接续区2016年度采矿权价款的批复》（宁财（综）发〔2017〕213号），同意发行人缓缴马莲台煤矿二期接续区2016年度采矿权价款，缓缴期间承担相应资金占用费。", "spo_list": [{"predicate": "财务费用", "object_type": "金额", "subject_type": "日期", "object": "3,197.04万元", "subject": "2017年", "subject_index": {"begin": 6, "end": 11}, "object_index": {"begin": 37, "end": 47}}, {"predicate": "财务费用", "object_type": "金额", "subject_type": "日期", "object": "1,457.53万元", "subject": "2016年", "subject_index": {"begin": 0, "end": 5}, "object_index": {"begin": 26, "end": 36}}]}
{"text": "（1）经营活动现金流入：发行人2018年经营活动现金流入同比下降28,002.06万元，主要原因为改质沥青、蒽油等精细化工产品的部分销售改以票据结算，从而导致销售商品收到的现金下降；", "spo_list": [{"predicate": "公司经营活动产生的现金流量净额", "object_type": "金额", "subject_type": "日期", "object": "28,002.06万元", "subject": "2018年", "subject_index": {"begin": 15, "end": 20}, "object_index": {"begin": 32, "end": 43}}]}
{"text": "报告期内，发行人投资活动现金流量净额分别为-130,381.94万元、195,618.73万元和-170,812.21万元。2016-2017年，投资活动现金流量净额逐渐增加，与发行人焦化废气综合利用制烯烃项目基本完工、购建固定资产等投资支出逐渐减少的趋势一致。此外，发行人与关联方的资金拆借计入投资活动现金流量中，2017年发行人逐渐停止对关联方出借资金，并收回关联方欠款，使投资活动现金流量净额进一步增加。2018年，发行人投资活动现金流量净额减少，主要原因为2018年发行人焦炭气化制烯烃项目的工程建设产生较大资本性支出，导致购建固定资产、无形资产和其他长期资产所支付的现金大幅增加；此外，由于自2017年6月起发行人不再发生关联方资金往来，导致收到和支付的其他投资活动相关现金均大幅下降，相关现金的流入减少大于支出减少，因此进一步降低了投资活动产生的现金流量净额", "spo_list": [{"predicate": "公司投资活动产生的现金流量净额", "object_type": "金额", "subject_type": "日期", "object": "-170,812.21万元", "subject": "2016-2017年", "subject_index": {"begin": 62, "end": 72}, "object_index": {"begin": 48, "end": 61}}, {"predicate": "公司投资活动产生的现金流量净额", "object_type": "金额", "subject_type": "日期", "object": "195,618.73万元", "subject": "2016-2017年", "subject_index": {"begin": 62, "end": 72}, "object_index": {"begin": 35, "end": 47}}, {"predicate": "公司投资活动产生的现金流量净额", "object_type": "金额", "subject_type": "日期", "object": "-130,381.94万元", "subject": "2016-2017年", "subject_index": {"begin": 62, "end": 72}, "object_index": {"begin": 21, "end": 34}}]}
