{"text": "本公司2002年用于研究开发项目的投入费用为701.96万元，同期主营业务收入为21,936.15万元，研发费用占主营业务收入比例为：3.20%。", "spo_list": [{"predicate": "研发费用", "object_type": "金额", "subject_type": "日期", "object": "701.96万元", "subject": "2002年", "subject_index": {"begin": 3, "end": 8}, "object_index": {"begin": 22, "end": 30}}]}
{"text": "2001年8月24日，出租人原国营华北光学仪器厂取得房屋租赁许可证，北方天鸟从2001年9月1日开始交纳房屋土地租金，2001年9-12月，北方天鸟已向华北光学支付土地和房屋租金993,331.25元，2001年1-12月，北方天鸟的管理费用为19,631,127.08元，因此，北方天鸟房屋土地租金占同类业务的比例为5.06%。", "spo_list": [{"predicate": "管理费用", "object_type": "金额", "subject_type": "日期", "object": "19,631,127.08元", "subject": "2001年1-12月", "subject_index": {"begin": 101, "end": 111}, "object_index": {"begin": 122, "end": 136}}]}
{"text": "2002年12月31日预付账款余额较期初余额减少1,743,939.27元。", "spo_list": [{"predicate": "预付款项", "object_type": "金额", "subject_type": "日期", "object": "1,743,939.27元", "subject": "2002年12月31日", "subject_index": {"begin": 0, "end": 11}, "object_index": {"begin": 24, "end": 37}}]}
{"text": "截止2002年12月31日，公司流动负债中占比例较高的项目有：短期借款3,238万元，占流动负债的38.82%；应付账款2,308.86万元,占27.68%；其他应付款609.09万元,占7.30%。", "spo_list": [{"predicate": "应付账款", "object_type": "金额", "subject_type": "日期", "object": "2,308.86万元", "subject": "2002年12月31日", "subject_index": {"begin": 2, "end": 13}, "object_index": {"begin": 60, "end": 70}}, {"predicate": "其他应付款", "object_type": "金额", "subject_type": "日期", "object": "609.09万元", "subject": "2002年12月31日", "subject_index": {"begin": 2, "end": 13}, "object_index": {"begin": 84, "end": 92}}]}
{"text": "截止2002年12月31日，本公司长期借款总额为4400万元。见下表", "spo_list": [{"predicate": "长期借款", "object_type": "金额", "subject_type": "日期", "object": "4400万元", "subject": "2002年12月31日", "subject_index": {"begin": 2, "end": 13}, "object_index": {"begin": 24, "end": 30}}]}
{"text": "2002年12月31日专项应付款13,440,000.00元，是根据原国家经贸委国经贸投资[1999]886号文、国经贸投资[2000]385号、国经贸投资[2000]656号文的通知，由财政部门划拨给本公司的国债专项资金国家重点技术改造项目资金。待技术改造项目完成验收后，结转计入资本公积。", "spo_list": [{"predicate": "应付账款", "object_type": "金额", "subject_type": "日期", "object": "13,440,000.00元", "subject": "2002年12月31日", "subject_index": {"begin": 0, "end": 11}, "object_index": {"begin": 16, "end": 30}}]}
{"text": "2002年筹资活动产生的现金净流量为-1,606.78万元，系公司偿还债务和支付利息所致。", "spo_list": [{"predicate": "公司筹资活动产生的现金流量净额", "object_type": "金额", "subject_type": "日期", "object": "-1,606.78万元", "subject": "2002年", "subject_index": {"begin": 0, "end": 5}, "object_index": {"begin": 18, "end": 29}}]}
{"text": "截止2002年12月31日，本公司流动比率2.25,速动比率1.53。公司一方面具有稳定的经营现金净流入，另一面资产负债结构较为合理,资产变现能力较强，因此具有较强的偿债能力。", "spo_list": []}
{"text": "本公司于2001年6月20日召开2000年年度股东大会，审议通过了2000年度利润分配方案：公司2000年成立以来实现的税后净利润5,605,060.94元，按10%提取法定盈余公积金560,506.09元，按10%提取法定公益金560,506.09元，可供股东分配的利润为4,484,048.76元；以2000年底股本总额50,000,000股为基数，每10股派发现金红利0.20元，共派发现金红利1,000,000元，占可供股东分配利润的22.3%；尚余3,484,048.76元未分配利润结转2001年度。", "spo_list": [{"predicate": "盈余公积", "object_type": "金额", "subject_type": "日期", "object": "560,506.09元", "subject": "2001年6月20日", "subject_index": {"begin": 4, "end": 14}, "object_index": {"begin": 92, "end": 103}}]}
{"text": "受本公司筹委会委托，2000年8月7日，原中庆会计师事务所有限责任公司对截止2000年8月7日由五家发起人申请投入股份公司注册资本的真实性和合法性进行了审验，并出具中庆2000（验）字第256号验资报告，报告确认：截止2000年8月7日，北方天鸟已收到原国营华北光学仪器厂、深圳市盈宁科技有限公司、北方光电工贸有限公司、北京励科鸣科技发展中心和温州经济技术开发区大田线带有限公司投入的资本人民币72,383,248.73元，其中股本人民币50,000,000.00元，资本公积人民币22,383,248.73元。北方天鸟设立时各股东投入资本全部到位。", "spo_list": [{"predicate": "截止日期", "object_type": "日期", "subject_type": "报告", "object": "2000年8月7日", "subject": "中庆2000（验）字第256号验资报告", "subject_index": {"begin": 82, "end": 101}, "object_index": {"begin": 109, "end": 118}}]}
{"text": "根据北京中企华资产评估有限责任公司出具的中企华评报字（2000）第067号资产评估报告书，原国营华北光学仪器厂将评估后的总资产15,102.95万元，负债9,089.63万元，净资产6,013.32万元投入北方天鸟；原中庆会计师事务所有限责任公司出具的中庆2000（验）字第256号验资报告确认：截至2000年8月7日止，各发起人股东投入的资本全部到位。", "spo_list": [{"predicate": "截止日期", "object_type": "日期", "subject_type": "报告", "object": "2000年8月7日", "subject": "中庆2000（验）字第256号验资报告", "subject_index": {"begin": 126, "end": 145}, "object_index": {"begin": 150, "end": 159}}]}
{"text": "2001年1—12月本公司委托华北光学加工零件，支付加工费2,235,932.65元。同期，公司的采购成本为10,865.23万元，因此，2001年本公司委托加工零件占同类业务的比例为2.06%。", "spo_list": [{"predicate": "财务费用", "object_type": "金额", "subject_type": "日期", "object": "10,865.23万元", "subject": "2001年1—12月", "subject_index": {"begin": 0, "end": 10}, "object_index": {"begin": 54, "end": 65}}]}
{"text": "B、公司2000年随着产品销量大幅增加，主营业务成本增加4,537万元。但同时公司通过采取加强外协、外购的管理，推行比质比价采购等一系列有效的降本措施，又使得单位成本较上年下降0.64万元/台，总计使主营业务成本较降本前少增长1,264万元。", "spo_list": [{"predicate": "主营业务成本", "object_type": "金额", "subject_type": "日期", "object": "4,537万元", "subject": "2000年", "subject_index": {"begin": 4, "end": 9}, "object_index": {"begin": 28, "end": 35}}]}
{"text": "2001年公司财务费用较去年同期增加2,687,662.52元，增幅152.47%，主要原因是2001年公司按《企业会计准则－借款费用》的有关规定，对当期发生的长期借款利息进行划分，借款费用资本化率为6.03%，确认当期利息资本化金额543,985.27元，其余利息2,772,514.72元计入当期财务费用。", "spo_list": [{"predicate": "财务费用", "object_type": "金额", "subject_type": "日期", "object": "2,687,662.52元", "subject": "2001年", "subject_index": {"begin": 0, "end": 5}, "object_index": {"begin": 18, "end": 31}}]}
{"text": "公司2002年末存货余额为5,135.68万元，较年初增加718.72万元，增加幅度为16.28%，主要原因如下：公司产品科技含量较高、工艺复杂、生产周期长，而且用户一般为私营企业和个体工商户，他们要求供货的时间要及时、迅速。随着销售量的增大，为保证业务的平稳连续，存货有所增加是必要的，且余额并未超出公司的可控范围。", "spo_list": [{"predicate": "存货", "object_type": "金额", "subject_type": "日期", "object": "5,135.68万元", "subject": "2002年", "subject_index": {"begin": 2, "end": 7}, "object_index": {"begin": 13, "end": 23}}]}
{"text": "除上表所列固定资产外,截止2002年12月31日本公司还拥有在建工程21.11万元。", "spo_list": [{"predicate": "在建工程账面价值", "object_type": "金额", "subject_type": "日期", "object": "21.11万元", "subject": "2002年12月31日", "subject_index": {"begin": 13, "end": 24}, "object_index": {"begin": 34, "end": 41}}]}
{"text": "有形资产净值=总资产-无形资产-待摊费用-长期待摊费用。根据以上公式计算，截止2002年12月31日，本公司有形资产净值为25,044.57万元，占总资产的95.53%。", "spo_list": []}
{"text": "截止2002年12月31日，公司负债合计14,084.98万元，其中流动负债8,340.98万元,占59.22%；长期借款4,400万元,占31.24%,专项应付款1,344万元，占9.54%", "spo_list": [{"predicate": "流动负债", "object_type": "金额", "subject_type": "日期", "object": "8,340.98万元", "subject": "2002年12月31日", "subject_index": {"begin": 2, "end": 13}, "object_index": {"begin": 38, "end": 48}}, {"predicate": "流动比率", "object_type": "日期", "subject_type": "比率", "object": "2002年12月31日", "subject": "59.22%", "subject_index": {"begin": 50, "end": 56}, "object_index": {"begin": 2, "end": 13}}, {"predicate": "长期借款", "object_type": "金额", "subject_type": "日期", "object": "4,400万元", "subject": "2002年12月31日", "subject_index": {"begin": 2, "end": 13}, "object_index": {"begin": 61, "end": 68}}]}
{"text": "3.其他应付款：截止2002年12月31日其他应付款余额609.09万元，较期初增加206.80万元，增幅51.41%，主要原因是公司实行代收代付用户运费，2002年末尚未支付的运费增加。", "spo_list": [{"predicate": "应付账款", "object_type": "金额", "subject_type": "日期", "object": "609.09万元", "subject": "2002年12月31日", "subject_index": {"begin": 10, "end": 21}, "object_index": {"begin": 28, "end": 36}}]}
{"text": "2002年12月31日长期借款余额主要为电脑刺绣机生产线改造借入资金。该笔借款总金额为5600万元，实行分期还本，其中有200万元于2001年6月还款；1000万元于2002年12月还款。华北光学为本公司提供贷款担保", "spo_list": [{"predicate": "长期借款", "object_type": "金额", "subject_type": "日期", "object": "5600万元", "subject": "2002年12月31日", "subject_index": {"begin": 0, "end": 11}, "object_index": {"begin": 43, "end": 49}}]}
{"text": "本公司改制设立时，中庆会计师事务所有限责任公司接受委托，按照国家有关法律、法规和<<独立审计实务公告第1号－验资>>的要求，实施了必要的审验程序，对截至2000年8月7日止所有发起人投入股份公司注册资本的真实性和合法性进行了验证，并出具了中庆2000（验）字第256号验资报告。根据审验，截止2000年8月7日，本公司（筹）已收到股东投入的资本7,238.32万元,其中股本5,000万元,资本公积2,238.32万元。", "spo_list": [{"predicate": "截止日期", "object_type": "日期", "subject_type": "报告", "object": "2000年8月7日", "subject": "中庆2000（验）字第256号验资报告", "subject_index": {"begin": 119, "end": 138}, "object_index": {"begin": 146, "end": 155}}]}
{"text": "2002年公司经营活动净现金流入3,728.79万元，比上年有较大幅度的增长，主要得益于公司业务规模不断扩大、销售收入大幅上升以及管理水平的进一步提高。", "spo_list": [{"predicate": "公司经营活动产生的现金流量净额", "object_type": "金额", "subject_type": "日期", "object": "3,728.79万元", "subject": "2002年", "subject_index": {"begin": 0, "end": 5}, "object_index": {"begin": 16, "end": 26}}]}
{"text": "本次募股资金的成功运用将大大改善本公司的财务结构和经营状况，提高本公司的综合竞争能力。本次发行募集资金到位后，如不考虑公司2003年盈利状况和负债因素，公司净资产将增加36,864万元，资产负债率将由2002年的52.93%，每股净资产将增加至5.44元，这大大降低了公司的资产负债率，为公司今后充分利用财务杠杆效应提高资金使用效率，提升经营绩效奠定了坚实的基础。本次公开发行股票为公司深化和升华主营业务，改变产品过于单一的状况，积极培育公司新的利润增长点提供了雄厚的资本支持。但是还应该看到，由于公司募股资金投资项目大都处于初建阶段，当年不能产生收益，因此在净资产大幅度增加的情况下，公司发行当年全面摊薄后的净资产收益率将会出现大幅度下滑。", "spo_list": [{"predicate": "每股净资产", "object_type": "金额", "subject_type": "日期", "object": "5.44元", "subject": "2003年", "subject_index": {"begin": 61, "end": 66}, "object_index": {"begin": 122, "end": 127}}, {"predicate": "资产负债率", "object_type": "日期", "subject_type": "比率", "object": "2002年", "subject": "52.93%", "subject_index": {"begin": 106, "end": 112}, "object_index": {"begin": 100, "end": 105}}]}
{"text": "2002年1-12月,本公司委托华北光学加工零件，支付加工费176.72万元，同期，公司的采购成本为10,935.98万元，因此，2002年1-12月本公司委托加工零件占同类业务的比例为1.61%。", "spo_list": [{"predicate": "财务费用", "object_type": "金额", "subject_type": "日期", "object": "10,935.98万元", "subject": "2002年1-12月", "subject_index": {"begin": 0, "end": 10}, "object_index": {"begin": 50, "end": 61}}]}
{"text": "2002年本公司承担房屋租金2,383,995.00元，2002年北方天鸟的管理费用为20,871,781.35元，因此，北方天鸟房屋土地租金占同类业务的比例为11.42%。", "spo_list": [{"predicate": "其他成本", "object_type": "金额", "subject_type": "日期", "object": "2,383,995.00元", "subject": "2002年", "subject_index": {"begin": 0, "end": 5}, "object_index": {"begin": 14, "end": 27}}, {"predicate": "管理费用", "object_type": "金额", "subject_type": "日期", "object": "20,871,781.35元", "subject": "2002年", "subject_index": {"begin": 28, "end": 33}, "object_index": {"begin": 43, "end": 57}}]}
{"text": "2001年公司管理费用19,631,127.08元，较去年同期增加10,173,748.96元，主要原因一是当期因新增深圳分公司、天津分公司(原作为车间核算)及温州子公司,增加管理费用6,369,989.42元；二是本期新增房屋、班车等租赁费1,267,712.95元因会计政策变更增加摊销开办费513,333.33元；三是本期公司因实现部分绣花机电脑配置的自主生产而增加科研开发费用3,355,551.01元。", "spo_list": [{"predicate": "管理费用", "object_type": "金额", "subject_type": "日期", "object": "19,631,127.08元", "subject": "2001年", "subject_index": {"begin": 0, "end": 5}, "object_index": {"begin": 11, "end": 25}}, {"predicate": "管理费用", "object_type": "金额", "subject_type": "日期", "object": "10,173,748.96元", "subject": "2001年", "subject_index": {"begin": 0, "end": 5}, "object_index": {"begin": 33, "end": 47}}, {"predicate": "管理费用", "object_type": "金额", "subject_type": "日期", "object": "6,369,989.42元", "subject": "2001年", "subject_index": {"begin": 0, "end": 5}, "object_index": {"begin": 92, "end": 105}}, {"predicate": "研发费用", "object_type": "金额", "subject_type": "日期", "object": "355,551.01元", "subject": "2001年", "subject_index": {"begin": 0, "end": 5}, "object_index": {"begin": 194, "end": 205}}]}
{"text": "2.应付账款:截止2002年12月31日，公司应付账款2,308.86万元，比期初余额增加129.12万元,增幅5.92%,主要原因是充分利用供货商提供的信用，加大了赊购比例。应付账款主要情况列示如下：", "spo_list": [{"predicate": "应付账款", "object_type": "金额", "subject_type": "日期", "object": "2,308.86万元", "subject": "2002年12月31日", "subject_index": {"begin": 9, "end": 20}, "object_index": {"begin": 27, "end": 37}}, {"predicate": "应付账款", "object_type": "金额", "subject_type": "日期", "object": "129.12万元", "subject": "2002年12月31日", "subject_index": {"begin": 9, "end": 20}, "object_index": {"begin": 45, "end": 53}}]}
{"text": "公司2002年投资活动产生的现金净流量为-865.41万元，主要系北京本部、天津分公司购置房屋、设备等原因所致", "spo_list": [{"predicate": "公司投资活动产生的现金流量净额", "object_type": "金额", "subject_type": "日期", "object": "-865.41万元", "subject": "2002年", "subject_index": {"begin": 2, "end": 7}, "object_index": {"begin": 20, "end": 29}}]}
{"text": "本公司2000年、2001年、2002年的资产负债率分别为53.73%、57.15%、59.24%，负债结构较为合理。流动比率分别为2.36、2.49、2.25，流动资产与负债比例合理，不存在短期资金长期占用的现象。公司目前的股权结构适合公司现有业务发展的要求，发行社会公众流通股后，股权结构将进一步得到优化，公司的治理结构和经营管理水平将进一步提高。", "spo_list": [{"predicate": "流动比率", "object_type": "日期", "subject_type": "比率", "object": "2002年", "subject": "2.25", "subject_index": {"begin": 76, "end": 80}, "object_index": {"begin": 15, "end": 20}}, {"predicate": "流动比率", "object_type": "日期", "subject_type": "比率", "object": "2001年", "subject": "2.49", "subject_index": {"begin": 71, "end": 75}, "object_index": {"begin": 9, "end": 14}}, {"predicate": "流动比率", "object_type": "日期", "subject_type": "比率", "object": "2000年", "subject": "2.36", "subject_index": {"begin": 66, "end": 70}, "object_index": {"begin": 3, "end": 8}}]}
